game_id,date,team_id,opp_team_id,avg_first_downs,avg_total_yds,avg_pass_yds,avg_rush_yds,avg_TO,avg_opp_first_downs,avg_opp_total_yds,avg_opp_pass_yds,avg_opp_rush_yds,avg_opp_TO
931995ATL,September 3,CAR,ATL,,,,,,,,,,
9101995BUF,September 10,CAR,BUF,,,,,,,,,,
9171995CAR,September 17,CAR,RAM,,,,,,,,,,
1011995CAR,October 1,CAR,TAM,,,,,,,,,,
1081995CHI,October 8,CAR,CHI,,,,,,,,,,
10151995CAR,October 15,CAR,NYJ,,,,,,,,,,
10221995CAR,October 22,CAR,NOR,,,,,,,,,,
10291995NWE,October 29,CAR,NWE,,,,,,,,,,
1151995SFO,November 5,CAR,SFO,,,,,,,,,,
11121995RAM,November 12,CAR,RAM,,,,,,,,,,
11191995CAR,November 19,CAR,CRD,,,,,,,,,,
11261995NOR,November 26,CAR,NOR,,,,,,,,,,
1231995CAR,December 3,CAR,CLT,,,,,,,,,,
12101995CAR,December 10,CAR,SFO,,,,,,,,,,
12171995CAR,December 17,CAR,ATL,,,,,,,,,,
12241995WAS,December 24,CAR,WAS,,,,,,,,,,
911996CAR,September 1,CAR,ATL,16.058823529411764,290.2352941176471,190.11764705882354,100.11764705882354,2.4705882352941178,17.647058823529413,312.2352941176471,212.52941176470588,99.70588235294117,2.235294117647059
981996NOR,September 8,CAR,NOR,15.941176470588236,285.11764705882354,183.11764705882354,102.0,2.4705882352941178,17.294117647058822,309.11764705882354,210.76470588235293,98.3529411764706,2.176470588235294
9221996CAR,September 22,CAR,SFO,16.823529411764707,301.3529411764706,198.41176470588235,102.94117647058823,2.4705882352941178,17.235294117647058,306.29411764705884,215.23529411764707,91.05882352941177,2.0588235294117645
9291996JAX,September 29,CAR,JAX,16.823529411764707,300.05882352941177,199.0,101.05882352941177,2.176470588235294,17.705882352941178,309.8235294117647,215.05882352941177,94.76470588235294,2.176470588235294
1061996MIN,October 6,CAR,MIN,16.529411764705884,292.0,194.35294117647058,97.6470588235294,2.2941176470588234,17.705882352941178,308.8235294117647,211.52941176470588,97.29411764705883,2.2941176470588234
10131996CAR,October 13,CAR,RAM,17.176470588235293,295.7647058823529,191.35294117647058,104.41176470588235,2.2941176470588234,17.0,298.7647058823529,205.1764705882353,93.58823529411765,2.411764705882353
10201996CAR,October 20,CAR,NOR,17.529411764705884,298.6470588235294,192.7058823529412,105.94117647058823,2.1176470588235294,17.176470588235293,300.88235294117646,204.58823529411765,96.29411764705883,2.3529411764705883
10271996PHI,October 27,CAR,PHI,17.529411764705884,307.1764705882353,205.05882352941177,102.11764705882354,2.235294117647059,17.11764705882353,304.2352941176471,209.94117647058823,94.29411764705883,2.1176470588235294
1131996ATL,November 3,CAR,ATL,17.176470588235293,302.05882352941177,202.23529411764707,99.82352941176471,2.2941176470588234,16.705882352941178,303.47058823529414,207.64705882352942,95.82352941176471,2.1176470588235294
11101996CAR,November 10,CAR,NYG,17.764705882352942,310.6470588235294,206.7058823529412,103.94117647058823,2.235294117647059,16.41176470588235,296.70588235294116,200.35294117647058,96.3529411764706,2.0588235294117645
11171996RAM,November 17,CAR,RAM,18.058823529411764,306.6470588235294,198.58823529411765,108.05882352941177,2.0,16.235294117647058,292.47058823529414,196.23529411764707,96.23529411764706,1.9411764705882353
11241996OTI,November 24,CAR,OTI,17.41176470588235,299.8235294117647,197.2941176470588,102.52941176470588,2.0,16.823529411764707,302.7647058823529,203.52941176470588,99.23529411764706,2.0588235294117645
1211996CAR,December 1,CAR,TAM,17.176470588235293,288.4117647058824,182.8235294117647,105.58823529411765,1.6470588235294117,16.41176470588235,298.7647058823529,205.52941176470588,93.23529411764706,2.0588235294117645
1281996SFO,December 8,CAR,SFO,17.764705882352942,295.88235294117646,191.88235294117646,104.0,1.5294117647058822,17.058823529411764,313.47058823529414,219.64705882352942,93.82352941176471,2.176470588235294
12151996CAR,December 15,CAR,RAV,18.294117647058822,305.0,200.64705882352942,104.3529411764706,1.588235294117647,16.529411764705884,308.6470588235294,213.64705882352942,95.0,2.235294117647059
12221996CAR,December 22,CAR,PIT,18.294117647058822,299.05882352941177,192.7058823529412,106.3529411764706,1.588235294117647,15.764705882352942,299.5882352941176,198.8235294117647,100.76470588235294,2.235294117647059
151997CAR,January 5,CAR,DAL,18.235294117647058,296.4117647058824,187.23529411764707,109.17647058823529,1.588235294117647,16.0,295.29411764705884,197.76470588235293,97.52941176470588,2.411764705882353
1121997GNB,January 12,CAR,GNB,17.58823529411765,292.6470588235294,188.41176470588235,104.23529411764706,1.7058823529411764,16.58823529411765,306.94117647058823,204.58823529411765,102.3529411764706,2.4705882352941178
8311997CAR,August 31,CAR,WAS,17.647058823529413,294.8235294117647,186.1764705882353,108.6470588235294,1.8823529411764706,17.11764705882353,306.05882352941177,197.58823529411765,108.47058823529412,2.3529411764705883
971997ATL,September 7,CAR,ATL,17.647058823529413,290.8235294117647,183.58823529411765,107.23529411764706,1.9411764705882353,16.705882352941178,300.7647058823529,192.2941176470588,108.47058823529412,2.411764705882353
9141997SDG,September 14,CAR,SDG,17.647058823529413,291.2352941176471,179.05882352941177,112.17647058823529,1.8823529411764706,16.41176470588235,293.29411764705884,189.7058823529412,103.58823529411765,2.5294117647058822
9211997CAR,September 21,CAR,KAN,18.176470588235293,297.5882352941176,186.2941176470588,111.29411764705883,1.8235294117647058,16.529411764705884,295.52941176470586,191.0,104.52941176470588,2.4705882352941178
9291997CAR,September 29,CAR,SFO,17.88235294117647,291.29411764705884,188.23529411764707,103.05882352941177,2.0,17.235294117647058,304.29411764705884,191.47058823529412,112.82352941176471,2.3529411764705883
10121997MIN,October 12,CAR,MIN,17.529411764705884,289.11764705882354,190.7058823529412,98.41176470588235,2.1176470588235294,17.647058823529413,315.29411764705884,197.35294117647058,117.94117647058823,2.2941176470588234
10191997NOR,October 19,CAR,NOR,17.823529411764707,287.29411764705884,188.1764705882353,99.11764705882354,2.0588235294117645,17.58823529411765,305.94117647058823,183.23529411764707,122.70588235294117,2.3529411764705883
10261997CAR,October 26,CAR,ATL,17.647058823529413,280.29411764705884,179.23529411764707,101.05882352941177,2.0588235294117645,17.647058823529413,305.2352941176471,185.8235294117647,119.41176470588235,2.411764705882353
1121997CAR,November 2,CAR,RAI,17.88235294117647,283.70588235294116,178.2941176470588,105.41176470588235,2.0,18.0,309.2352941176471,191.94117647058823,117.29411764705883,2.2941176470588234
1191997DEN,November 9,CAR,DEN,17.0,277.3529411764706,178.58823529411765,98.76470588235294,2.1176470588235294,18.294117647058822,318.05882352941177,198.52941176470588,119.52941176470588,2.2941176470588234
11161997SFO,November 16,CAR,SFO,17.352941176470587,277.3529411764706,179.11764705882354,98.23529411764706,2.235294117647059,18.470588235294116,320.94117647058823,200.58823529411765,120.3529411764706,2.0588235294117645
11231997RAM,November 23,CAR,RAM,17.58823529411765,282.47058823529414,189.1764705882353,93.29411764705883,2.2941176470588234,18.176470588235293,320.0,199.47058823529412,120.52941176470588,1.8823529411764706
11301997CAR,November 30,CAR,NOR,17.529411764705884,285.11764705882354,184.2941176470588,100.82352941176471,2.5294117647058822,17.88235294117647,312.70588235294116,188.58823529411765,124.11764705882354,1.7647058823529411
1281997DAL,December 8,CAR,DAL,17.58823529411765,283.5882352941176,178.47058823529412,105.11764705882354,2.4705882352941178,17.41176470588235,306.6470588235294,183.76470588235293,122.88235294117646,1.6470588235294117
12141997CAR,December 14,CAR,GNB,17.235294117647058,280.3529411764706,171.64705882352942,108.70588235294117,2.411764705882353,18.235294117647058,318.0,193.1764705882353,124.82352941176471,1.588235294117647
12201997CAR,December 20,CAR,RAM,17.41176470588235,286.2352941176471,179.47058823529412,106.76470588235294,2.4705882352941178,18.352941176470587,321.11764705882354,193.23529411764707,127.88235294117646,1.411764705882353
961998CAR,September 6,CAR,ATL,17.647058823529413,290.11764705882354,182.8235294117647,107.29411764705883,2.411764705882353,18.176470588235293,311.94117647058823,190.41176470588235,121.52941176470588,1.3529411764705883
9131998NOR,September 13,CAR,NOR,17.88235294117647,296.7647058823529,190.7058823529412,106.05882352941177,2.3529411764705883,17.88235294117647,311.2352941176471,189.1764705882353,122.05882352941177,1.3529411764705883
9271998CAR,September 27,CAR,GNB,17.41176470588235,291.4117647058824,187.2941176470588,104.11764705882354,2.2941176470588234,18.941176470588236,327.52941176470586,201.88235294117646,125.6470588235294,1.4705882352941178
1041998ATL,October 4,CAR,ATL,17.11764705882353,295.3529411764706,196.1764705882353,99.17647058823529,2.588235294117647,19.0,331.7647058823529,204.11764705882354,127.6470588235294,1.3529411764705883
10111998DAL,October 11,CAR,DAL,16.647058823529413,291.8235294117647,195.52941176470588,96.29411764705883,2.4705882352941178,19.235294117647058,337.47058823529414,207.8235294117647,129.64705882352942,1.411764705882353
10181998TAM,October 18,CAR,TAM,16.705882352941178,293.94117647058823,196.2941176470588,97.6470588235294,2.235294117647059,18.88235294117647,336.3529411764706,211.58823529411765,124.76470588235294,1.4705882352941178
10251998CAR,October 25,CAR,BUF,17.058823529411764,298.8235294117647,201.11764705882354,97.70588235294117,2.2941176470588234,18.941176470588236,340.1764705882353,216.23529411764707,123.94117647058823,1.4705882352941178
1111998CAR,November 1,CAR,NOR,17.11764705882353,295.70588235294116,196.05882352941177,99.6470588235294,2.3529411764705883,19.294117647058822,349.2352941176471,228.7058823529412,120.52941176470588,1.588235294117647
1181998SFO,November 8,CAR,SFO,17.235294117647058,299.1764705882353,204.64705882352942,94.52941176470588,2.2941176470588234,19.58823529411765,353.05882352941177,230.35294117647058,122.70588235294117,1.7647058823529411
11151998CAR,November 15,CAR,MIA,16.352941176470587,287.52941176470586,202.05882352941177,85.47058823529412,2.411764705882353,19.294117647058822,350.5882352941176,219.2941176470588,131.2941176470588,1.7058823529411764
11221998RAM,November 22,CAR,RAM,16.941176470588236,294.0,206.23529411764707,87.76470588235294,2.235294117647059,19.11764705882353,344.0,219.64705882352942,124.3529411764706,1.7647058823529411
11291998NYJ,November 29,CAR,NYJ,16.764705882352942,291.7647058823529,204.1764705882353,87.58823529411765,2.1176470588235294,19.176470588235293,352.0,221.64705882352942,130.35294117647058,1.7647058823529411
1261998CAR,December 6,CAR,SFO,17.058823529411764,299.2352941176471,202.52941176470588,96.70588235294117,2.235294117647059,19.764705882352942,364.11764705882354,224.64705882352942,139.47058823529412,1.8235294117647058
12131998CAR,December 13,CAR,WAS,16.764705882352942,295.5882352941176,202.52941176470588,93.05882352941177,2.176470588235294,20.294117647058822,369.0,228.11764705882354,140.88235294117646,1.7058823529411764
12201998CAR,December 20,CAR,RAM,16.11764705882353,291.0,202.23529411764707,88.76470588235294,2.176470588235294,20.705882352941178,371.6470588235294,228.88235294117646,142.76470588235293,1.8823529411764706
12271998CLT,December 27,CAR,CLT,16.58823529411765,300.4117647058824,209.11764705882354,91.29411764705883,2.235294117647059,19.88235294117647,361.11764705882354,226.94117647058823,134.1764705882353,1.9411764705882353
9121999NOR,September 12,CAR,NOR,16.058823529411764,295.6470588235294,204.88235294117646,90.76470588235294,2.235294117647059,19.294117647058822,358.6470588235294,224.52941176470588,134.11764705882354,1.9411764705882353
9191999CAR,September 19,CAR,JAX,16.058823529411764,293.6470588235294,200.94117647058823,92.70588235294117,2.176470588235294,19.764705882352942,364.0,222.76470588235293,141.23529411764707,1.9411764705882353
9261999CAR,September 26,CAR,CIN,15.647058823529411,291.7647058823529,198.52941176470588,93.23529411764706,2.1176470588235294,19.88235294117647,367.5882352941176,230.94117647058823,136.64705882352942,2.0
1031999WAS,October 3,CAR,WAS,16.235294117647058,306.6470588235294,207.8235294117647,98.82352941176471,2.1176470588235294,19.647058823529413,363.52941176470586,226.8235294117647,136.7058823529412,1.8235294117647058
10171999SFO,October 17,CAR,SFO,16.352941176470587,308.8235294117647,207.41176470588235,101.41176470588235,2.0,19.941176470588236,364.11764705882354,227.76470588235293,136.35294117647058,1.8823529411764706
10241999CAR,October 24,CAR,DET,16.705882352941178,309.7647058823529,206.94117647058823,102.82352941176471,1.9411764705882353,19.823529411764707,356.5882352941176,223.8235294117647,132.76470588235293,1.8823529411764706
10311999ATL,October 31,CAR,ATL,16.823529411764707,309.7647058823529,207.1764705882353,102.58823529411765,2.235294117647059,19.764705882352942,352.70588235294116,221.64705882352942,131.05882352941177,1.7647058823529411
1171999CAR,November 7,CAR,PHI,17.0,311.0,206.64705882352942,104.3529411764706,2.0588235294117645,19.705882352941178,342.29411764705884,209.8235294117647,132.47058823529412,2.0
11141999RAM,November 14,CAR,RAM,17.11764705882353,320.47058823529414,215.47058823529412,105.0,2.1176470588235294,19.41176470588235,342.8235294117647,208.8235294117647,134.0,1.8823529411764706
11211999CLE,November 21,CAR,CLE,17.470588235294116,323.0,213.35294117647058,109.6470588235294,2.0588235294117645,19.41176470588235,339.29411764705884,208.58823529411765,130.7058823529412,1.6470588235294117
11281999CAR,November 28,CAR,ATL,18.235294117647058,333.0,219.58823529411765,113.41176470588235,2.0,19.823529411764707,340.94117647058823,217.2941176470588,123.6470588235294,1.6470588235294117
1251999CAR,December 5,CAR,RAM,18.058823529411764,335.94117647058823,223.58823529411765,112.3529411764706,2.1176470588235294,20.11764705882353,352.6470588235294,224.2941176470588,128.35294117647058,1.7058823529411764
12121999GNB,December 12,CAR,GNB,18.41176470588235,345.6470588235294,237.35294117647058,108.29411764705883,2.2941176470588234,20.41176470588235,347.11764705882354,225.94117647058823,121.17647058823529,1.8235294117647058
12181999CAR,December 18,CAR,SFO,18.58823529411765,347.0,245.35294117647058,101.6470588235294,2.1176470588235294,20.176470588235293,342.5882352941176,229.41176470588235,113.17647058823529,1.7647058823529411
12261999PIT,December 26,CAR,PIT,18.647058823529413,347.5882352941176,246.23529411764707,101.3529411764706,2.1176470588235294,19.823529411764707,335.7647058823529,219.58823529411765,116.17647058823529,1.8235294117647058
122000CAR,January 2,CAR,NOR,19.058823529411764,354.0,253.52941176470588,100.47058823529412,2.1176470588235294,20.176470588235293,340.11764705882354,224.23529411764707,115.88235294117646,1.8235294117647058
932000WAS,September 3,CAR,WAS,18.764705882352942,348.3529411764706,252.05882352941177,96.29411764705883,2.0588235294117645,20.823529411764707,347.0,225.8235294117647,121.17647058823529,1.7058823529411764
9102000SFO,September 10,CAR,SFO,19.647058823529413,360.3529411764706,263.29411764705884,97.05882352941177,1.9411764705882353,21.294117647058822,355.0,237.1764705882353,117.82352941176471,1.8235294117647058
9172000CAR,September 17,CAR,ATL,19.705882352941178,360.4117647058824,265.0,95.41176470588235,2.1176470588235294,20.294117647058822,346.05882352941177,234.47058823529412,111.58823529411765,1.8823529411764706
1012000CAR,October 1,CAR,DAL,19.705882352941178,356.2352941176471,262.4117647058824,93.82352941176471,2.1176470588235294,20.294117647058822,341.29411764705884,227.11764705882354,114.17647058823529,1.9411764705882353
1082000CAR,October 8,CAR,SEA,19.88235294117647,354.11764705882354,262.05882352941177,92.05882352941177,2.1176470588235294,19.58823529411765,329.0,217.58823529411765,111.41176470588235,1.8823529411764706
10152000NOR,October 15,CAR,NOR,19.294117647058822,339.88235294117646,253.1764705882353,86.70588235294117,2.0,19.470588235294116,332.7647058823529,216.0,116.76470588235294,1.8823529411764706
10222000CAR,October 22,CAR,SFO,19.529411764705884,344.0,255.11764705882354,88.88235294117646,1.8823529411764706,19.470588235294116,339.29411764705884,220.2941176470588,119.0,1.8823529411764706
10292000ATL,October 29,CAR,ATL,19.352941176470587,339.2352941176471,252.2941176470588,86.94117647058823,1.8235294117647058,19.235294117647058,339.1764705882353,220.76470588235293,118.41176470588235,2.0588235294117645
1152000RAM,November 5,CAR,RAM,19.0,332.5882352941176,246.88235294117646,85.70588235294117,1.9411764705882353,19.41176470588235,349.5882352941176,239.23529411764707,110.3529411764706,1.8823529411764706
11122000CAR,November 12,CAR,NOR,19.176470588235293,328.70588235294116,246.76470588235293,81.94117647058823,2.0588235294117645,19.41176470588235,347.1764705882353,232.23529411764707,114.94117647058823,1.8823529411764706
11192000MIN,November 19,CAR,MIN,19.235294117647058,328.70588235294116,249.76470588235293,78.94117647058823,2.176470588235294,19.235294117647058,355.4117647058824,236.47058823529412,118.94117647058823,1.8823529411764706
11272000CAR,November 27,CAR,GNB,19.176470588235293,327.29411764705884,247.94117647058823,79.3529411764706,2.235294117647059,19.11764705882353,354.4117647058824,234.11764705882354,120.29411764705883,2.1176470588235294
1232000CAR,December 3,CAR,RAM,19.529411764705884,323.1764705882353,243.05882352941177,80.11764705882354,2.176470588235294,18.705882352941178,342.52941176470586,223.58823529411765,118.94117647058823,2.3529411764705883
12102000KAN,December 10,CAR,KAN,19.529411764705884,315.88235294117646,235.1764705882353,80.70588235294117,2.0,18.705882352941178,347.88235294117646,225.47058823529412,122.41176470588235,2.4705882352941178
12172000CAR,December 17,CAR,SDG,18.823529411764707,299.2352941176471,223.1764705882353,76.05882352941177,2.0588235294117645,18.764705882352942,345.5882352941176,223.1764705882353,122.41176470588235,2.5294117647058822
12242000RAI,December 24,CAR,RAI,18.941176470588236,294.6470588235294,220.94117647058823,73.70588235294117,2.1176470588235294,19.176470588235293,352.4117647058824,231.88235294117646,120.52941176470588,2.4705882352941178
992001MIN,September 9,CAR,MIN,18.764705882352942,290.88235294117646,215.76470588235293,75.11764705882354,2.176470588235294,19.0,352.88235294117646,232.11764705882354,120.76470588235294,2.5294117647058822
9232001ATL,September 23,CAR,ATL,19.11764705882353,298.11764705882354,224.35294117647058,73.76470588235294,2.176470588235294,18.58823529411765,351.7647058823529,233.41176470588235,118.3529411764706,2.6470588235294117
9302001CAR,September 30,CAR,GNB,18.058823529411764,281.5882352941176,211.47058823529412,70.11764705882354,2.2941176470588234,18.647058823529413,351.29411764705884,233.8235294117647,117.47058823529412,2.6470588235294117
1072001SFO,October 7,CAR,SFO,18.058823529411764,284.6470588235294,214.41176470588235,70.23529411764706,2.235294117647059,19.294117647058822,356.6470588235294,236.7058823529412,119.94117647058823,2.588235294117647
10142001CAR,October 14,CAR,NOR,18.058823529411764,281.47058823529414,216.23529411764707,65.23529411764706,2.2941176470588234,19.352941176470587,360.5882352941176,239.1764705882353,121.41176470588235,2.6470588235294117
10212001WAS,October 21,CAR,WAS,17.647058823529413,275.29411764705884,210.11764705882354,65.17647058823529,2.4705882352941178,19.705882352941178,374.3529411764706,250.88235294117646,123.47058823529412,2.764705882352941
10282001CAR,October 28,CAR,NYJ,17.58823529411765,276.52941176470586,206.52941176470588,70.0,2.411764705882353,19.470588235294116,372.05882352941177,250.2941176470588,121.76470588235294,2.823529411764706
1142001MIA,November 4,CAR,MIA,16.764705882352942,270.11764705882354,199.8235294117647,70.29411764705883,2.4705882352941178,19.294117647058822,367.70588235294116,250.0,117.70588235294117,2.764705882352941
11112001RAM,November 11,CAR,RAM,16.294117647058822,266.4117647058824,196.05882352941177,70.3529411764706,2.411764705882353,19.529411764705884,380.1764705882353,248.35294117647058,131.8235294117647,2.823529411764706
11182001CAR,November 18,CAR,SFO,16.058823529411764,267.11764705882354,196.0,71.11764705882354,2.2941176470588234,19.88235294117647,379.6470588235294,242.52941176470588,137.11764705882354,2.8823529411764706
11252001CAR,November 25,CAR,ATL,15.647058823529411,263.3529411764706,189.7058823529412,73.6470588235294,2.1176470588235294,19.705882352941178,374.7647058823529,238.35294117647058,136.41176470588235,2.764705882352941
1222001NOR,December 2,CAR,NOR,14.941176470588236,252.76470588235293,180.8235294117647,71.94117647058823,2.0,20.058823529411764,373.94117647058823,237.05882352941177,136.88235294117646,2.764705882352941
1292001BUF,December 9,CAR,BUF,14.529411764705882,245.41176470588235,176.7058823529412,68.70588235294117,2.0,19.941176470588236,376.47058823529414,238.7058823529412,137.76470588235293,2.5294117647058822
12232001CAR,December 23,CAR,RAM,14.764705882352942,255.11764705882354,184.7058823529412,70.41176470588235,1.9411764705882353,20.294117647058822,384.3529411764706,239.76470588235293,144.58823529411765,2.2941176470588234
12302001CAR,December 30,CAR,CRD,14.705882352941176,258.70588235294116,184.05882352941177,74.6470588235294,2.0,19.705882352941178,377.1764705882353,231.41176470588235,145.76470588235293,2.0588235294117645
162002CAR,January 6,CAR,NWE,15.0,267.70588235294116,182.35294117647058,85.3529411764706,2.2941176470588234,19.529411764705884,373.6470588235294,227.76470588235293,145.88235294117646,2.1176470588235294
982002CAR,September 8,CAR,RAV,14.764705882352942,265.8235294117647,176.58823529411765,89.23529411764706,2.0588235294117645,18.764705882352942,366.5882352941176,226.7058823529412,139.88235294117646,2.176470588235294
9152002CAR,September 15,CAR,DET,15.058823529411764,271.3529411764706,183.05882352941177,88.29411764705883,1.9411764705882353,18.352941176470587,353.5882352941176,215.8235294117647,137.76470588235293,2.0588235294117645
9222002MIN,September 22,CAR,MIN,15.176470588235293,272.0,179.2941176470588,92.70588235294117,2.0,18.176470588235293,346.11764705882354,211.1764705882353,134.94117647058823,2.235294117647059
9292002GNB,September 29,CAR,GNB,15.705882352941176,281.5882352941176,182.8235294117647,98.76470588235294,2.0,17.88235294117647,341.11764705882354,204.76470588235293,136.35294117647058,2.176470588235294
1062002CAR,October 6,CAR,CRD,15.411764705882353,276.1764705882353,177.58823529411765,98.58823529411765,2.0588235294117645,17.705882352941178,338.70588235294116,205.8235294117647,132.88235294117646,2.176470588235294
10132002DAL,October 13,CAR,DAL,15.470588235294118,281.47058823529414,178.41176470588235,103.05882352941177,1.8823529411764706,17.470588235294116,335.94117647058823,206.64705882352942,129.2941176470588,2.1176470588235294
10202002ATL,October 20,CAR,ATL,15.058823529411764,273.4117647058824,171.7058823529412,101.70588235294117,1.7058823529411764,18.0,333.0,198.47058823529412,134.52941176470588,2.0
10272002CAR,October 27,CAR,TAM,15.176470588235293,271.52941176470586,168.76470588235293,102.76470588235294,1.8823529411764706,17.823529411764707,325.2352941176471,197.47058823529412,127.76470588235294,1.8823529411764706
11102002CAR,November 10,CAR,NOR,15.705882352941176,278.29411764705884,175.7058823529412,102.58823529411765,1.9411764705882353,17.823529411764707,325.70588235294116,195.7058823529412,130.0,1.8235294117647058
11172002TAM,November 17,CAR,TAM,16.058823529411764,283.29411764705884,178.8235294117647,104.47058823529412,2.0,17.764705882352942,315.1764705882353,201.05882352941177,114.11764705882354,1.7058823529411764
11242002CAR,November 24,CAR,ATL,15.823529411764707,274.0,171.41176470588235,102.58823529411765,2.3529411764705883,17.705882352941178,315.70588235294116,199.94117647058823,115.76470588235294,1.588235294117647
1212002CLE,December 1,CAR,CLE,15.647058823529411,273.2352941176471,167.76470588235293,105.47058823529412,2.3529411764705883,17.764705882352942,316.8235294117647,201.35294117647058,115.47058823529412,1.8823529411764706
1282002CAR,December 8,CAR,CIN,16.352941176470587,288.0,180.58823529411765,107.41176470588235,2.4705882352941178,17.764705882352942,311.4117647058824,198.41176470588235,113.0,1.8235294117647058
12152002PIT,December 15,CAR,PIT,16.0,282.11764705882354,176.35294117647058,105.76470588235294,2.588235294117647,17.823529411764707,309.2352941176471,194.64705882352942,114.58823529411765,1.8823529411764706
12222002CAR,December 22,CAR,CHI,15.470588235294118,273.3529411764706,168.11764705882354,105.23529411764706,2.6470588235294117,17.058823529411764,295.94117647058823,190.76470588235293,105.17647058823529,1.9411764705882353
12292002NOR,December 29,CAR,NOR,15.058823529411764,270.70588235294116,166.05882352941177,104.6470588235294,2.7058823529411766,16.88235294117647,290.8235294117647,187.58823529411765,103.23529411764706,2.1176470588235294
972003CAR,September 7,CAR,JAX,15.0,266.0,165.52941176470588,100.47058823529412,2.4705882352941178,16.941176470588236,292.7647058823529,191.11764705882354,101.6470588235294,2.0
9142003TAM,September 14,CAR,TAM,14.941176470588236,265.5882352941176,163.58823529411765,102.0,2.588235294117647,17.529411764705884,299.11764705882354,198.47058823529412,100.6470588235294,2.0
9282003CAR,September 28,CAR,ATL,14.882352941176471,264.1764705882353,155.23529411764707,108.94117647058823,2.6470588235294117,17.470588235294116,307.6470588235294,202.8235294117647,104.82352941176471,1.8823529411764706
1052003CAR,October 5,CAR,NOR,14.941176470588236,260.5882352941176,150.41176470588235,110.17647058823529,2.588235294117647,17.705882352941178,313.1764705882353,203.52941176470588,109.6470588235294,1.6470588235294117
10122003CLT,October 12,CAR,CLT,14.882352941176471,261.11764705882354,148.0,113.11764705882354,2.5294117647058822,17.88235294117647,317.3529411764706,209.05882352941177,108.29411764705883,1.7647058823529411
10192003CAR,October 19,CAR,OTI,15.294117647058824,269.29411764705884,157.0,112.29411764705883,2.5294117647058822,17.705882352941178,319.47058823529414,208.64705882352942,110.82352941176471,1.7058823529411764
10262003NOR,October 26,CAR,NOR,15.647058823529411,272.8235294117647,153.88235294117646,118.94117647058823,2.5294117647058822,17.823529411764707,318.47058823529414,209.58823529411765,108.88235294117646,1.7647058823529411
1122003HTX,November 2,CAR,HTX,16.176470588235293,282.3529411764706,159.11764705882354,123.23529411764706,2.5294117647058822,17.176470588235293,311.05882352941177,206.23529411764707,104.82352941176471,1.7647058823529411
1192003CAR,November 9,CAR,TAM,16.705882352941178,294.7647058823529,173.41176470588235,121.3529411764706,2.411764705882353,17.41176470588235,318.1764705882353,212.2941176470588,105.88235294117646,1.7058823529411764
11162003CAR,November 16,CAR,WAS,16.470588235294116,296.5882352941176,174.64705882352942,121.94117647058823,2.5294117647058822,17.176470588235293,308.52941176470586,205.1764705882353,103.3529411764706,1.8235294117647058
11232003DAL,November 23,CAR,DAL,16.529411764705884,297.3529411764706,174.7058823529412,122.6470588235294,2.411764705882353,17.176470588235293,308.8235294117647,205.58823529411765,103.23529411764706,1.7647058823529411
11302003CAR,November 30,CAR,PHI,17.058823529411764,309.94117647058823,183.47058823529412,126.47058823529412,2.1176470588235294,16.705882352941178,300.4117647058824,198.64705882352942,101.76470588235294,1.8235294117647058
1272003ATL,December 7,CAR,ATL,17.176470588235293,309.7647058823529,186.52941176470588,123.23529411764706,2.176470588235294,17.294117647058822,307.5882352941176,200.88235294117646,106.70588235294117,1.6470588235294117
12142003CRD,December 14,CAR,CRD,16.823529411764707,303.70588235294116,181.35294117647058,122.3529411764706,2.1176470588235294,17.176470588235293,306.2352941176471,194.35294117647058,111.88235294117646,1.7058823529411764
12212003CAR,December 21,CAR,DET,17.470588235294116,318.5882352941176,191.88235294117646,126.70588235294117,2.0,16.529411764705884,292.94117647058823,185.52941176470588,107.41176470588235,1.6470588235294117
12282003NYG,December 28,CAR,NYG,17.470588235294116,318.47058823529414,190.47058823529412,128.0,2.0,16.88235294117647,292.29411764705884,183.64705882352942,108.6470588235294,1.7058823529411764
132004CAR,January 3,CAR,DAL,17.647058823529413,324.7647058823529,195.47058823529412,129.2941176470588,1.8235294117647058,16.705882352941178,289.94117647058823,184.41176470588235,105.52941176470588,1.6470588235294117
1102004RAM,January 10,CAR,RAM,18.058823529411764,339.05882352941177,204.23529411764707,134.8235294117647,1.7647058823529411,17.058823529411764,292.8235294117647,187.94117647058823,104.88235294117646,1.7647058823529411
1182004PHI,January 18,CAR,PHI,18.058823529411764,338.94117647058823,205.05882352941177,133.88235294117646,1.6470588235294117,16.647058823529413,286.47058823529414,177.05882352941177,109.41176470588235,1.9411764705882353
212004NWE,February 1,CAR,NWE,17.941176470588236,340.47058823529414,212.52941176470588,127.94117647058823,1.6470588235294117,17.705882352941178,299.05882352941177,190.64705882352942,108.41176470588235,1.9411764705882353
9132004CAR,September 13,CAR,GNB,17.705882352941178,339.94117647058823,220.64705882352942,119.29411764705883,1.7058823529411764,18.0,295.2352941176471,187.0,108.23529411764706,1.8823529411764706
9192004KAN,September 19,CAR,KAN,18.058823529411764,340.94117647058823,222.0,118.94117647058823,1.7058823529411764,17.823529411764707,290.05882352941177,179.88235294117646,110.17647058823529,1.8235294117647058
1032004CAR,October 3,CAR,ATL,18.058823529411764,339.5882352941176,219.2941176470588,120.29411764705883,1.6470588235294117,18.11764705882353,288.0,176.0,112.0,1.8235294117647058
10102004DEN,October 10,CAR,DEN,17.58823529411765,331.29411764705884,220.35294117647058,110.94117647058823,1.6470588235294117,18.352941176470587,296.2352941176471,178.0,118.23529411764706,1.7647058823529411
10172004PHI,October 17,CAR,PHI,17.58823529411765,329.94117647058823,219.94117647058823,110.0,1.8235294117647058,18.11764705882353,297.1764705882353,181.11764705882354,116.05882352941177,1.8235294117647058
10242004CAR,October 24,CAR,SDG,17.705882352941178,325.3529411764706,213.11764705882354,112.23529411764706,1.7647058823529411,18.176470588235293,294.52941176470586,177.0,117.52941176470588,1.8235294117647058
10312004SEA,October 31,CAR,SEA,17.647058823529413,320.3529411764706,209.05882352941177,111.29411764705883,1.588235294117647,18.823529411764707,309.3529411764706,181.05882352941177,128.2941176470588,1.8235294117647058
1172004CAR,November 7,CAR,RAI,18.176470588235293,323.88235294117646,214.8235294117647,109.05882352941177,1.4705882352941178,18.941176470588236,308.05882352941177,179.52941176470588,128.52941176470588,1.8235294117647058
11142004SFO,November 14,CAR,SFO,18.058823529411764,325.1764705882353,220.76470588235293,104.41176470588235,1.5294117647058822,19.294117647058822,312.4117647058824,184.7058823529412,127.70588235294117,2.0
11212004CAR,November 21,CAR,CRD,18.235294117647058,330.2352941176471,221.88235294117646,108.3529411764706,1.411764705882353,19.235294117647058,313.52941176470586,194.0,119.52941176470588,2.1176470588235294
11282004CAR,November 28,CAR,TAM,18.11764705882353,330.3529411764706,219.35294117647058,111.0,1.3529411764705883,19.058823529411764,318.29411764705884,205.1764705882353,113.11764705882354,2.176470588235294
1252004NOR,December 5,CAR,NOR,18.294117647058822,331.3529411764706,219.88235294117646,111.47058823529412,1.2352941176470589,19.470588235294116,328.52941176470586,216.76470588235293,111.76470588235294,2.2941176470588234
12122004CAR,December 12,CAR,RAM,18.470588235294116,334.70588235294116,222.7058823529412,112.0,1.2352941176470589,19.294117647058822,335.4117647058824,224.23529411764707,111.17647058823529,2.411764705882353
12182004ATL,December 18,CAR,ATL,18.823529411764707,334.4117647058824,225.11764705882354,109.29411764705883,1.4705882352941178,20.0,342.7647058823529,223.8235294117647,118.94117647058823,2.5294117647058822
12262004TAM,December 26,CAR,TAM,18.705882352941178,326.3529411764706,221.47058823529412,104.88235294117646,1.411764705882353,19.941176470588236,340.70588235294116,222.8235294117647,117.88235294117646,2.5294117647058822
122005CAR,January 2,CAR,NOR,19.11764705882353,330.11764705882354,231.64705882352942,98.47058823529412,1.588235294117647,19.764705882352942,344.88235294117646,225.41176470588235,119.47058823529412,2.2941176470588234
9112005CAR,September 11,CAR,NOR,19.294117647058822,327.94117647058823,226.58823529411765,101.3529411764706,1.7647058823529411,19.294117647058822,333.70588235294116,215.76470588235293,117.94117647058823,2.3529411764705883
9182005CAR,September 18,CAR,NWE,19.294117647058822,325.0,219.76470588235293,105.23529411764706,1.7058823529411764,18.823529411764707,334.2352941176471,222.94117647058823,111.29411764705883,2.5294117647058822
9252005MIA,September 25,CAR,MIA,19.294117647058822,321.52941176470586,223.47058823529412,98.05882352941177,1.7647058823529411,18.764705882352942,336.2352941176471,222.88235294117646,113.3529411764706,2.4705882352941178
1032005CAR,October 3,CAR,GNB,19.176470588235293,317.1764705882353,217.76470588235293,99.41176470588235,1.6470588235294117,18.88235294117647,338.52941176470586,231.47058823529412,107.05882352941177,2.588235294117647
1092005CRD,October 9,CAR,CRD,19.352941176470587,323.2352941176471,222.47058823529412,100.76470588235294,1.7647058823529411,18.647058823529413,340.52941176470586,241.58823529411765,98.94117647058823,2.7058823529411766
10162005DET,October 16,CAR,DET,18.941176470588236,321.6470588235294,227.0,94.6470588235294,1.7647058823529411,18.705882352941178,336.1764705882353,238.94117647058823,97.23529411764706,2.8823529411764706
10302005CAR,October 30,CAR,MIN,19.352941176470587,332.5882352941176,238.23529411764707,94.3529411764706,1.7058823529411764,18.41176470588235,333.29411764705884,237.94117647058823,95.3529411764706,2.823529411764706
1162005TAM,November 6,CAR,TAM,19.294117647058822,329.3529411764706,236.0,93.3529411764706,1.6470588235294117,18.058823529411764,323.70588235294116,239.7058823529412,84.0,2.9411764705882355
11132005CAR,November 13,CAR,NYJ,18.764705882352942,324.4117647058824,227.2941176470588,97.11764705882354,1.7647058823529411,17.705882352941178,318.8235294117647,230.8235294117647,88.0,3.235294117647059
11202005CHI,November 20,CAR,CHI,18.529411764705884,317.3529411764706,220.35294117647058,97.0,1.7647058823529411,17.235294117647058,313.0,224.2941176470588,88.70588235294117,3.0
11272005BUF,November 27,CAR,BUF,18.705882352941178,316.05882352941177,221.64705882352942,94.41176470588235,1.7647058823529411,16.705882352941178,302.2352941176471,215.2941176470588,86.94117647058823,2.823529411764706
1242005CAR,December 4,CAR,ATL,18.647058823529413,316.4117647058824,220.23529411764707,96.17647058823529,1.7647058823529411,16.352941176470587,294.05882352941177,204.23529411764707,89.82352941176471,2.764705882352941
12112005CAR,December 11,CAR,TAM,18.0,309.05882352941177,215.8235294117647,93.23529411764706,1.8235294117647058,16.470588235294116,292.11764705882354,197.35294117647058,94.76470588235294,2.588235294117647
12182005NOR,December 18,CAR,NOR,18.058823529411764,310.11764705882354,214.41176470588235,95.70588235294117,1.8235294117647058,16.705882352941178,291.2352941176471,194.8235294117647,96.41176470588235,2.5294117647058822
12242005CAR,December 24,CAR,DAL,17.529411764705884,306.7647058823529,210.47058823529412,96.29411764705883,1.7058823529411764,16.705882352941178,295.05882352941177,198.05882352941177,97.0,2.411764705882353
112006ATL,January 1,CAR,ATL,17.58823529411765,310.0,208.52941176470588,101.47058823529412,1.7058823529411764,16.294117647058822,287.1764705882353,191.35294117647058,95.82352941176471,2.4705882352941178
182006NYG,January 8,CAR,NYG,17.705882352941178,310.88235294117646,199.0,111.88235294117646,1.5294117647058822,15.941176470588236,273.7647058823529,185.1764705882353,88.58823529411765,2.764705882352941
1152006CHI,January 15,CAR,CHI,17.764705882352942,315.8235294117647,205.0,110.82352941176471,1.3529411764705883,16.058823529411764,273.2352941176471,184.88235294117646,88.3529411764706,2.7058823529411766
1222006SEA,January 22,CAR,SEA,17.41176470588235,313.5882352941176,206.76470588235293,106.82352941176471,1.5294117647058822,16.823529411764707,279.4117647058824,182.1764705882353,97.23529411764706,2.5294117647058822
9102006CAR,September 10,CAR,ATL,16.941176470588236,308.6470588235294,201.58823529411765,107.05882352941177,1.4705882352941178,17.294117647058822,283.52941176470586,179.94117647058823,103.58823529411765,2.4705882352941178
9172006MIN,September 17,CAR,MIN,16.764705882352942,307.7647058823529,199.7058823529412,108.05882352941177,1.4705882352941178,17.0,284.29411764705884,175.88235294117646,108.41176470588235,2.411764705882353
9242006TAM,September 24,CAR,TAM,17.176470588235293,308.94117647058823,200.05882352941177,108.88235294117646,1.5294117647058822,16.647058823529413,269.05882352941177,161.11764705882354,107.94117647058823,2.2941176470588234
1012006CAR,October 1,CAR,NOR,17.529411764705884,309.3529411764706,193.8235294117647,115.52941176470588,1.2941176470588236,17.294117647058822,280.70588235294116,172.11764705882354,108.58823529411765,2.1176470588235294
1082006CAR,October 8,CAR,CLE,16.823529411764707,299.88235294117646,183.88235294117646,116.0,1.2941176470588236,17.470588235294116,280.4117647058824,171.2941176470588,109.11764705882354,2.2941176470588234
10152006RAV,October 15,CAR,RAV,17.11764705882353,307.3529411764706,192.47058823529412,114.88235294117646,1.4705882352941178,17.352941176470587,281.70588235294116,170.47058823529412,111.23529411764706,2.235294117647059
10222006CIN,October 22,CAR,CIN,17.235294117647058,310.70588235294116,198.23529411764707,112.47058823529412,1.411764705882353,17.764705882352942,289.2352941176471,179.47058823529412,109.76470588235294,1.8823529411764706
10292006CAR,October 29,CAR,DAL,17.41176470588235,308.70588235294116,195.0,113.70588235294117,1.4705882352941178,18.470588235294116,298.4117647058824,186.64705882352942,111.76470588235294,1.8823529411764706
11132006CAR,November 13,CAR,TAM,17.294117647058822,310.05882352941177,198.41176470588235,111.6470588235294,1.5294117647058822,18.41176470588235,298.7647058823529,186.1764705882353,112.58823529411765,2.0588235294117645
11192006CAR,November 19,CAR,RAM,17.647058823529413,316.2352941176471,198.7058823529412,117.52941176470588,1.6470588235294117,18.058823529411764,290.05882352941177,182.1764705882353,107.88235294117646,2.0588235294117645
11262006WAS,November 26,CAR,WAS,17.705882352941178,315.52941176470586,196.88235294117646,118.6470588235294,1.7058823529411764,17.88235294117647,290.4117647058824,180.8235294117647,109.58823529411765,2.1176470588235294
1242006PHI,December 4,CAR,PHI,17.647058823529413,318.52941176470586,203.0,115.52941176470588,1.7058823529411764,18.058823529411764,297.7647058823529,187.94117647058823,109.82352941176471,1.7647058823529411
12102006CAR,December 10,CAR,NYG,18.176470588235293,327.05882352941177,213.05882352941177,114.0,1.7647058823529411,17.647058823529413,292.6470588235294,187.47058823529412,105.17647058823529,1.6470588235294117
12172006CAR,December 17,CAR,PIT,17.529411764705884,317.47058823529414,214.41176470588235,103.05882352941177,1.8823529411764706,17.941176470588236,298.2352941176471,185.23529411764707,113.0,1.411764705882353
12242006ATL,December 24,CAR,ATL,17.058823529411764,309.1764705882353,208.47058823529412,100.70588235294117,1.8823529411764706,17.88235294117647,300.88235294117646,185.41176470588235,115.47058823529412,1.2352941176470589
12312006NOR,December 31,CAR,NOR,17.0,302.05882352941177,202.35294117647058,99.70588235294117,1.8235294117647058,17.294117647058822,301.7647058823529,188.41176470588235,113.3529411764706,1.2941176470588236
992007RAM,September 9,CAR,RAM,17.58823529411765,312.2352941176471,203.7058823529412,108.52941176470588,1.7058823529411764,16.647058823529413,292.6470588235294,186.0,106.6470588235294,1.411764705882353
9162007CAR,September 16,CAR,HTX,17.705882352941178,320.3529411764706,211.76470588235293,108.58823529411765,1.7647058823529411,16.352941176470587,290.3529411764706,191.52941176470588,98.82352941176471,1.4705882352941178
9232007ATL,September 23,CAR,ATL,18.294117647058822,322.8235294117647,210.23529411764707,112.58823529411765,1.7058823529411764,16.58823529411765,294.88235294117646,198.94117647058823,95.94117647058823,1.5294117647058822
9302007CAR,September 30,CAR,TAM,17.764705882352942,316.11764705882354,203.64705882352942,112.47058823529412,1.6470588235294117,17.11764705882353,304.05882352941177,200.76470588235293,103.29411764705883,1.4705882352941178
1072007NOR,October 7,CAR,NOR,17.294117647058822,311.3529411764706,203.52941176470588,107.82352941176471,1.7058823529411764,17.176470588235293,300.1764705882353,195.35294117647058,104.82352941176471,1.5294117647058822
10142007CRD,October 14,CAR,CRD,17.235294117647058,316.4117647058824,204.94117647058823,111.47058823529412,1.7058823529411764,16.764705882352942,300.5882352941176,195.47058823529412,105.11764705882354,1.6470588235294117
10282007CAR,October 28,CAR,CLT,17.235294117647058,309.29411764705884,194.88235294117646,114.41176470588235,1.7058823529411764,17.176470588235293,306.6470588235294,198.52941176470588,108.11764705882354,1.5294117647058822
1142007OTI,November 4,CAR,OTI,17.11764705882353,304.2352941176471,188.76470588235293,115.47058823529412,1.7647058823529411,17.058823529411764,300.4117647058824,190.64705882352942,109.76470588235294,1.7647058823529411
11112007CAR,November 11,CAR,ATL,16.764705882352942,306.05882352941177,189.76470588235293,116.29411764705883,1.7058823529411764,16.176470588235293,292.3529411764706,186.58823529411765,105.76470588235294,1.7647058823529411
11182007GNB,November 18,CAR,GNB,17.0,309.8235294117647,190.41176470588235,119.41176470588235,1.7647058823529411,16.470588235294116,297.94117647058823,190.1764705882353,107.76470588235294,1.5294117647058822
11252007CAR,November 25,CAR,NOR,16.470588235294116,297.11764705882354,189.41176470588235,107.70588235294117,1.8235294117647058,17.294117647058822,313.3529411764706,200.76470588235293,112.58823529411765,1.4705882352941178
1222007CAR,December 2,CAR,SFO,16.764705882352942,300.5882352941176,189.05882352941177,111.52941176470588,1.8235294117647058,17.176470588235293,309.94117647058823,202.2941176470588,107.6470588235294,1.7647058823529411
1292007JAX,December 9,CAR,JAX,16.294117647058822,287.1764705882353,179.05882352941177,108.11764705882354,1.8235294117647058,17.529411764705884,311.4117647058824,199.05882352941177,112.3529411764706,1.8235294117647058
12162007CAR,December 16,CAR,SEA,15.882352941176471,278.88235294117646,166.7058823529412,112.17647058823529,1.6470588235294117,17.705882352941178,309.94117647058823,202.94117647058823,107.0,1.8823529411764706
12222007CAR,December 22,CAR,DAL,15.882352941176471,277.47058823529414,163.76470588235293,113.70588235294117,1.588235294117647,18.0,315.7647058823529,209.41176470588235,106.3529411764706,1.9411764705882353
12302007TAM,December 30,CAR,TAM,16.176470588235293,286.5882352941176,173.05882352941177,113.52941176470588,1.7058823529411764,18.529411764705884,323.1764705882353,215.41176470588235,107.76470588235294,1.8823529411764706
972008SDG,September 7,CAR,SDG,16.176470588235293,291.0,175.35294117647058,115.6470588235294,1.7647058823529411,18.764705882352942,324.29411764705884,213.94117647058823,110.3529411764706,1.8235294117647058
9142008CAR,September 14,CAR,CHI,15.647058823529411,281.05882352941177,169.64705882352942,111.41176470588235,1.7058823529411764,18.529411764705884,325.3529411764706,212.7058823529412,112.6470588235294,1.8235294117647058
9212008MIN,September 21,CAR,MIN,15.470588235294118,272.29411764705884,162.0,110.29411764705883,1.6470588235294117,18.41176470588235,322.94117647058823,210.2941176470588,112.6470588235294,1.8235294117647058
9282008CAR,September 28,CAR,ATL,15.176470588235293,277.47058823529414,171.1764705882353,106.29411764705883,1.6470588235294117,18.176470588235293,312.70588235294116,198.47058823529412,114.23529411764706,1.7058823529411764
1052008CAR,October 5,CAR,KAN,15.588235294117647,289.52941176470586,177.0,112.52941176470588,1.6470588235294117,17.352941176470587,298.70588235294116,193.52941176470588,105.17647058823529,1.8235294117647058
10122008TAM,October 12,CAR,TAM,15.705882352941176,291.8235294117647,182.11764705882354,109.70588235294117,1.7647058823529411,17.0,297.1764705882353,188.88235294117646,108.29411764705883,1.7058823529411764
10192008CAR,October 19,CAR,NOR,16.0,289.5882352941176,182.11764705882354,107.47058823529412,1.7647058823529411,17.41176470588235,302.3529411764706,192.94117647058823,109.41176470588235,1.5294117647058822
10262008CAR,October 26,CAR,CRD,16.11764705882353,293.0,185.23529411764707,107.76470588235294,1.6470588235294117,17.529411764705884,304.11764705882354,199.47058823529412,104.6470588235294,1.588235294117647
1192008RAI,November 9,CAR,RAI,15.823529411764707,294.6470588235294,181.94117647058823,112.70588235294117,1.7647058823529411,17.352941176470587,305.47058823529414,200.41176470588235,105.05882352941177,1.5294117647058822
11162008CAR,November 16,CAR,DET,16.176470588235293,302.3529411764706,179.41176470588235,122.94117647058823,1.7058823529411764,17.823529411764707,307.7647058823529,200.23529411764707,107.52941176470588,1.7058823529411764
11232008ATL,November 23,CAR,ATL,16.235294117647058,303.88235294117646,180.76470588235293,123.11764705882354,1.5294117647058822,18.0,312.1764705882353,202.88235294117646,109.29411764705883,1.7647058823529411
11302008GNB,November 30,CAR,GNB,16.470588235294116,309.94117647058823,181.8235294117647,128.11764705882354,1.3529411764705883,18.176470588235293,316.0,204.8235294117647,111.17647058823529,1.8235294117647058
1282008CAR,December 8,CAR,TAM,16.823529411764707,318.2352941176471,182.2941176470588,135.94117647058823,1.3529411764705883,18.705882352941178,327.11764705882354,214.35294117647058,112.76470588235294,1.4705882352941178
12142008CAR,December 14,CAR,DEN,17.294117647058822,333.0,191.35294117647058,141.64705882352942,1.2941176470588236,18.176470588235293,318.4117647058824,209.0,109.41176470588235,1.5294117647058822
12212008NYG,December 21,CAR,NYG,17.352941176470587,334.2352941176471,190.0,144.23529411764707,1.2941176470588236,18.58823529411765,328.8235294117647,204.2941176470588,124.52941176470588,1.4705882352941178
12282008NOR,December 28,CAR,NOR,18.0,349.6470588235294,195.7058823529412,153.94117647058823,1.2352941176470589,18.41176470588235,329.52941176470586,210.76470588235293,118.76470588235294,1.5294117647058822
1102009CAR,January 10,CAR,CRD,17.764705882352942,344.94117647058823,197.1764705882353,147.76470588235293,1.4705882352941178,18.647058823529413,332.88235294117646,211.88235294117646,121.0,1.5294117647058822
9132009CAR,September 13,CAR,PHI,17.41176470588235,332.05882352941177,187.58823529411765,144.47058823529412,1.8235294117647058,18.647058823529413,330.0,204.2941176470588,125.70588235294117,1.588235294117647
9202009ATL,September 20,CAR,ATL,18.11764705882353,345.2352941176471,199.0,146.23529411764707,1.8823529411764706,19.294117647058822,336.7647058823529,208.94117647058823,127.82352941176471,1.588235294117647
9282009DAL,September 28,CAR,DAL,18.176470588235293,349.1764705882353,201.41176470588235,147.76470588235293,1.9411764705882353,19.705882352941178,345.2352941176471,211.94117647058823,133.2941176470588,1.5294117647058822
10112009CAR,October 11,CAR,WAS,18.0,340.1764705882353,193.64705882352942,146.52941176470588,2.0588235294117645,19.58823529411765,341.11764705882354,210.41176470588235,130.7058823529412,1.588235294117647
10182009TAM,October 18,CAR,TAM,18.11764705882353,333.1764705882353,183.0,150.1764705882353,2.1176470588235294,19.823529411764707,348.05882352941177,212.11764705882354,135.94117647058823,1.5294117647058822
10252009CAR,October 25,CAR,BUF,18.470588235294116,341.5882352941176,186.94117647058823,154.64705882352942,2.176470588235294,19.352941176470587,339.3529411764706,208.64705882352942,130.7058823529412,1.5294117647058822
1112009CRD,November 1,CAR,CRD,18.11764705882353,342.70588235294116,180.58823529411765,162.11764705882354,2.176470588235294,19.705882352941178,338.0,208.52941176470588,129.47058823529412,1.7647058823529411
1182009NOR,November 8,CAR,NOR,18.058823529411764,343.88235294117646,177.7058823529412,166.1764705882353,2.2941176470588234,19.294117647058822,337.3529411764706,205.88235294117646,131.47058823529412,1.7647058823529411
11152009CAR,November 15,CAR,ATL,18.58823529411765,353.3529411764706,185.8235294117647,167.52941176470588,2.0588235294117645,19.58823529411765,345.6470588235294,212.47058823529412,133.1764705882353,1.7058823529411764
11192009CAR,November 19,CAR,MIA,18.941176470588236,354.3529411764706,191.64705882352942,162.7058823529412,2.0588235294117645,19.41176470588235,346.2352941176471,211.64705882352942,134.58823529411765,1.4705882352941178
11292009NYJ,November 29,CAR,NYJ,18.294117647058822,340.88235294117646,181.64705882352942,159.23529411764707,2.2941176470588234,19.11764705882353,339.8235294117647,204.88235294117646,134.94117647058823,1.588235294117647
1262009CAR,December 6,CAR,TAM,18.294117647058822,341.52941176470586,180.58823529411765,160.94117647058823,2.3529411764705883,18.941176470588236,341.6470588235294,206.1764705882353,135.47058823529412,1.7647058823529411
12132009NWE,December 13,CAR,NWE,17.58823529411765,332.1764705882353,181.41176470588235,150.76470588235293,2.235294117647059,19.235294117647058,341.2352941176471,199.94117647058823,141.2941176470588,1.9411764705882353
12202009CAR,December 20,CAR,MIN,17.88235294117647,332.0,182.58823529411765,149.41176470588235,2.176470588235294,18.941176470588236,338.7647058823529,202.1764705882353,136.58823529411765,1.9411764705882353
12272009NYG,December 27,CAR,NYG,18.41176470588235,336.29411764705884,181.64705882352942,154.64705882352942,2.176470588235294,18.764705882352942,330.4117647058824,208.0,122.41176470588235,2.176470588235294
132010CAR,January 3,CAR,NOR,17.941176470588236,327.4117647058824,176.05882352941177,151.35294117647058,2.176470588235294,18.294117647058822,318.4117647058824,192.41176470588235,126.0,2.235294117647059
9122010NYG,September 12,CAR,NYG,17.823529411764707,325.52941176470586,173.35294117647058,152.1764705882353,2.1176470588235294,18.294117647058822,319.3529411764706,194.94117647058823,124.41176470588235,2.411764705882353
9192010CAR,September 19,CAR,TAM,17.941176470588236,331.94117647058823,177.8235294117647,154.11764705882354,1.8823529411764706,18.11764705882353,319.70588235294116,200.58823529411765,119.11764705882354,2.2941176470588234
9262010CAR,September 26,CAR,CIN,17.529411764705884,321.7647058823529,171.0,150.76470588235293,2.0,18.0,315.8235294117647,198.52941176470588,117.29411764705883,2.2941176470588234
1032010NOR,October 3,CAR,NOR,17.235294117647058,320.5882352941176,167.1764705882353,153.41176470588235,1.8823529411764706,18.176470588235293,311.94117647058823,200.0,111.94117647058823,2.411764705882353
10102010CAR,October 10,CAR,CHI,16.764705882352942,314.6470588235294,161.2941176470588,153.35294117647058,1.9411764705882353,18.058823529411764,314.8235294117647,194.41176470588235,120.41176470588235,2.588235294117647
10242010CAR,October 24,CAR,SFO,16.764705882352942,318.0,175.88235294117646,142.11764705882354,1.9411764705882353,18.235294117647058,317.0,198.05882352941177,118.94117647058823,2.5294117647058822
10312010RAM,October 31,CAR,RAM,16.41176470588235,304.8235294117647,168.05882352941177,136.76470588235293,1.9411764705882353,18.58823529411765,321.6470588235294,202.1764705882353,119.47058823529412,2.5294117647058822
1172010CAR,November 7,CAR,NOR,16.529411764705884,295.4117647058824,167.05882352941177,128.35294117647058,2.0588235294117645,18.823529411764707,326.8235294117647,203.1764705882353,123.6470588235294,2.235294117647059
11142010TAM,November 14,CAR,TAM,16.352941176470587,291.2352941176471,166.64705882352942,124.58823529411765,1.9411764705882353,19.0,327.2352941176471,197.58823529411765,129.64705882352942,2.235294117647059
11212010CAR,November 21,CAR,RAV,15.764705882352942,284.7647058823529,164.0,120.76470588235294,2.0588235294117645,19.0,325.94117647058823,200.76470588235293,125.17647058823529,2.235294117647059
11282010CLE,November 28,CAR,CLE,15.411764705882353,281.4117647058824,162.47058823529412,118.94117647058823,2.0588235294117645,19.529411764705884,329.05882352941177,204.0,125.05882352941177,2.411764705882353
1252010SEA,December 5,CAR,SEA,15.823529411764707,287.52941176470586,165.2941176470588,122.23529411764706,1.8823529411764706,20.058823529411764,334.2352941176471,207.88235294117646,126.3529411764706,2.3529411764705883
12122010CAR,December 12,CAR,ATL,15.705882352941176,286.29411764705884,160.8235294117647,125.47058823529412,1.8823529411764706,20.176470588235293,325.88235294117646,201.11764705882354,124.76470588235294,2.1176470588235294
12192010CAR,December 19,CAR,CRD,15.823529411764707,286.1764705882353,157.7058823529412,128.47058823529412,1.9411764705882353,19.294117647058822,316.52941176470586,200.11764705882354,116.41176470588235,2.0588235294117645
12232010PIT,December 23,CAR,PIT,14.882352941176471,269.8235294117647,144.2941176470588,125.52941176470588,2.0588235294117645,20.0,326.5882352941176,205.8235294117647,120.76470588235294,2.0588235294117645
122011ATL,January 2,CAR,ATL,14.117647058823529,262.47058823529414,143.41176470588235,119.05882352941177,2.176470588235294,20.11764705882353,328.6470588235294,205.58823529411765,123.05882352941177,1.8823529411764706
9112011CRD,September 11,CAR,CRD,14.764705882352942,271.29411764705884,158.35294117647058,112.94117647058823,2.235294117647059,20.176470588235293,339.29411764705884,216.94117647058823,122.3529411764706,1.7647058823529411
9182011CAR,September 18,CAR,GNB,15.470588235294118,285.29411764705884,173.41176470588235,111.88235294117646,2.176470588235294,19.88235294117647,341.8235294117647,219.11764705882354,122.70588235294117,1.588235294117647
9252011CAR,September 25,CAR,JAX,15.470588235294118,284.52941176470586,173.35294117647058,111.17647058823529,2.0,19.823529411764707,340.88235294117646,216.23529411764707,124.6470588235294,1.6470588235294117
1022011CHI,October 2,CAR,CHI,15.882352941176471,300.7647058823529,184.76470588235293,116.0,1.8235294117647058,19.470588235294116,341.5882352941176,210.8235294117647,130.76470588235293,1.588235294117647
1092011CAR,October 9,CAR,NOR,16.470588235294116,308.4117647058824,189.8235294117647,118.58823529411765,1.8235294117647058,19.470588235294116,345.1764705882353,215.58823529411765,129.58823529411765,1.5294117647058822
10162011ATL,October 16,CAR,ATL,17.41176470588235,321.4117647058824,199.64705882352942,121.76470588235294,1.8235294117647058,20.11764705882353,349.7647058823529,223.23529411764707,126.52941176470588,1.2941176470588236
10232011CAR,October 23,CAR,WAS,17.294117647058822,323.05882352941177,195.47058823529412,127.58823529411765,1.6470588235294117,20.529411764705884,353.94117647058823,227.8235294117647,126.11764705882354,1.411764705882353
10302011CAR,October 30,CAR,MIN,17.705882352941178,335.05882352941177,200.7058823529412,134.35294117647058,1.5294117647058822,20.941176470588236,360.70588235294116,230.47058823529412,130.23529411764707,1.4705882352941178
11132011CAR,November 13,CAR,OTI,17.764705882352942,340.0,206.47058823529412,133.52941176470588,1.5294117647058822,20.647058823529413,359.2352941176471,228.58823529411765,130.64705882352942,1.4705882352941178
11202011DET,November 20,CAR,DET,18.11764705882353,346.4117647058824,211.76470588235293,134.64705882352942,1.7058823529411764,21.11764705882353,363.5882352941176,233.94117647058823,129.64705882352942,1.5294117647058822
11272011CLT,November 27,CAR,CLT,18.88235294117647,352.70588235294116,213.2941176470588,139.41176470588235,1.6470588235294117,20.823529411764707,360.3529411764706,230.41176470588235,129.94117647058823,1.5294117647058822
1242011TAM,December 4,CAR,TAM,19.470588235294116,356.1764705882353,216.05882352941177,140.11764705882354,1.588235294117647,20.176470588235293,354.8235294117647,229.23529411764707,125.58823529411765,1.411764705882353
12112011CAR,December 11,CAR,ATL,19.529411764705884,364.0,222.35294117647058,141.64705882352942,1.6470588235294117,19.764705882352942,356.1764705882353,235.0,121.17647058823529,1.2941176470588236
12182011HTX,December 18,CAR,HTX,19.941176470588236,365.6470588235294,226.7058823529412,138.94117647058823,1.5294117647058822,19.41176470588235,358.0,235.47058823529412,122.52941176470588,1.411764705882353
12242011CAR,December 24,CAR,TAM,20.176470588235293,373.29411764705884,228.88235294117646,144.41176470588235,1.4705882352941178,20.11764705882353,363.8235294117647,240.35294117647058,123.47058823529412,1.5294117647058822
112012NOR,January 1,CAR,NOR,21.0,384.0,234.2941176470588,149.7058823529412,1.4705882352941178,20.764705882352942,376.11764705882354,247.1764705882353,128.94117647058823,1.4705882352941178
992012TAM,September 9,CAR,TAM,21.235294117647058,384.5882352941176,242.35294117647058,142.23529411764707,1.4705882352941178,20.41176470588235,370.5882352941176,239.8235294117647,130.76470588235293,1.411764705882353
9162012CAR,September 16,CAR,NOR,21.058823529411764,383.7647058823529,233.0,150.76470588235293,1.4705882352941178,21.11764705882353,376.0,241.47058823529412,134.52941176470588,1.4705882352941178
9202012CAR,September 20,CAR,NYG,20.823529411764707,375.05882352941177,224.94117647058823,150.11764705882354,1.5294117647058822,21.58823529411765,375.1764705882353,240.58823529411765,134.58823529411765,1.411764705882353
9302012ATL,September 30,CAR,ATL,21.11764705882353,383.2352941176471,227.7058823529412,155.52941176470588,1.588235294117647,22.235294117647058,385.11764705882354,250.94117647058823,134.1764705882353,1.411764705882353
1072012CAR,October 7,CAR,SEA,20.470588235294116,362.47058823529414,212.05882352941177,150.41176470588235,1.6470588235294117,22.352941176470587,384.70588235294116,257.94117647058823,126.76470588235294,1.5294117647058822
10212012CAR,October 21,CAR,DAL,20.352941176470587,359.3529411764706,211.88235294117646,147.47058823529412,1.7058823529411764,21.823529411764707,376.94117647058823,251.11764705882354,125.82352941176471,1.5294117647058822
10282012CHI,October 28,CAR,CHI,20.176470588235293,362.1764705882353,215.88235294117646,146.2941176470588,1.6470588235294117,21.470588235294116,370.1764705882353,249.47058823529412,120.70588235294117,1.7058823529411764
1142012WAS,November 4,CAR,WAS,20.058823529411764,357.6470588235294,214.05882352941177,143.58823529411765,1.6470588235294117,21.58823529411765,369.2352941176471,245.05882352941177,124.17647058823529,1.5294117647058822
11112012CAR,November 11,CAR,DEN,19.941176470588236,348.52941176470586,210.11764705882354,138.41176470588235,1.6470588235294117,21.352941176470587,369.1764705882353,248.94117647058823,120.23529411764706,1.588235294117647
11182012CAR,November 18,CAR,TAM,20.058823529411764,351.5882352941176,214.11764705882354,137.47058823529412,1.588235294117647,21.529411764705884,370.3529411764706,250.41176470588235,119.94117647058823,1.7058823529411764
11262012PHI,November 26,CAR,PHI,20.058823529411764,350.94117647058823,215.11764705882354,135.8235294117647,1.3529411764705883,20.88235294117647,359.52941176470586,237.52941176470588,122.0,1.7058823529411764
1222012KAN,December 2,CAR,KAN,19.88235294117647,351.4117647058824,217.7058823529412,133.7058823529412,1.2941176470588236,21.235294117647058,361.4117647058824,236.2941176470588,125.11764705882354,1.588235294117647
1292012CAR,December 9,CAR,ATL,19.705882352941178,356.70588235294116,221.11764705882354,135.58823529411765,1.2941176470588236,21.88235294117647,365.94117647058823,243.35294117647058,122.58823529411765,1.588235294117647
12162012SDG,December 16,CAR,SDG,20.294117647058822,354.11764705882354,218.64705882352942,135.47058823529412,1.2352941176470589,21.529411764705884,352.4117647058824,230.76470588235293,121.6470588235294,1.7058823529411764
12232012CAR,December 23,CAR,RAI,20.058823529411764,351.47058823529414,219.1764705882353,132.2941176470588,1.3529411764705883,21.176470588235293,342.47058823529414,226.88235294117646,115.58823529411765,1.588235294117647
12302012NOR,December 30,CAR,NOR,20.529411764705884,357.1764705882353,224.7058823529412,132.47058823529412,1.411764705882353,21.11764705882353,349.7647058823529,233.94117647058823,115.82352941176471,1.411764705882353
982013CAR,September 8,CAR,SEA,20.294117647058822,354.3529411764706,223.64705882352942,130.7058823529412,1.411764705882353,20.235294117647058,335.2352941176471,227.52941176470588,107.70588235294117,1.411764705882353
9152013BUF,September 15,CAR,BUF,20.823529411764707,354.7647058823529,217.2941176470588,137.47058823529412,1.3529411764705883,20.58823529411765,345.70588235294116,236.88235294117646,108.82352941176471,1.5294117647058822
9222013CAR,September 22,CAR,NYG,21.058823529411764,351.1764705882353,215.1764705882353,136.0,1.411764705882353,19.58823529411765,325.94117647058823,223.1764705882353,102.76470588235294,1.588235294117647
1062013CRD,October 6,CAR,CRD,21.0,352.70588235294116,214.64705882352942,138.05882352941177,1.3529411764705883,19.294117647058822,316.8235294117647,216.11764705882354,100.70588235294117,1.7647058823529411
10132013MIN,October 13,CAR,MIN,21.058823529411764,350.52941176470586,216.47058823529412,134.05882352941177,1.2941176470588236,18.88235294117647,308.8235294117647,210.8235294117647,98.0,1.8235294117647058
10202013CAR,October 20,CAR,RAM,21.529411764705884,355.94117647058823,220.7058823529412,135.23529411764707,1.1764705882352942,18.764705882352942,309.2352941176471,213.2941176470588,95.94117647058823,1.8235294117647058
10242013TAM,October 24,CAR,TAM,21.705882352941178,355.70588235294116,219.47058823529412,136.23529411764707,1.0588235294117647,18.823529411764707,308.3529411764706,214.58823529411765,93.76470588235294,1.8235294117647058
1132013CAR,November 3,CAR,ATL,22.058823529411764,353.1764705882353,216.23529411764707,136.94117647058823,1.0588235294117647,18.470588235294116,313.0,219.2941176470588,93.70588235294117,1.8823529411764706
11102013SFO,November 10,CAR,SFO,21.88235294117647,348.47058823529414,212.7058823529412,135.76470588235293,1.1764705882352942,17.647058823529413,302.05882352941177,211.05882352941177,91.0,2.0
11182013CAR,November 18,CAR,NWE,21.941176470588236,351.4117647058824,212.64705882352942,138.76470588235293,1.0588235294117647,18.235294117647058,303.8235294117647,210.35294117647058,93.47058823529412,2.0
11242013MIA,November 24,CAR,MIA,22.058823529411764,349.29411764705884,208.23529411764707,141.05882352941177,1.0588235294117647,17.529411764705884,299.6470588235294,212.94117647058823,86.70588235294117,1.8823529411764706
1212013CAR,December 1,CAR,TAM,21.823529411764707,350.94117647058823,206.7058823529412,144.23529411764707,1.1764705882352942,17.058823529411764,293.47058823529414,214.88235294117646,78.58823529411765,1.8235294117647058
1282013NOR,December 8,CAR,NOR,21.647058823529413,342.3529411764706,200.2941176470588,142.05882352941177,1.1764705882352942,17.11764705882353,294.52941176470586,221.1764705882353,73.3529411764706,1.8235294117647058
12152013CAR,December 15,CAR,NYJ,21.529411764705884,337.47058823529414,199.1764705882353,138.2941176470588,1.1764705882352942,16.705882352941178,290.70588235294116,210.1764705882353,80.52941176470588,1.8235294117647058
12222013CAR,December 22,CAR,NOR,20.41176470588235,328.6470588235294,194.7058823529412,133.94117647058823,1.1764705882352942,17.176470588235293,302.52941176470586,218.7058823529412,83.82352941176471,1.8235294117647058
12292013ATL,December 29,CAR,ATL,20.41176470588235,329.3529411764706,194.11764705882354,135.23529411764707,1.1764705882352942,17.647058823529413,309.47058823529414,223.94117647058823,85.52941176470588,1.8235294117647058
1122014CAR,January 12,CAR,SFO,19.823529411764707,317.29411764705884,192.64705882352942,124.6470588235294,1.2352941176470589,17.58823529411765,302.05882352941177,212.8235294117647,89.23529411764706,1.7647058823529411
972014TAM,September 7,CAR,TAM,19.941176470588236,322.05882352941177,198.64705882352942,123.41176470588235,1.1176470588235294,17.529411764705884,295.8235294117647,204.7058823529412,91.11764705882354,1.8823529411764706
9142014CAR,September 14,CAR,DET,19.647058823529413,322.3529411764706,202.64705882352942,119.70588235294117,1.0588235294117647,17.352941176470587,289.1764705882353,202.7058823529412,86.47058823529412,1.9411764705882353
9212014CAR,September 21,CAR,PIT,19.235294117647058,319.2352941176471,208.47058823529412,110.76470588235294,1.0588235294117647,18.176470588235293,307.05882352941177,208.58823529411765,98.47058823529412,1.7647058823529411
9282014RAV,September 28,CAR,RAV,19.176470588235293,317.0,207.88235294117646,109.11764705882354,0.8823529411764706,18.529411764705884,319.05882352941177,218.41176470588235,100.6470588235294,1.588235294117647
1052014CAR,October 5,CAR,CHI,19.176470588235293,314.3529411764706,207.58823529411765,106.76470588235294,1.0588235294117647,18.529411764705884,322.4117647058824,221.1764705882353,101.23529411764706,1.7058823529411764
10122014CIN,October 12,CAR,CIN,19.647058823529413,323.11764705882354,213.7058823529412,109.41176470588235,1.1176470588235294,19.352941176470587,333.94117647058823,225.05882352941177,108.88235294117646,1.6470588235294117
10192014GNB,October 19,CAR,GNB,19.764705882352942,323.52941176470586,215.35294117647058,108.17647058823529,1.1764705882352942,19.529411764705884,337.8235294117647,224.58823529411765,113.23529411764706,1.588235294117647
10262014CAR,October 26,CAR,SEA,19.176470588235293,317.2352941176471,210.05882352941177,107.17647058823529,1.1764705882352942,19.941176470588236,339.05882352941177,223.41176470588235,115.6470588235294,1.4705882352941178
10302014CAR,October 30,CAR,NOR,19.176470588235293,316.11764705882354,208.94117647058823,107.17647058823529,1.1764705882352942,20.941176470588236,352.2352941176471,236.58823529411765,115.6470588235294,1.4705882352941178
11102014PHI,November 10,CAR,PHI,19.235294117647058,317.11764705882354,210.0,107.11764705882354,1.4705882352941178,20.294117647058822,350.7647058823529,239.23529411764707,111.52941176470588,1.3529411764705883
11162014CAR,November 16,CAR,ATL,19.352941176470587,322.7647058823529,217.41176470588235,105.3529411764706,1.5294117647058822,20.823529411764707,351.5882352941176,238.05882352941177,113.52941176470588,1.3529411764705883
11302014MIN,November 30,CAR,MIN,19.529411764705884,318.1764705882353,211.94117647058823,106.23529411764706,1.4705882352941178,20.941176470588236,351.8235294117647,236.76470588235293,115.05882352941177,1.2352941176470589
1272014NOR,December 7,CAR,NOR,20.0,333.3529411764706,218.7058823529412,114.6470588235294,1.4705882352941178,20.58823529411765,348.11764705882354,231.7058823529412,116.41176470588235,1.3529411764705883
12142014CAR,December 14,CAR,TAM,20.41176470588235,333.3529411764706,219.1764705882353,114.17647058823529,1.5294117647058822,20.352941176470587,347.52941176470586,231.47058823529412,116.05882352941177,1.4705882352941178
12212014CAR,December 21,CAR,CLE,21.41176470588235,344.05882352941177,222.35294117647058,121.70588235294117,1.588235294117647,19.647058823529413,339.47058823529414,225.88235294117646,113.58823529411765,1.411764705882353
12282014ATL,December 28,CAR,ATL,21.470588235294116,345.4117647058824,220.1764705882353,125.23529411764706,1.4705882352941178,19.41176470588235,338.3529411764706,225.52941176470588,112.82352941176471,1.5294117647058822
132015CAR,January 3,CAR,CRD,21.88235294117647,349.0,218.1764705882353,130.8235294117647,1.5294117647058822,18.647058823529413,324.4117647058824,217.41176470588235,107.0,1.7058823529411764
1102015SEA,January 10,CAR,SEA,22.0,350.6470588235294,218.7058823529412,131.94117647058823,1.7058823529411764,18.58823529411765,329.3529411764706,222.47058823529412,106.88235294117646,1.5294117647058822
9132015JAX,September 13,CAR,JAX,21.823529411764707,347.70588235294116,213.23529411764707,134.47058823529412,1.7647058823529411,18.41176470588235,325.94117647058823,217.52941176470588,108.41176470588235,1.5294117647058822
9202015CAR,September 20,CAR,HTX,22.11764705882353,347.7647058823529,205.64705882352942,142.11764705882354,1.7058823529411764,18.235294117647058,316.88235294117646,220.41176470588235,96.47058823529412,1.588235294117647
9272015CAR,September 27,CAR,NOR,22.352941176470587,354.5882352941176,209.41176470588235,145.1764705882353,1.6470588235294117,18.352941176470587,312.52941176470586,219.41176470588235,93.11764705882354,1.7058823529411764
1042015TAM,October 4,CAR,TAM,22.058823529411764,350.0,202.35294117647058,147.64705882352942,1.5294117647058822,18.823529411764707,316.29411764705884,219.88235294117646,96.41176470588235,1.7647058823529411
10182015SEA,October 18,CAR,SEA,21.823529411764707,347.1764705882353,200.23529411764707,146.94117647058823,1.588235294117647,17.941176470588236,305.7647058823529,213.94117647058823,91.82352941176471,1.6470588235294117
10252015CAR,October 25,CAR,PHI,21.705882352941178,350.88235294117646,198.2941176470588,152.58823529411765,1.7058823529411764,17.823529411764707,304.94117647058823,209.88235294117646,95.05882352941177,1.7058823529411764
1122015CAR,November 2,CAR,CLT,21.705882352941178,357.52941176470586,203.41176470588235,154.11764705882354,1.7647058823529411,17.823529411764707,307.8235294117647,211.76470588235293,96.05882352941177,1.8235294117647058
1182015CAR,November 8,CAR,GNB,22.0,369.05882352941177,213.7058823529412,155.35294117647058,1.7058823529411764,17.470588235294116,309.4117647058824,215.35294117647058,94.05882352941177,1.8235294117647058
11152015OTI,November 15,CAR,OTI,22.176470588235293,370.1764705882353,213.8235294117647,156.35294117647058,1.411764705882353,17.11764705882353,302.1764705882353,206.52941176470588,95.6470588235294,1.9411764705882353
11222015CAR,November 22,CAR,WAS,22.470588235294116,368.8235294117647,210.35294117647058,158.47058823529412,1.2941176470588236,16.352941176470587,292.7647058823529,201.35294117647058,91.41176470588235,2.176470588235294
11262015DAL,November 26,CAR,DAL,22.176470588235293,365.6470588235294,210.05882352941177,155.58823529411765,1.2352941176470589,16.470588235294116,292.7647058823529,204.94117647058823,87.82352941176471,2.3529411764705883
1262015NOR,December 6,CAR,NOR,22.705882352941178,365.6470588235294,215.7058823529412,149.94117647058823,1.411764705882353,16.647058823529413,294.1764705882353,207.64705882352942,86.52941176470588,2.2941176470588234
12132015CAR,December 13,CAR,ATL,22.235294117647058,367.52941176470586,216.47058823529412,151.05882352941177,1.3529411764705883,16.647058823529413,290.8235294117647,210.0,80.82352941176471,2.3529411764705883
12202015NYG,December 20,CAR,NYG,22.294117647058822,372.0,223.1764705882353,148.8235294117647,1.2941176470588236,17.41176470588235,301.29411764705884,215.94117647058823,85.3529411764706,2.411764705882353
12272015ATL,December 27,CAR,ATL,22.352941176470587,369.7647058823529,223.23529411764707,146.52941176470588,1.3529411764705883,17.705882352941178,306.29411764705884,220.11764705882354,86.17647058823529,2.2941176470588234
132016CAR,January 3,CAR,TAM,22.235294117647058,368.5882352941176,226.58823529411765,142.0,1.2941176470588236,18.470588235294116,324.4117647058824,235.2941176470588,89.11764705882354,2.2941176470588234
1172016CAR,January 17,CAR,SEA,22.11764705882353,364.6470588235294,221.94117647058823,142.7058823529412,1.1176470588235294,18.88235294117647,327.6470588235294,239.8235294117647,87.82352941176471,2.411764705882353
1242016CAR,January 24,CAR,CRD,22.352941176470587,377.1764705882353,231.7058823529412,145.47058823529412,1.1176470588235294,19.058823529411764,328.94117647058823,243.23529411764707,85.70588235294117,2.6470588235294117
272016DEN,February 7,CAR,DEN,22.11764705882353,375.11764705882354,232.8235294117647,142.2941176470588,1.2941176470588236,18.470588235294116,322.70588235294116,235.2941176470588,87.41176470588235,2.7058823529411766
982016DEN,September 8,CAR,DEN,21.941176470588236,369.3529411764706,224.8235294117647,144.52941176470588,1.3529411764705883,18.11764705882353,318.4117647058824,226.41176470588235,92.0,2.764705882352941
9182016CAR,September 18,CAR,SFO,22.470588235294116,386.11764705882354,239.05882352941177,147.05882352941177,1.5294117647058822,17.58823529411765,312.0,224.47058823529412,87.52941176470588,2.6470588235294117
9252016CAR,September 25,CAR,MIN,22.058823529411764,381.5882352941176,236.2941176470588,145.2941176470588,1.588235294117647,17.529411764705884,304.7647058823529,220.58823529411765,84.17647058823529,2.6470588235294117
1022016ATL,October 2,CAR,ATL,22.0,380.6470588235294,244.47058823529412,136.1764705882353,1.5294117647058822,17.823529411764707,317.8235294117647,238.76470588235293,79.05882352941177,2.6470588235294117
10102016CAR,October 10,CAR,TAM,22.176470588235293,382.70588235294116,246.76470588235293,135.94117647058823,1.588235294117647,17.88235294117647,315.2352941176471,237.52941176470588,77.70588235294117,2.411764705882353
10162016NOR,October 16,CAR,NOR,22.88235294117647,381.47058823529414,247.11764705882354,134.35294117647058,1.6470588235294117,18.0,322.3529411764706,245.11764705882354,77.23529411764706,2.3529411764705883
10302016CAR,October 30,CAR,CRD,22.58823529411765,382.2352941176471,246.58823529411765,135.64705882352942,1.7058823529411764,18.647058823529413,328.11764705882354,253.23529411764707,74.88235294117646,2.3529411764705883
1162016RAM,November 6,CAR,RAM,21.941176470588236,374.94117647058823,244.1764705882353,130.76470588235293,1.7058823529411764,19.176470588235293,337.11764705882354,259.5882352941176,77.52941176470588,2.1176470588235294
11132016CAR,November 13,CAR,KAN,22.176470588235293,377.70588235294116,248.7058823529412,129.0,1.8235294117647058,19.41176470588235,339.8235294117647,258.7647058823529,81.05882352941177,2.0
11172016CAR,November 17,CAR,NOR,21.235294117647058,361.5882352941176,239.94117647058823,121.6470588235294,1.6470588235294117,19.823529411764707,342.0,258.7647058823529,83.23529411764706,2.0588235294117645
11272016RAI,November 27,CAR,RAI,21.176470588235293,357.70588235294116,236.8235294117647,120.88235294117646,1.7647058823529411,20.235294117647058,350.0,266.6470588235294,83.3529411764706,1.9411764705882353
1242016SEA,December 4,CAR,SEA,20.352941176470587,345.4117647058824,229.35294117647058,116.05882352941177,1.8235294117647058,20.705882352941178,357.52941176470586,269.52941176470586,88.0,1.8823529411764706
12112016CAR,December 11,CAR,SDG,20.294117647058822,345.6470588235294,231.2941176470588,114.3529411764706,1.8235294117647058,20.470588235294116,351.94117647058823,265.05882352941177,86.88235294117646,2.1176470588235294
12192016WAS,December 19,CAR,WAS,20.235294117647058,349.88235294117646,233.35294117647058,116.52941176470588,1.7058823529411764,20.294117647058822,348.94117647058823,264.88235294117646,84.05882352941177,2.1176470588235294
12242016CAR,December 24,CAR,ATL,20.11764705882353,350.29411764705884,235.23529411764707,115.05882352941177,1.8235294117647058,20.176470588235293,349.2352941176471,260.8235294117647,88.41176470588235,2.0
112017TAM,January 1,CAR,TAM,19.941176470588236,342.0,228.35294117647058,113.6470588235294,1.9411764705882353,20.0,350.0,258.52941176470586,91.47058823529412,1.7058823529411764
9102017SFO,September 10,CAR,SFO,19.88235294117647,340.3529411764706,226.8235294117647,113.52941176470588,1.8235294117647058,20.11764705882353,351.3529411764706,262.1764705882353,89.17647058823529,1.7058823529411764
9172017CAR,September 17,CAR,BUF,19.764705882352942,335.7647058823529,226.94117647058823,108.82352941176471,1.7647058823529411,19.470588235294116,343.6470588235294,259.11764705882354,84.52941176470588,1.5294117647058822
9242017CAR,September 24,CAR,NOR,19.294117647058822,321.5882352941176,215.35294117647058,106.23529411764706,1.7058823529411764,19.764705882352942,347.1764705882353,257.70588235294116,89.47058823529412,1.3529411764705883
1012017NWE,October 1,CAR,NWE,19.88235294117647,329.70588235294116,221.41176470588235,108.29411764705883,1.6470588235294117,20.41176470588235,356.70588235294116,265.94117647058823,90.76470588235294,1.3529411764705883
1082017DET,October 8,CAR,DET,19.647058823529413,328.7647058823529,221.7058823529412,107.05882352941177,1.5294117647058822,20.058823529411764,337.3529411764706,248.94117647058823,88.41176470588235,1.3529411764705883
10122017CAR,October 12,CAR,PHI,19.823529411764707,322.3529411764706,218.58823529411765,103.76470588235294,1.4705882352941178,19.764705882352942,337.05882352941177,249.35294117647058,87.70588235294117,1.411764705882353
10222017CHI,October 22,CAR,CHI,19.11764705882353,315.70588235294116,211.64705882352942,104.05882352941177,1.5294117647058822,18.705882352941178,315.29411764705884,227.2941176470588,88.0,1.3529411764705883
10292017TAM,October 29,CAR,TAM,18.823529411764707,310.11764705882354,208.47058823529412,101.6470588235294,1.5294117647058822,18.352941176470587,311.70588235294116,220.11764705882354,91.58823529411765,1.411764705882353
1152017CAR,November 5,CAR,ATL,19.058823529411764,315.1764705882353,205.1764705882353,110.0,1.6470588235294117,18.294117647058822,312.6470588235294,221.41176470588235,91.23529411764706,1.411764705882353
11132017CAR,November 13,CAR,MIA,19.529411764705884,327.3529411764706,205.88235294117646,121.47058823529412,1.5294117647058822,18.235294117647058,316.0,224.23529411764707,91.76470588235294,1.411764705882353
11262017NYJ,November 26,CAR,NYJ,19.529411764705884,331.8235294117647,204.76470588235293,127.05882352941177,1.5294117647058822,17.823529411764707,317.1764705882353,225.2941176470588,91.88235294117646,1.3529411764705883
1232017NOR,December 3,CAR,NOR,19.352941176470587,327.1764705882353,201.11764705882354,126.05882352941177,1.4705882352941178,17.647058823529413,319.1764705882353,221.88235294117646,97.29411764705883,1.2941176470588236
12102017CAR,December 10,CAR,MIN,19.41176470588235,331.52941176470586,198.0,133.52941176470588,1.411764705882353,17.176470588235293,308.70588235294116,219.64705882352942,89.05882352941177,1.411764705882353
12172017CAR,December 17,CAR,GNB,20.11764705882353,338.29411764705884,203.2941176470588,135.0,1.3529411764705883,17.58823529411765,314.94117647058823,222.23529411764707,92.70588235294117,1.3529411764705883
12242017CAR,December 24,CAR,TAM,20.0,327.52941176470586,194.47058823529412,133.05882352941177,1.411764705882353,17.705882352941178,318.29411764705884,223.41176470588235,94.88235294117646,1.3529411764705883
12312017ATL,December 31,CAR,ATL,19.88235294117647,324.3529411764706,193.1764705882353,131.1764705882353,1.4705882352941178,17.647058823529413,316.11764705882354,226.64705882352942,89.47058823529412,1.3529411764705883
172018NOR,January 7,CAR,NOR,20.235294117647058,328.94117647058823,199.0,129.94117647058823,1.2941176470588236,17.823529411764707,322.5882352941176,237.2941176470588,85.29411764705883,1.2941176470588236
992018CAR,September 9,CAR,DAL,20.235294117647058,329.29411764705884,197.52941176470588,131.76470588235293,1.2352941176470589,18.058823529411764,323.47058823529414,235.64705882352942,87.82352941176471,1.2352941176470589
9162018ATL,September 16,CAR,ATL,20.705882352941178,340.11764705882354,205.76470588235293,134.35294117647058,1.2941176470588236,18.823529411764707,339.11764705882354,245.35294117647058,93.76470588235294,1.2941176470588236
9232018CAR,September 23,CAR,CIN,21.0,345.3529411764706,205.23529411764707,140.11764705882354,1.1176470588235294,19.058823529411764,341.11764705882354,252.23529411764707,88.88235294117646,1.5294117647058822
1072018CAR,October 7,CAR,NYG,20.58823529411765,339.8235294117647,201.0,138.8235294117647,1.1176470588235294,18.705882352941178,344.5882352941176,257.47058823529414,87.11764705882354,1.7058823529411764
10142018WAS,October 14,CAR,WAS,20.941176470588236,339.11764705882354,197.1764705882353,141.94117647058823,1.2941176470588236,18.647058823529413,347.29411764705884,255.35294117647058,91.94117647058823,1.6470588235294117
10212018PHI,October 21,CAR,PHI,20.705882352941178,343.0,198.64705882352942,144.35294117647058,1.1176470588235294,19.0,349.1764705882353,259.7647058823529,89.41176470588235,1.6470588235294117
10282018CAR,October 28,CAR,RAV,20.823529411764707,348.47058823529414,201.41176470588235,147.05882352941177,0.9411764705882353,19.88235294117647,359.29411764705884,267.94117647058823,91.3529411764706,1.8235294117647058
1142018CAR,November 4,CAR,TAM,21.294117647058822,357.47058823529414,205.76470588235293,151.7058823529412,0.8823529411764706,20.294117647058822,360.5882352941176,269.4117647058824,91.17647058823529,1.7647058823529411
1182018PIT,November 8,CAR,PIT,21.176470588235293,352.29411764705884,206.8235294117647,145.47058823529412,0.8823529411764706,20.764705882352942,366.5882352941176,270.4117647058824,96.17647058823529,1.7058823529411764
11182018DET,November 18,CAR,DET,20.58823529411765,342.8235294117647,211.35294117647058,131.47058823529412,0.9411764705882353,20.941176470588236,366.3529411764706,270.52941176470586,95.82352941176471,1.6470588235294117
11252018CAR,November 25,CAR,SEA,21.11764705882353,353.2352941176471,217.35294117647058,135.88235294117646,1.0,20.941176470588236,366.70588235294116,272.88235294117646,93.82352941176471,1.588235294117647
1222018TAM,December 2,CAR,TAM,21.764705882352942,362.94117647058823,223.76470588235293,139.1764705882353,1.1764705882352942,20.88235294117647,361.70588235294116,271.0,90.70588235294117,1.588235294117647
1292018CLE,December 9,CAR,CLE,22.176470588235293,365.7647058823529,233.64705882352942,132.11764705882354,1.1764705882352942,20.352941176470587,361.2352941176471,269.5882352941176,91.6470588235294,1.5294117647058822
12172018CAR,December 17,CAR,NOR,21.235294117647058,357.52941176470586,228.52941176470588,129.0,1.2941176470588236,20.176470588235293,359.0,265.29411764705884,93.70588235294117,1.411764705882353
12232018CAR,December 23,CAR,ATL,21.764705882352942,368.1764705882353,237.64705882352942,130.52941176470588,1.4705882352941178,19.941176470588236,361.05882352941177,259.8235294117647,101.23529411764706,1.3529411764705883
12302018NOR,December 30,CAR,NOR,22.352941176470587,375.5882352941176,243.64705882352942,131.94117647058823,1.2941176470588236,19.764705882352942,356.52941176470586,248.0,108.52941176470588,1.411764705882353
982019CAR,September 8,CAR,RAM,22.176470588235293,371.47058823529414,238.35294117647058,133.11764705882354,1.4705882352941178,19.823529411764707,352.94117647058823,237.05882352941177,115.88235294117646,1.411764705882353
9122019CAR,September 12,CAR,TAM,22.176470588235293,374.94117647058823,248.1764705882353,126.76470588235294,1.4705882352941178,19.764705882352942,356.29411764705884,240.05882352941177,116.23529411764706,1.3529411764705883
9222019CRD,September 22,CAR,CRD,21.823529411764707,373.4117647058824,243.58823529411765,129.8235294117647,1.4705882352941178,19.647058823529413,344.88235294117646,231.52941176470588,113.3529411764706,1.411764705882353
9292019HTX,September 29,CAR,HTX,21.58823529411765,368.70588235294116,246.88235294117646,121.82352941176471,1.6470588235294117,19.235294117647058,337.11764705882354,219.64705882352942,117.47058823529412,1.2941176470588236
1062019CAR,October 6,CAR,JAX,21.647058823529413,374.29411764705884,242.64705882352942,131.64705882352942,1.5294117647058822,19.823529411764707,341.52941176470586,218.23529411764707,123.29411764705883,1.2941176470588236
10132019TAM,October 13,CAR,TAM,21.352941176470587,369.47058823529414,239.11764705882354,130.35294117647058,1.411764705882353,20.11764705882353,348.52941176470586,230.52941176470588,118.0,1.7058823529411764
10272019SFO,October 27,CAR,SFO,20.941176470588236,361.1764705882353,230.2941176470588,130.88235294117646,1.588235294117647,20.294117647058822,351.2352941176471,223.0,128.23529411764707,1.7058823529411764
1132019CAR,November 3,CAR,OTI,20.941176470588236,360.2352941176471,229.23529411764707,131.0,1.6470588235294117,20.529411764705884,357.47058823529414,228.05882352941177,129.41176470588235,1.7058823529411764
11102019GNB,November 10,CAR,GNB,21.176470588235293,359.88235294117646,232.35294117647058,127.52941176470588,1.7647058823529411,20.529411764705884,362.5882352941176,228.41176470588235,134.1764705882353,1.588235294117647
11172019CAR,November 17,CAR,ATL,21.11764705882353,366.05882352941177,239.58823529411765,126.47058823529412,1.8823529411764706,20.235294117647058,356.2352941176471,227.0,129.23529411764707,1.588235294117647
11242019NOR,November 24,CAR,NOR,21.470588235294116,363.94117647058823,233.64705882352942,130.2941176470588,1.8823529411764706,20.41176470588235,362.6470588235294,232.0,130.64705882352942,1.6470588235294117
1212019CAR,December 1,CAR,WAS,21.235294117647058,352.29411764705884,231.11764705882354,121.17647058823529,1.9411764705882353,20.352941176470587,360.5882352941176,219.76470588235293,140.8235294117647,1.6470588235294117
1282019ATL,December 8,CAR,ATL,21.235294117647058,346.47058823529414,229.2941176470588,117.17647058823529,1.9411764705882353,20.58823529411765,369.1764705882353,224.58823529411765,144.58823529411765,1.588235294117647
12152019CAR,December 15,CAR,SEA,21.58823529411765,347.70588235294116,227.64705882352942,120.05882352941177,2.0588235294117645,21.11764705882353,373.88235294117646,227.05882352941177,146.8235294117647,1.5294117647058822
12222019CLT,December 22,CAR,CLT,21.941176470588236,350.0,230.58823529411765,119.41176470588235,2.1176470588235294,21.352941176470587,372.5882352941176,222.05882352941177,150.52941176470588,1.411764705882353
12292019CAR,December 29,CAR,NOR,21.176470588235293,343.70588235294116,230.1764705882353,113.52941176470588,2.0588235294117645,21.88235294117647,369.7647058823529,223.88235294117646,145.88235294117646,1.2941176470588236
9132020CAR,September 13,CAR,RAI,21.0,344.52941176470586,229.94117647058823,114.58823529411765,2.0588235294117645,22.235294117647058,374.3529411764706,231.47058823529412,142.88235294117646,1.2352941176470589
9202020TAM,September 20,CAR,TAM,21.176470588235293,349.47058823529414,237.23529411764707,112.23529411764706,2.1176470588235294,22.11764705882353,373.7647058823529,233.47058823529412,140.2941176470588,1.2941176470588236
9272020SDG,September 27,CAR,SDG,20.823529411764707,346.52941176470586,231.8235294117647,114.70588235294117,2.0588235294117645,22.705882352941178,382.4117647058824,241.11764705882354,141.2941176470588,1.5294117647058822
1042020CAR,October 4,CAR,CRD,21.352941176470587,348.3529411764706,233.94117647058823,114.41176470588235,2.0588235294117645,22.705882352941178,383.2352941176471,241.47058823529412,141.76470588235293,1.4705882352941178
10112020ATL,October 11,CAR,ATL,21.647058823529413,356.5882352941176,240.41176470588235,116.17647058823529,1.8823529411764706,22.88235294117647,389.6470588235294,246.11764705882354,143.52941176470588,1.411764705882353
10182020CAR,October 18,CAR,CHI,21.705882352941178,348.2352941176471,242.23529411764707,106.0,2.0588235294117645,22.529411764705884,375.1764705882353,236.7058823529412,138.47058823529412,1.2941176470588236
10252020NOR,October 25,CAR,NOR,21.764705882352942,349.11764705882354,244.41176470588235,104.70588235294117,2.0,22.705882352941178,375.6470588235294,231.52941176470588,144.11764705882354,0.9411764705882353
10292020CAR,October 29,CAR,ATL,22.11764705882353,353.47058823529414,247.76470588235293,105.70588235294117,1.8823529411764706,22.941176470588236,376.4117647058824,238.23529411764707,138.1764705882353,0.9411764705882353
1182020KAN,November 8,CAR,KAN,22.58823529411765,357.29411764705884,254.64705882352942,102.6470588235294,1.8235294117647058,22.941176470588236,374.4117647058824,241.23529411764707,133.1764705882353,0.8235294117647058
11152020CAR,November 15,CAR,TAM,21.823529411764707,344.70588235294116,245.2941176470588,99.41176470588235,1.7647058823529411,23.352941176470587,383.5882352941176,247.64705882352942,135.94117647058823,0.8823529411764706
11222020CAR,November 22,CAR,DET,22.0,346.29411764705884,244.58823529411765,101.70588235294117,1.6470588235294117,22.764705882352942,373.94117647058823,238.8235294117647,135.11764705882354,0.9411764705882353
11292020MIN,November 29,CAR,MIN,21.705882352941178,347.6470588235294,246.76470588235293,100.88235294117646,1.6470588235294117,22.941176470588236,372.11764705882354,238.2941176470588,133.8235294117647,1.0588235294117647
12132020CAR,December 13,CAR,DEN,21.705882352941178,353.05882352941177,248.64705882352942,104.41176470588235,1.5294117647058822,23.11764705882353,372.29411764705884,247.41176470588235,124.88235294117646,1.1176470588235294
12192020GNB,December 19,CAR,GNB,21.294117647058822,354.1764705882353,248.88235294117646,105.29411764705883,1.3529411764705883,23.0,362.29411764705884,235.2941176470588,127.0,1.1176470588235294
12272020WAS,December 27,CAR,WAS,20.764705882352942,346.29411764705884,242.88235294117646,103.41176470588235,1.2941176470588236,22.941176470588236,359.8235294117647,235.52941176470588,124.29411764705883,1.2941176470588236
132021CAR,January 3,CAR,NOR,20.647058823529413,348.29411764705884,245.64705882352942,102.6470588235294,1.411764705882353,22.647058823529413,361.1764705882353,240.52941176470588,120.6470588235294,1.2941176470588236
