,home_team,game_id,date,away_team,home_first_downs,home_total_yds,home_pass_yds,home_rush_yds,home_TO,away_first_downs,away_total_yds,away_pass_yds,away_rush_yds,away_TO
1,OTI,931966OTI,September 3,DEN,28.0,472.0,259.0,213.0,1.0,0.0,26.0,-7.0,33.0,3.0
18,DEN,9181966DEN,September 18,NWE,12.0,173.0,72.0,101.0,3.0,16.0,261.0,116.0,145.0,3.0
30,DEN,9251966DEN,September 25,NYJ,7.0,182.0,105.0,77.0,2.0,20.0,359.0,206.0,153.0,3.0
39,DEN,1021966DEN,October 2,OTI,17.0,362.0,212.0,150.0,2.0,20.0,384.0,289.0,95.0,3.0
49,KAN,1081966KAN,October 8,DEN,21.0,379.0,145.0,234.0,1.0,11.0,212.0,133.0,79.0,2.0
64,MIA,10161966MIA,October 16,DEN,10.0,217.0,146.0,71.0,4.0,11.0,118.0,53.0,65.0,6.0
73,DEN,10231966DEN,October 23,KAN,12.0,211.0,183.0,28.0,7.0,26.0,614.0,234.0,380.0,1.0
89,SDG,10301966SDG,October 30,DEN,21.0,334.0,180.0,154.0,2.0,15.0,280.0,155.0,125.0,0.0
92,NWE,1161966NWE,November 6,DEN,11.0,110.0,67.0,43.0,5.0,16.0,240.0,143.0,97.0,7.0
114,DEN,11201966DEN,November 20,RAI,10.0,102.0,31.0,71.0,3.0,8.0,160.0,94.0,66.0,0.0
129,DEN,11271966DEN,November 27,SDG,16.0,343.0,173.0,170.0,3.0,16.0,286.0,200.0,86.0,2.0
140,DEN,1241966DEN,December 4,MIA,17.0,353.0,262.0,91.0,2.0,19.0,255.0,207.0,48.0,1.0
153,RAI,12111966RAI,December 11,DEN,18.0,377.0,243.0,134.0,1.0,11.0,202.0,160.0,42.0,2.0
160,BUF,12181966BUF,December 18,DEN,19.0,336.0,129.0,207.0,4.0,16.0,364.0,320.0,44.0,5.0
171,DEN,931967DEN,September 3,NWE,11.0,209.0,117.0,92.0,1.0,14.0,302.0,212.0,90.0,7.0
175,RAI,9101967RAI,September 10,DEN,19.0,388.0,180.0,208.0,1.0,3.0,-5.0,-53.0,48.0,2.0
180,MIA,9171967MIA,September 17,DEN,19.0,435.0,233.0,202.0,3.0,13.0,126.0,29.0,97.0,2.0
190,DEN,9241967DEN,September 24,NYJ,15.0,359.0,242.0,117.0,2.0,27.0,478.0,399.0,79.0,2.0
203,OTI,1011967OTI,October 1,DEN,14.0,242.0,76.0,166.0,2.0,15.0,238.0,49.0,189.0,3.0
215,DEN,1081967DEN,October 8,BUF,13.0,190.0,107.0,83.0,1.0,21.0,297.0,210.0,87.0,4.0
237,DEN,10221967DEN,October 22,SDG,11.0,255.0,206.0,49.0,1.0,22.0,490.0,335.0,155.0,2.0
250,KAN,10291967KAN,October 29,DEN,22.0,444.0,268.0,176.0,1.0,10.0,268.0,215.0,53.0,6.0
263,DEN,1151967DEN,November 5,RAI,7.0,119.0,52.0,67.0,1.0,15.0,327.0,195.0,132.0,2.0
274,DEN,11121967DEN,November 12,OTI,14.0,222.0,144.0,78.0,1.0,26.0,386.0,133.0,253.0,3.0
286,BUF,11191967BUF,November 19,DEN,21.0,367.0,229.0,138.0,3.0,13.0,194.0,154.0,40.0,3.0
298,SDG,11231967SDG,November 23,DEN,14.0,300.0,204.0,96.0,2.0,21.0,358.0,246.0,112.0,3.0
314,NYJ,1231967NYJ,December 3,DEN,23.0,345.0,305.0,40.0,6.0,9.0,142.0,18.0,124.0,0.0
334,DEN,12171967DEN,December 17,KAN,17.0,272.0,156.0,116.0,4.0,19.0,400.0,146.0,254.0,3.0
359,CIN,9151968CIN,September 15,DEN,11.0,289.0,185.0,104.0,0.0,15.0,199.0,121.0,78.0,1.0
374,KAN,9221968KAN,September 22,DEN,17.0,341.0,196.0,145.0,2.0,13.0,245.0,194.0,51.0,4.0
383,DEN,9291968DEN,September 29,NWE,15.0,234.0,85.0,149.0,3.0,14.0,212.0,143.0,69.0,1.0
397,DEN,1061968DEN,October 6,CIN,11.0,211.0,112.0,99.0,0.0,15.0,247.0,136.0,111.0,1.0
414,NYJ,10131968NYJ,October 13,DEN,18.0,460.0,331.0,129.0,5.0,12.0,222.0,174.0,48.0,0.0
429,SDG,10201968SDG,October 20,DEN,20.0,581.0,370.0,211.0,1.0,26.0,476.0,295.0,181.0,5.0
435,DEN,10271968DEN,October 27,MIA,20.0,323.0,127.0,196.0,4.0,17.0,340.0,216.0,124.0,4.0
445,NWE,1131968NWE,November 3,DEN,15.0,175.0,98.0,77.0,4.0,18.0,470.0,232.0,238.0,4.0
464,DEN,11101968DEN,November 10,RAI,11.0,175.0,85.0,90.0,3.0,22.0,487.0,280.0,207.0,2.0
475,OTI,11171968OTI,November 17,DEN,22.0,377.0,220.0,157.0,2.0,11.0,228.0,126.0,102.0,2.0
488,DEN,11241968DEN,November 24,BUF,15.0,386.0,302.0,84.0,3.0,14.0,220.0,132.0,88.0,2.0
502,DEN,1211968DEN,December 1,SDG,15.0,287.0,177.0,110.0,2.0,27.0,496.0,335.0,161.0,1.0
516,RAI,1281968RAI,December 8,DEN,24.0,497.0,338.0,159.0,6.0,16.0,267.0,204.0,63.0,5.0
521,DEN,12141968DEN,December 14,KAN,19.0,249.0,124.0,125.0,4.0,15.0,302.0,183.0,119.0,1.0
541,DEN,9141969DEN,September 14,NWE,16.0,321.0,186.0,135.0,0.0,21.0,326.0,237.0,89.0,4.0
551,DEN,9211969DEN,September 21,NYJ,18.0,292.0,141.0,151.0,3.0,22.0,370.0,262.0,108.0,3.0
558,BUF,9281969BUF,September 28,DEN,28.0,406.0,247.0,159.0,1.0,20.0,302.0,233.0,69.0,5.0
575,DEN,1051969DEN,October 5,KAN,15.0,212.0,132.0,80.0,1.0,19.0,350.0,182.0,168.0,0.0
588,DEN,10121969DEN,October 12,RAI,18.0,234.0,113.0,121.0,2.0,20.0,323.0,244.0,79.0,0.0
598,CIN,10191969CIN,October 19,DEN,20.0,256.0,159.0,97.0,3.0,17.0,421.0,149.0,272.0,3.0
613,OTI,10261969OTI,October 26,DEN,19.0,458.0,239.0,219.0,2.0,17.0,314.0,218.0,96.0,0.0
628,DEN,1121969DEN,November 2,SDG,19.0,313.0,199.0,114.0,2.0,10.0,70.0,20.0,50.0,0.0
645,RAI,1191969RAI,November 9,DEN,20.0,359.0,270.0,89.0,0.0,21.0,302.0,177.0,125.0,1.0
651,DEN,11161969DEN,November 16,OTI,8.0,212.0,113.0,99.0,2.0,19.0,454.0,364.0,90.0,5.0
671,SDG,11231969SDG,November 23,DEN,27.0,462.0,227.0,235.0,2.0,23.0,363.0,329.0,34.0,3.0
677,KAN,11271969KAN,November 27,DEN,17.0,285.0,133.0,152.0,2.0,17.0,236.0,151.0,85.0,2.0
694,MIA,1271969MIA,December 7,DEN,20.0,222.0,76.0,146.0,3.0,13.0,244.0,176.0,68.0,4.0
703,DEN,12141969DEN,December 14,CIN,21.0,395.0,207.0,188.0,3.0,14.0,300.0,272.0,28.0,3.0
731,BUF,9201970BUF,September 20,DEN,8.0,149.0,56.0,93.0,4.0,11.0,282.0,146.0,136.0,3.0
745,DEN,9271970DEN,September 27,PIT,12.0,226.0,144.0,82.0,4.0,14.0,245.0,227.0,18.0,3.0
760,DEN,1041970DEN,October 4,KAN,17.0,240.0,100.0,140.0,1.0,14.0,121.0,33.0,88.0,5.0
775,RAI,10111970RAI,October 11,DEN,25.0,522.0,348.0,174.0,1.0,13.0,285.0,140.0,145.0,1.0
785,DEN,10181970DEN,October 18,ATL,18.0,223.0,132.0,91.0,1.0,15.0,216.0,140.0,76.0,5.0
803,SFO,10251970SFO,October 25,DEN,16.0,362.0,234.0,128.0,0.0,15.0,283.0,121.0,162.0,3.0
811,DEN,1111970DEN,November 1,WAS,14.0,246.0,106.0,140.0,5.0,12.0,199.0,102.0,97.0,2.0
828,SDG,1181970SDG,November 8,DEN,18.0,235.0,144.0,91.0,0.0,21.0,341.0,151.0,190.0,1.0
835,DEN,11151970DEN,November 15,RAI,20.0,312.0,196.0,116.0,3.0,16.0,325.0,258.0,67.0,2.0
853,NOR,11221970NOR,November 22,DEN,11.0,263.0,214.0,49.0,3.0,25.0,452.0,302.0,150.0,1.0
863,OTI,11291970OTI,November 29,DEN,12.0,332.0,234.0,98.0,3.0,14.0,247.0,164.0,83.0,5.0
875,KAN,1261970KAN,December 6,DEN,8.0,222.0,18.0,204.0,0.0,7.0,146.0,70.0,76.0,6.0
890,DEN,12131970DEN,December 13,SDG,14.0,264.0,152.0,112.0,3.0,15.0,231.0,145.0,86.0,1.0
901,DEN,12201970DEN,December 20,CLE,16.0,280.0,101.0,179.0,4.0,15.0,283.0,201.0,82.0,3.0
923,DEN,9191971DEN,September 19,MIA,13.0,261.0,157.0,104.0,1.0,15.0,239.0,121.0,118.0,5.0
932,GNB,9261971GNB,September 26,DEN,15.0,303.0,89.0,214.0,4.0,19.0,327.0,246.0,81.0,7.0
944,DEN,1031971DEN,October 3,KAN,9.0,222.0,160.0,62.0,5.0,11.0,159.0,66.0,93.0,3.0
961,DEN,10101971DEN,October 10,RAI,11.0,319.0,220.0,99.0,3.0,20.0,269.0,113.0,156.0,1.0
971,DEN,10171971DEN,October 17,SDG,17.0,296.0,71.0,225.0,2.0,15.0,288.0,212.0,76.0,4.0
984,CLE,10241971CLE,October 24,DEN,6.0,60.0,36.0,24.0,4.0,18.0,365.0,85.0,280.0,0.0
1003,PHI,10311971PHI,October 31,DEN,9.0,123.0,77.0,46.0,1.0,19.0,272.0,102.0,170.0,5.0
1010,DEN,1171971DEN,November 7,DET,20.0,360.0,157.0,203.0,2.0,19.0,418.0,190.0,228.0,2.0
1024,DEN,11141971DEN,November 14,CIN,10.0,221.0,99.0,122.0,1.0,19.0,473.0,260.0,213.0,1.0
1038,KAN,11211971KAN,November 21,DEN,16.0,387.0,255.0,132.0,3.0,15.0,319.0,190.0,129.0,3.0
1058,PIT,11281971PIT,November 28,DEN,12.0,225.0,67.0,158.0,3.0,14.0,276.0,150.0,126.0,2.0
1064,DEN,1251971DEN,December 5,CHI,10.0,224.0,54.0,170.0,4.0,9.0,66.0,-7.0,73.0,4.0
1083,SDG,12121971SDG,December 12,DEN,24.0,498.0,343.0,155.0,1.0,19.0,330.0,163.0,167.0,3.0
1095,RAI,12191971RAI,December 19,DEN,16.0,311.0,163.0,148.0,4.0,23.0,366.0,211.0,155.0,1.0
1111,DEN,9171972DEN,September 17,OTI,18.0,478.0,239.0,239.0,3.0,12.0,196.0,142.0,54.0,2.0
1129,SDG,9241972SDG,September 24,DEN,18.0,317.0,175.0,142.0,2.0,17.0,313.0,218.0,95.0,6.0
1136,DEN,1011972DEN,October 1,KAN,21.0,332.0,184.0,148.0,4.0,14.0,305.0,175.0,130.0,1.0
1148,CIN,1081972CIN,October 8,DEN,13.0,199.0,109.0,90.0,1.0,11.0,167.0,37.0,130.0,0.0
1160,DEN,10151972DEN,October 15,MIN,15.0,336.0,175.0,161.0,2.0,21.0,305.0,177.0,128.0,1.0
1179,RAI,10221972RAI,October 22,DEN,23.0,316.0,189.0,127.0,1.0,15.0,409.0,396.0,13.0,1.0
1188,DEN,10291972DEN,October 29,CLE,17.0,272.0,126.0,146.0,1.0,26.0,343.0,171.0,172.0,1.0
1204,NYG,1151972NYG,November 5,DEN,23.0,316.0,178.0,138.0,1.0,17.0,330.0,147.0,183.0,3.0
1215,RAM,11121972RAM,November 12,DEN,9.0,183.0,110.0,73.0,3.0,13.0,245.0,112.0,133.0,2.0
1226,DEN,11191972DEN,November 19,RAI,13.0,208.0,170.0,38.0,3.0,25.0,337.0,140.0,197.0,2.0
1238,ATL,11261972ATL,November 26,DEN,13.0,250.0,170.0,80.0,1.0,17.0,315.0,213.0,102.0,1.0
1253,KAN,1231972KAN,December 3,DEN,12.0,189.0,76.0,113.0,1.0,22.0,328.0,191.0,137.0,5.0
1265,DEN,12101972DEN,December 10,SDG,15.0,257.0,85.0,172.0,3.0,20.0,335.0,236.0,99.0,5.0
1279,DEN,12171972DEN,December 17,NWE,26.0,482.0,341.0,141.0,0.0,22.0,260.0,135.0,125.0,0.0
1297,DEN,9161973DEN,September 16,CIN,23.0,343.0,190.0,153.0,1.0,22.0,344.0,211.0,133.0,1.0
1311,DEN,9231973DEN,September 23,SFO,22.0,355.0,240.0,115.0,6.0,16.0,347.0,212.0,135.0,1.0
1325,DEN,9301973DEN,September 30,CHI,25.0,366.0,295.0,71.0,7.0,19.0,325.0,123.0,202.0,1.0
1339,KAN,1071973KAN,October 7,DEN,19.0,349.0,170.0,179.0,1.0,10.0,270.0,112.0,158.0,1.0
1351,OTI,10141973OTI,October 14,DEN,20.0,215.0,98.0,117.0,5.0,21.0,447.0,214.0,233.0,0.0
1372,DEN,10221973DEN,October 22,RAI,13.0,216.0,102.0,114.0,2.0,21.0,417.0,270.0,147.0,3.0
1380,NYJ,10281973NYJ,October 28,DEN,17.0,315.0,229.0,86.0,3.0,20.0,432.0,235.0,197.0,1.0
1397,CRD,1141973CRD,November 4,DEN,18.0,261.0,168.0,93.0,2.0,15.0,294.0,190.0,104.0,1.0
1400,DEN,11111973DEN,November 11,SDG,21.0,413.0,234.0,179.0,3.0,14.0,221.0,101.0,120.0,2.0
1421,PIT,11181973PIT,November 18,DEN,12.0,300.0,217.0,83.0,3.0,20.0,257.0,73.0,184.0,0.0
1430,DEN,11251973DEN,November 25,KAN,12.0,219.0,137.0,82.0,1.0,17.0,242.0,103.0,139.0,2.0
1441,DEN,1221973DEN,December 2,DAL,12.0,229.0,147.0,82.0,3.0,14.0,263.0,189.0,74.0,0.0
1462,SDG,1291973SDG,December 9,DEN,14.0,341.0,215.0,126.0,3.0,23.0,423.0,231.0,192.0,0.0
1474,RAI,12161973RAI,December 16,DEN,16.0,295.0,134.0,161.0,2.0,16.0,209.0,119.0,90.0,3.0
1487,DEN,9151974DEN,September 15,RAM,11.0,156.0,104.0,52.0,0.0,14.0,272.0,127.0,145.0,2.0
1503,DEN,9221974DEN,September 22,PIT,20.0,332.0,176.0,156.0,3.0,33.0,484.0,324.0,160.0,4.0
1522,WAS,9301974WAS,September 30,DEN,21.0,345.0,245.0,100.0,1.0,10.0,159.0,106.0,53.0,3.0
1529,KAN,1061974KAN,October 6,DEN,11.0,170.0,81.0,89.0,2.0,13.0,221.0,90.0,131.0,2.0
1539,DEN,10131974DEN,October 13,NOR,24.0,397.0,274.0,123.0,2.0,19.0,333.0,196.0,137.0,3.0
1552,DEN,10201974DEN,October 20,SDG,20.0,354.0,165.0,189.0,1.0,16.0,233.0,149.0,84.0,3.0
1564,CLE,10271974CLE,October 27,DEN,14.0,259.0,187.0,72.0,1.0,18.0,358.0,172.0,186.0,1.0
1578,DEN,1131974DEN,November 3,RAI,11.0,336.0,223.0,113.0,3.0,16.0,387.0,207.0,180.0,2.0
1588,CLT,11101974CLT,November 10,DEN,24.0,323.0,176.0,147.0,4.0,12.0,171.0,38.0,133.0,0.0
1613,DEN,11181974DEN,November 18,KAN,34.0,532.0,459.0,73.0,6.0,24.0,364.0,170.0,194.0,2.0
1623,RAI,11241974RAI,November 24,DEN,20.0,348.0,220.0,128.0,3.0,22.0,410.0,118.0,292.0,1.0
1628,DET,11281974DET,November 28,DEN,16.0,252.0,131.0,121.0,2.0,23.0,361.0,121.0,240.0,2.0
1644,DEN,1281974DEN,December 8,OTI,27.0,411.0,168.0,243.0,1.0,16.0,268.0,180.0,88.0,2.0
1662,SDG,12151974SDG,December 15,DEN,21.0,353.0,190.0,163.0,2.0,13.0,287.0,114.0,173.0,5.0
1677,DEN,9211975DEN,September 21,KAN,15.0,425.0,298.0,127.0,4.0,18.0,312.0,166.0,146.0,2.0
1698,DEN,9291975DEN,September 29,GNB,18.0,337.0,175.0,162.0,2.0,22.0,313.0,242.0,71.0,3.0
1700,BUF,1051975BUF,October 5,DEN,29.0,436.0,143.0,293.0,1.0,13.0,305.0,258.0,47.0,4.0
1721,PIT,10121975PIT,October 12,DEN,14.0,327.0,190.0,137.0,2.0,17.0,277.0,153.0,124.0,4.0
1727,DEN,10191975DEN,October 19,CLE,18.0,325.0,217.0,108.0,6.0,17.0,271.0,127.0,144.0,2.0
1744,KAN,10261975KAN,October 26,DEN,17.0,303.0,106.0,197.0,1.0,22.0,352.0,201.0,151.0,4.0
1755,DEN,1121975DEN,November 2,RAI,24.0,327.0,177.0,150.0,3.0,21.0,328.0,144.0,184.0,4.0
1766,DEN,1191975DEN,November 9,CIN,19.0,305.0,213.0,92.0,2.0,20.0,344.0,181.0,163.0,1.0
1786,SDG,11161975SDG,November 16,DEN,17.0,307.0,202.0,105.0,2.0,22.0,337.0,225.0,112.0,2.0
1790,ATL,11231975ATL,November 23,DEN,20.0,277.0,129.0,148.0,4.0,17.0,233.0,131.0,102.0,6.0
1809,DEN,11301975DEN,November 30,SDG,24.0,336.0,8.0,328.0,6.0,3.0,123.0,64.0,59.0,2.0
1828,RAI,1281975RAI,December 8,DEN,16.0,178.0,78.0,100.0,3.0,18.0,254.0,107.0,147.0,4.0
1835,DEN,12141975DEN,December 14,PHI,20.0,369.0,172.0,197.0,1.0,17.0,284.0,170.0,114.0,5.0
1844,MIA,12201975MIA,December 20,DEN,16.0,203.0,90.0,113.0,0.0,21.0,352.0,206.0,146.0,0.0
1864,CIN,9121976CIN,September 12,DEN,14.0,253.0,135.0,118.0,1.0,12.0,161.0,46.0,115.0,2.0
1878,DEN,9191976DEN,September 19,NYJ,31.0,543.0,292.0,251.0,1.0,11.0,185.0,93.0,92.0,2.0
1893,DEN,9261976DEN,September 26,CLE,18.0,226.0,171.0,55.0,3.0,17.0,227.0,144.0,83.0,4.0
1909,DEN,1031976DEN,October 3,SDG,17.0,311.0,170.0,141.0,2.0,12.0,240.0,152.0,88.0,3.0
1923,OTI,10101976OTI,October 10,DEN,18.0,312.0,217.0,95.0,0.0,8.0,154.0,67.0,87.0,1.0
1934,DEN,10171976DEN,October 17,RAI,16.0,261.0,173.0,88.0,0.0,20.0,289.0,158.0,131.0,1.0
1951,KAN,10241976KAN,October 24,DEN,29.0,467.0,298.0,169.0,2.0,24.0,395.0,203.0,192.0,5.0
1968,RAI,10311976RAI,October 31,DEN,20.0,382.0,222.0,160.0,2.0,16.0,265.0,134.0,131.0,2.0
1976,DEN,1171976DEN,November 7,TAM,18.0,415.0,222.0,193.0,3.0,17.0,234.0,122.0,112.0,4.0
2000,SDG,11141976SDG,November 14,DEN,8.0,128.0,95.0,33.0,6.0,13.0,255.0,194.0,61.0,2.0
2004,DEN,11211976DEN,November 21,NYG,15.0,239.0,103.0,136.0,1.0,13.0,243.0,122.0,121.0,3.0
2024,NWE,11281976NWE,November 28,DEN,25.0,414.0,82.0,332.0,2.0,12.0,189.0,145.0,44.0,3.0
2033,DEN,1251976DEN,December 5,KAN,13.0,269.0,187.0,82.0,3.0,13.0,188.0,129.0,59.0,3.0
2049,CHI,12121976CHI,December 12,DEN,5.0,172.0,56.0,116.0,4.0,26.0,453.0,97.0,356.0,6.0
2069,DEN,9181977DEN,September 18,CRD,15.0,258.0,122.0,136.0,4.0,12.0,273.0,204.0,69.0,1.0
2082,DEN,9251977DEN,September 25,BUF,17.0,296.0,93.0,203.0,2.0,8.0,129.0,63.0,66.0,3.0
2104,SEA,1021977SEA,October 2,DEN,19.0,272.0,191.0,81.0,3.0,19.0,330.0,177.0,153.0,2.0
2110,DEN,1091977DEN,October 9,KAN,16.0,312.0,188.0,124.0,2.0,14.0,166.0,80.0,86.0,6.0
2130,RAI,10161977RAI,October 16,DEN,21.0,326.0,239.0,87.0,8.0,8.0,200.0,98.0,102.0,0.0
2137,CIN,10231977CIN,October 23,DEN,14.0,336.0,159.0,177.0,3.0,16.0,335.0,155.0,180.0,0.0
2154,DEN,10301977DEN,October 30,RAI,19.0,278.0,180.0,98.0,3.0,17.0,270.0,70.0,200.0,0.0
2165,DEN,1161977DEN,November 6,PIT,12.0,174.0,75.0,99.0,0.0,19.0,216.0,97.0,119.0,2.0
2188,SDG,11131977SDG,November 13,DEN,13.0,320.0,192.0,128.0,2.0,14.0,222.0,120.0,102.0,3.0
2196,KAN,11201977KAN,November 20,DEN,14.0,300.0,160.0,140.0,2.0,21.0,376.0,127.0,249.0,3.0
2209,DEN,11271977DEN,November 27,CLT,11.0,317.0,143.0,174.0,2.0,23.0,330.0,240.0,90.0,3.0
2223,OTI,1241977OTI,December 4,DEN,11.0,251.0,139.0,112.0,1.0,23.0,332.0,163.0,169.0,2.0
2238,DEN,12111977DEN,December 11,SDG,20.0,298.0,142.0,156.0,3.0,17.0,324.0,260.0,64.0,3.0
2252,DAL,12181977DAL,December 18,DEN,15.0,262.0,150.0,112.0,2.0,12.0,178.0,80.0,98.0,1.0
2262,DEN,12241977DEN,December 24,PIT,15.0,258.0,155.0,103.0,1.0,18.0,304.0,177.0,127.0,4.0
2266,DEN,111978DEN,January 1,RAI,16.0,308.0,217.0,91.0,1.0,20.0,298.0,204.0,94.0,3.0
2267,DAL,1151978DAL,January 15,DEN,17.0,325.0,182.0,143.0,2.0,11.0,156.0,35.0,121.0,8.0
2274,DEN,931978DEN,September 3,RAI,13.0,152.0,8.0,144.0,1.0,16.0,318.0,201.0,117.0,3.0
2295,MIN,9111978MIN,September 11,DEN,13.0,206.0,105.0,101.0,3.0,18.0,231.0,129.0,102.0,6.0
2298,DEN,9171978DEN,September 17,SDG,21.0,314.0,177.0,137.0,0.0,18.0,315.0,214.0,101.0,2.0
2314,KAN,9241978KAN,September 24,DEN,13.0,244.0,89.0,155.0,2.0,25.0,357.0,129.0,228.0,1.0
2329,DEN,1011978DEN,October 1,SEA,24.0,373.0,169.0,204.0,3.0,19.0,323.0,231.0,92.0,5.0
2348,SDG,1081978SDG,October 8,DEN,19.0,298.0,170.0,128.0,2.0,11.0,156.0,80.0,76.0,5.0
2365,DEN,10161978DEN,October 16,CHI,18.0,308.0,173.0,135.0,3.0,15.0,347.0,137.0,210.0,3.0
2366,CLT,10221978CLT,October 22,DEN,11.0,237.0,131.0,106.0,1.0,17.0,341.0,190.0,151.0,1.0
2391,SEA,10291978SEA,October 29,DEN,19.0,258.0,140.0,118.0,5.0,25.0,423.0,145.0,278.0,3.0
2397,DEN,1151978DEN,November 5,NYJ,15.0,306.0,173.0,133.0,3.0,19.0,403.0,201.0,202.0,3.0
2409,CLE,11121978CLE,November 12,DEN,14.0,255.0,145.0,110.0,3.0,17.0,323.0,214.0,109.0,2.0
2425,DEN,11191978DEN,November 19,GNB,19.0,359.0,144.0,215.0,0.0,13.0,263.0,179.0,84.0,1.0
2437,DET,11231978DET,November 23,DEN,15.0,244.0,105.0,139.0,1.0,16.0,233.0,105.0,128.0,1.0
2458,RAI,1231978RAI,December 3,DEN,20.0,279.0,178.0,101.0,5.0,16.0,192.0,45.0,147.0,1.0
2469,DEN,12101978DEN,December 10,KAN,20.0,461.0,271.0,190.0,2.0,13.0,199.0,100.0,99.0,3.0
2478,DEN,12161978DEN,December 16,PIT,19.0,300.0,226.0,74.0,2.0,14.0,260.0,144.0,116.0,2.0
2495,PIT,12301978PIT,December 30,DEN,24.0,425.0,272.0,153.0,2.0,15.0,218.0,131.0,87.0,2.0
2504,DEN,921979DEN,September 2,CIN,22.0,399.0,200.0,199.0,0.0,16.0,232.0,137.0,95.0,0.0
2515,DEN,961979DEN,September 6,RAM,12.0,179.0,106.0,73.0,2.0,15.0,277.0,181.0,96.0,0.0
2529,ATL,9161979ATL,September 16,DEN,19.0,382.0,326.0,56.0,0.0,18.0,369.0,201.0,168.0,2.0
2545,DEN,9231979DEN,September 23,SEA,23.0,344.0,254.0,90.0,3.0,22.0,350.0,197.0,153.0,4.0
2566,RAI,9301979RAI,September 30,DEN,16.0,277.0,187.0,90.0,0.0,21.0,291.0,210.0,81.0,3.0
2576,DEN,1071979DEN,October 7,SDG,11.0,193.0,33.0,160.0,1.0,19.0,374.0,305.0,69.0,4.0
2591,KAN,10141979KAN,October 14,DEN,16.0,166.0,68.0,98.0,2.0,21.0,344.0,207.0,137.0,1.0
2612,PIT,10221979PIT,October 22,DEN,27.0,530.0,294.0,236.0,3.0,16.0,329.0,276.0,53.0,3.0
2616,DEN,10281979DEN,October 28,KAN,20.0,381.0,269.0,112.0,2.0,12.0,210.0,108.0,102.0,3.0
2631,DEN,1141979DEN,November 4,NOR,19.0,349.0,201.0,148.0,3.0,13.0,239.0,117.0,122.0,1.0
2644,DEN,11111979DEN,November 11,NWE,21.0,289.0,182.0,107.0,3.0,8.0,92.0,34.0,58.0,3.0
2664,SFO,11181979SFO,November 18,DEN,18.0,240.0,166.0,74.0,2.0,22.0,369.0,225.0,144.0,2.0
2674,DEN,11251979DEN,November 25,RAI,22.0,382.0,167.0,215.0,3.0,15.0,376.0,203.0,173.0,2.0
2684,BUF,1221979BUF,December 2,DEN,19.0,398.0,298.0,100.0,7.0,11.0,226.0,129.0,97.0,4.0
2698,SEA,1281979SEA,December 8,DEN,21.0,382.0,308.0,74.0,2.0,27.0,363.0,222.0,141.0,3.0
2724,SDG,12171979SDG,December 17,DEN,17.0,327.0,230.0,97.0,4.0,20.0,335.0,224.0,111.0,5.0
2725,OTI,12231979OTI,December 23,DEN,15.0,282.0,147.0,135.0,2.0,17.0,216.0,104.0,112.0,1.0
2743,PHI,971980PHI,September 7,DEN,21.0,421.0,284.0,137.0,2.0,14.0,233.0,140.0,93.0,2.0
2752,DEN,9141980DEN,September 14,DAL,19.0,343.0,190.0,153.0,0.0,20.0,386.0,276.0,110.0,3.0
2767,DEN,9211980DEN,September 21,SDG,22.0,374.0,221.0,153.0,7.0,16.0,303.0,211.0,92.0,3.0
2789,NWE,9291980NWE,September 29,DEN,23.0,357.0,200.0,157.0,2.0,8.0,170.0,62.0,108.0,1.0
2791,CLE,1051980CLE,October 5,DEN,18.0,358.0,255.0,103.0,1.0,17.0,239.0,157.0,82.0,1.0
2817,DEN,10131980DEN,October 13,WAS,19.0,297.0,132.0,165.0,2.0,15.0,314.0,130.0,184.0,1.0
2822,DEN,10191980DEN,October 19,KAN,17.0,268.0,182.0,86.0,2.0,19.0,361.0,183.0,178.0,0.0
2840,NYG,10261980NYG,October 26,DEN,15.0,315.0,188.0,127.0,1.0,21.0,276.0,64.0,212.0,1.0
2848,DEN,1121980DEN,November 2,OTI,18.0,252.0,156.0,96.0,0.0,23.0,330.0,157.0,173.0,1.0
2869,SDG,1191980SDG,November 9,DEN,26.0,459.0,324.0,135.0,3.0,11.0,219.0,131.0,88.0,0.0
2878,DEN,11161980DEN,November 16,NYJ,29.0,390.0,275.0,115.0,3.0,14.0,300.0,201.0,99.0,1.0
2893,DEN,11231980DEN,November 23,SEA,17.0,276.0,200.0,76.0,3.0,14.0,220.0,151.0,69.0,5.0
2915,RAI,1211980RAI,December 1,DEN,15.0,215.0,51.0,164.0,0.0,12.0,214.0,119.0,95.0,6.0
2921,KAN,1271980KAN,December 7,DEN,22.0,331.0,132.0,199.0,2.0,21.0,348.0,216.0,132.0,5.0
2935,DEN,12141980DEN,December 14,RAI,26.0,507.0,431.0,76.0,4.0,15.0,276.0,179.0,97.0,1.0
2955,SEA,12211980SEA,December 21,DEN,27.0,299.0,203.0,96.0,2.0,15.0,236.0,101.0,135.0,0.0
2972,DEN,961981DEN,September 6,RAI,21.0,358.0,182.0,176.0,1.0,12.0,165.0,84.0,81.0,3.0
2992,SEA,9131981SEA,September 13,DEN,18.0,267.0,156.0,111.0,2.0,16.0,252.0,142.0,110.0,2.0
2999,DEN,9201981DEN,September 20,CLT,27.0,442.0,315.0,127.0,4.0,10.0,209.0,48.0,161.0,3.0
3013,DEN,9271981DEN,September 27,SDG,20.0,453.0,350.0,103.0,3.0,23.0,349.0,267.0,82.0,5.0
3031,RAI,1041981RAI,October 4,DEN,12.0,168.0,90.0,78.0,6.0,17.0,252.0,90.0,162.0,0.0
3040,DEN,10111981DEN,October 11,DET,20.0,401.0,266.0,135.0,3.0,18.0,325.0,63.0,262.0,1.0
3057,KAN,10181981KAN,October 18,DEN,13.0,324.0,100.0,224.0,5.0,20.0,396.0,319.0,77.0,5.0
3066,BUF,10251981BUF,October 25,DEN,17.0,323.0,204.0,119.0,2.0,10.0,161.0,97.0,64.0,0.0
3092,DEN,1121981DEN,November 2,MIN,17.0,329.0,182.0,147.0,2.0,19.0,325.0,223.0,102.0,2.0
3094,DEN,1181981DEN,November 8,CLE,22.0,362.0,246.0,116.0,2.0,20.0,362.0,280.0,82.0,4.0
3119,TAM,11151981TAM,November 15,DEN,10.0,209.0,168.0,41.0,2.0,22.0,281.0,128.0,153.0,1.0
3124,CIN,11221981CIN,November 22,DEN,25.0,571.0,387.0,184.0,1.0,17.0,337.0,269.0,68.0,4.0
3145,SDG,11291981SDG,November 29,DEN,20.0,408.0,260.0,148.0,2.0,19.0,389.0,322.0,67.0,5.0
3153,DEN,1261981DEN,December 6,KAN,16.0,342.0,265.0,77.0,1.0,18.0,307.0,233.0,74.0,1.0
3166,DEN,12131981DEN,December 13,SEA,23.0,373.0,136.0,237.0,3.0,18.0,285.0,199.0,86.0,5.0
3181,CHI,12201981CHI,December 20,DEN,15.0,281.0,111.0,170.0,2.0,19.0,298.0,222.0,76.0,3.0
3203,DEN,9121982DEN,September 12,SDG,17.0,323.0,222.0,101.0,6.0,23.0,393.0,253.0,140.0,0.0
3218,DEN,9191982DEN,September 19,SFO,17.0,283.0,183.0,100.0,2.0,20.0,413.0,325.0,88.0,2.0
3233,DEN,11211982DEN,November 21,SEA,10.0,250.0,114.0,136.0,2.0,21.0,387.0,303.0,84.0,1.0
3251,SDG,11281982SDG,November 28,DEN,28.0,436.0,330.0,106.0,3.0,20.0,294.0,175.0,119.0,5.0
3260,DEN,1251982DEN,December 5,ATL,23.0,350.0,249.0,101.0,4.0,19.0,342.0,205.0,137.0,2.0
3277,RAM,12121982RAM,December 12,DEN,14.0,253.0,161.0,92.0,3.0,22.0,385.0,258.0,127.0,3.0
3290,DEN,12191982DEN,December 19,KAN,17.0,220.0,146.0,74.0,4.0,17.0,270.0,172.0,98.0,1.0
3303,RAI,12261982RAI,December 26,DEN,16.0,312.0,251.0,61.0,4.0,25.0,345.0,284.0,61.0,6.0
3322,SEA,121983SEA,January 2,DEN,18.0,363.0,234.0,129.0,3.0,19.0,387.0,188.0,199.0,4.0
3351,PIT,941983PIT,September 4,DEN,21.0,314.0,191.0,123.0,7.0,14.0,139.0,1.0,138.0,3.0
3357,CLT,9111983CLT,September 11,DEN,13.0,271.0,121.0,150.0,3.0,15.0,327.0,223.0,104.0,3.0
3372,DEN,9181983DEN,September 18,PHI,16.0,245.0,176.0,69.0,3.0,19.0,407.0,274.0,133.0,2.0
3386,DEN,9251983DEN,September 25,RAI,16.0,268.0,138.0,130.0,4.0,11.0,214.0,132.0,82.0,1.0
3398,CHI,1021983CHI,October 2,DEN,22.0,423.0,246.0,177.0,4.0,16.0,246.0,200.0,46.0,2.0
3417,OTI,1091983OTI,October 9,DEN,19.0,293.0,167.0,126.0,4.0,22.0,401.0,148.0,253.0,1.0
3427,DEN,10161983DEN,October 16,CIN,22.0,386.0,276.0,110.0,2.0,22.0,357.0,252.0,105.0,1.0
3443,DEN,10231983DEN,October 23,SDG,21.0,261.0,133.0,128.0,4.0,17.0,299.0,193.0,106.0,3.0
3458,DEN,10301983DEN,October 30,KAN,23.0,404.0,329.0,75.0,1.0,21.0,362.0,327.0,35.0,3.0
3478,SEA,1161983SEA,November 6,DEN,18.0,399.0,216.0,183.0,1.0,23.0,357.0,222.0,135.0,3.0
3486,RAI,11131983RAI,November 13,DEN,23.0,340.0,200.0,140.0,3.0,14.0,232.0,169.0,63.0,2.0
3499,DEN,11201983DEN,November 20,SEA,17.0,329.0,145.0,184.0,2.0,29.0,474.0,380.0,94.0,8.0
3518,SDG,11271983SDG,November 27,DEN,31.0,428.0,287.0,141.0,2.0,15.0,195.0,112.0,83.0,3.0
3525,DEN,1241983DEN,December 4,CLE,24.0,411.0,284.0,127.0,1.0,19.0,281.0,216.0,65.0,3.0
3542,DEN,12111983DEN,December 11,CLT,19.0,352.0,307.0,45.0,2.0,19.0,388.0,201.0,187.0,1.0
3559,KAN,12181983KAN,December 18,DEN,17.0,359.0,268.0,91.0,1.0,15.0,258.0,164.0,94.0,5.0
3565,SEA,12241983SEA,December 24,DEN,17.0,324.0,179.0,145.0,0.0,21.0,360.0,235.0,125.0,3.0
3576,DEN,921984DEN,September 2,CIN,19.0,323.0,202.0,121.0,2.0,29.0,433.0,322.0,111.0,2.0
3590,CHI,991984CHI,September 9,DEN,15.0,406.0,104.0,302.0,3.0,8.0,130.0,77.0,53.0,4.0
3602,CLE,9161984CLE,September 16,DEN,21.0,310.0,231.0,79.0,4.0,18.0,297.0,164.0,133.0,2.0
3621,DEN,9231984DEN,September 23,KAN,21.0,367.0,157.0,210.0,2.0,16.0,337.0,287.0,50.0,2.0
3631,DEN,9301984DEN,September 30,RAI,26.0,352.0,121.0,231.0,1.0,12.0,281.0,211.0,70.0,2.0
3649,DET,1071984DET,October 7,DEN,23.0,348.0,256.0,92.0,10.0,20.0,287.0,179.0,108.0,3.0
3671,DEN,10151984DEN,October 15,GNB,10.0,193.0,101.0,92.0,1.0,25.0,423.0,349.0,74.0,5.0
3672,BUF,10211984BUF,October 21,DEN,10.0,226.0,155.0,71.0,5.0,24.0,339.0,232.0,107.0,0.0
3692,RAI,10281984RAI,October 28,DEN,20.0,356.0,234.0,122.0,7.0,24.0,360.0,178.0,182.0,3.0
3703,DEN,1141984DEN,November 4,NWE,18.0,319.0,291.0,28.0,1.0,25.0,484.0,289.0,195.0,3.0
3723,SDG,11111984SDG,November 11,DEN,20.0,366.0,254.0,112.0,1.0,17.0,239.0,177.0,62.0,0.0
3732,DEN,11181984DEN,November 18,MIN,22.0,435.0,229.0,206.0,2.0,19.0,314.0,247.0,67.0,5.0
3746,DEN,11251984DEN,November 25,SEA,18.0,351.0,258.0,93.0,2.0,20.0,466.0,406.0,60.0,0.0
3762,KAN,1221984KAN,December 2,DEN,17.0,318.0,225.0,93.0,3.0,17.0,309.0,164.0,145.0,3.0
3774,DEN,1291984DEN,December 9,SDG,22.0,343.0,181.0,162.0,4.0,16.0,234.0,147.0,87.0,0.0
3786,SEA,12151984SEA,December 15,DEN,23.0,385.0,306.0,79.0,3.0,15.0,291.0,148.0,143.0,4.0
3802,DEN,12301984DEN,December 30,PIT,15.0,250.0,199.0,51.0,2.0,25.0,381.0,212.0,169.0,2.0
3814,RAM,981985RAM,September 8,DEN,19.0,285.0,138.0,147.0,3.0,13.0,277.0,214.0,63.0,3.0
3823,DEN,9151985DEN,September 15,NOR,22.0,432.0,327.0,105.0,2.0,17.0,342.0,235.0,107.0,1.0
3836,ATL,9221985ATL,September 22,DEN,16.0,341.0,233.0,108.0,2.0,27.0,428.0,280.0,148.0,2.0
3851,DEN,9291985DEN,September 29,MIA,23.0,395.0,226.0,169.0,2.0,19.0,418.0,365.0,53.0,1.0
3866,DEN,1061985DEN,October 6,OTI,31.0,362.0,241.0,121.0,3.0,18.0,321.0,201.0,120.0,0.0
3881,CLT,10131985CLT,October 13,DEN,12.0,237.0,117.0,120.0,3.0,20.0,351.0,223.0,128.0,1.0
3894,DEN,10201985DEN,October 20,SEA,14.0,246.0,148.0,98.0,0.0,17.0,249.0,77.0,172.0,5.0
3911,KAN,10271985KAN,October 27,DEN,13.0,257.0,180.0,77.0,0.0,25.0,324.0,118.0,206.0,0.0
3929,SDG,1131985SDG,November 3,DEN,24.0,430.0,285.0,145.0,3.0,17.0,295.0,231.0,64.0,3.0
3946,DEN,11111985DEN,November 11,SFO,18.0,336.0,215.0,121.0,1.0,16.0,341.0,203.0,138.0,0.0
3950,DEN,11171985DEN,November 17,SDG,21.0,331.0,240.0,91.0,2.0,22.0,340.0,245.0,95.0,4.0
3967,RAI,11241985RAI,November 24,DEN,21.0,424.0,223.0,201.0,3.0,25.0,291.0,138.0,153.0,1.0
3984,PIT,1211985PIT,December 1,DEN,22.0,327.0,250.0,77.0,4.0,20.0,331.0,238.0,93.0,1.0
3992,DEN,1281985DEN,December 8,RAI,17.0,207.0,120.0,87.0,4.0,20.0,274.0,93.0,181.0,5.0
4003,DEN,12141985DEN,December 14,KAN,20.0,411.0,301.0,110.0,6.0,14.0,262.0,156.0,106.0,1.0
4017,SEA,12201985SEA,December 20,DEN,20.0,331.0,205.0,126.0,1.0,26.0,479.0,385.0,94.0,0.0
4041,DEN,971986DEN,September 7,RAI,20.0,290.0,235.0,55.0,1.0,22.0,431.0,315.0,116.0,3.0
4066,PIT,9151986PIT,September 15,DEN,17.0,236.0,206.0,30.0,3.0,20.0,326.0,235.0,91.0,1.0
4077,PHI,9211986PHI,September 21,DEN,16.0,273.0,196.0,77.0,2.0,19.0,328.0,125.0,203.0,1.0
4084,DEN,9281986DEN,September 28,NWE,22.0,338.0,182.0,156.0,2.0,16.0,224.0,184.0,40.0,1.0
4097,DEN,1051986DEN,October 5,DAL,19.0,319.0,198.0,121.0,1.0,19.0,266.0,225.0,41.0,3.0
4119,SDG,10121986SDG,October 12,DEN,19.0,358.0,316.0,42.0,2.0,25.0,403.0,247.0,156.0,1.0
4136,NYJ,10201986NYJ,October 20,DEN,20.0,211.0,74.0,137.0,0.0,19.0,279.0,232.0,47.0,3.0
4140,DEN,10261986DEN,October 26,SEA,24.0,450.0,332.0,118.0,2.0,13.0,214.0,50.0,164.0,0.0
4153,RAI,1121986RAI,November 2,DEN,25.0,407.0,326.0,81.0,6.0,11.0,246.0,132.0,114.0,1.0
4168,DEN,1191986DEN,November 9,SDG,12.0,245.0,184.0,61.0,5.0,14.0,225.0,147.0,78.0,2.0
4182,DEN,11161986DEN,November 16,KAN,18.0,265.0,198.0,67.0,2.0,16.0,297.0,220.0,77.0,4.0
4200,NYG,11231986NYG,November 23,DEN,14.0,262.0,119.0,143.0,2.0,26.0,405.0,325.0,80.0,4.0
4211,DEN,11301986DEN,November 30,CIN,27.0,401.0,219.0,182.0,0.0,22.0,426.0,302.0,124.0,3.0
4225,KAN,1271986KAN,December 7,DEN,12.0,169.0,93.0,76.0,1.0,16.0,323.0,242.0,81.0,5.0
4235,DEN,12131986DEN,December 13,WAS,23.0,330.0,259.0,71.0,0.0,19.0,412.0,285.0,127.0,2.0
4251,SEA,12201986SEA,December 20,DEN,27.0,536.0,238.0,298.0,1.0,18.0,268.0,193.0,75.0,0.0
4267,DEN,141987DEN,January 4,NWE,23.0,441.0,253.0,188.0,2.0,12.0,271.0,150.0,121.0,0.0
4269,CLE,1111987CLE,January 11,DEN,17.0,356.0,256.0,100.0,3.0,22.0,374.0,225.0,149.0,1.0
4271,NYG,1251987NYG,January 25,DEN,24.0,399.0,263.0,136.0,0.0,24.0,372.0,320.0,52.0,1.0
4273,DEN,9131987DEN,September 13,SEA,25.0,504.0,338.0,166.0,2.0,15.0,277.0,169.0,108.0,5.0
4291,GNB,9201987GNB,September 20,DEN,14.0,234.0,100.0,134.0,1.0,29.0,478.0,281.0,197.0,6.0
4313,MIN,10261987MIN,October 26,DEN,27.0,393.0,196.0,197.0,5.0,21.0,329.0,206.0,123.0,1.0
4318,DEN,1111987DEN,November 1,DET,28.0,460.0,248.0,212.0,1.0,14.0,191.0,128.0,63.0,2.0
4328,BUF,1181987BUF,November 8,DEN,25.0,428.0,170.0,258.0,3.0,12.0,215.0,139.0,76.0,2.0
4355,DEN,11161987DEN,November 16,CHI,26.0,439.0,341.0,98.0,2.0,24.0,446.0,300.0,146.0,2.0
4361,RAI,11221987RAI,November 22,DEN,17.0,271.0,122.0,149.0,1.0,20.0,403.0,276.0,127.0,1.0
4380,SDG,11291987SDG,November 29,DEN,18.0,378.0,312.0,66.0,2.0,31.0,522.0,347.0,175.0,1.0
4387,DEN,1261987DEN,December 6,NWE,21.0,371.0,259.0,112.0,3.0,20.0,369.0,158.0,211.0,6.0
4407,SEA,12131987SEA,December 13,DEN,24.0,367.0,226.0,141.0,4.0,20.0,380.0,308.0,72.0,2.0
4412,DEN,12191987DEN,December 19,KAN,22.0,369.0,226.0,143.0,2.0,20.0,377.0,254.0,123.0,1.0
4430,DEN,12271987DEN,December 27,SDG,15.0,215.0,86.0,129.0,4.0,7.0,151.0,108.0,43.0,5.0
4445,DEN,1101988DEN,January 10,OTI,19.0,316.0,255.0,61.0,1.0,20.0,337.0,264.0,73.0,3.0
4446,DEN,1171988DEN,January 17,CLE,24.0,412.0,256.0,156.0,1.0,25.0,464.0,336.0,128.0,4.0
4448,DEN,1311988DEN,January 31,WAS,18.0,327.0,230.0,97.0,3.0,25.0,602.0,322.0,280.0,1.0
4452,DEN,941988DEN,September 4,SEA,19.0,302.0,226.0,76.0,3.0,19.0,330.0,152.0,178.0,1.0
4466,DEN,9111988DEN,September 11,SDG,24.0,443.0,259.0,184.0,0.0,13.0,244.0,111.0,133.0,2.0
4480,KAN,9181988KAN,September 18,DEN,22.0,380.0,250.0,130.0,0.0,17.0,283.0,213.0,70.0,3.0
4504,DEN,9261988DEN,September 26,RAI,23.0,398.0,209.0,189.0,5.0,20.0,363.0,235.0,128.0,1.0
4514,SDG,1021988SDG,October 2,DEN,11.0,190.0,170.0,20.0,2.0,22.0,291.0,162.0,129.0,1.0
4531,SFO,1091988SFO,October 9,DEN,21.0,417.0,171.0,246.0,4.0,24.0,314.0,167.0,147.0,3.0
4535,DEN,10161988DEN,October 16,ATL,21.0,406.0,302.0,104.0,1.0,20.0,311.0,137.0,174.0,3.0
4557,PIT,10231988PIT,October 23,DEN,18.0,386.0,130.0,256.0,2.0,15.0,323.0,278.0,45.0,4.0
4574,CLT,10311988CLT,October 31,DEN,23.0,464.0,220.0,244.0,0.0,22.0,397.0,266.0,131.0,4.0
4578,DEN,1161988DEN,November 6,KAN,23.0,308.0,177.0,131.0,2.0,16.0,273.0,183.0,90.0,3.0
4591,DEN,11131988DEN,November 13,CLE,27.0,335.0,215.0,120.0,0.0,15.0,227.0,140.0,87.0,4.0
4613,NOR,11201988NOR,November 20,DEN,28.0,385.0,189.0,196.0,0.0,17.0,258.0,206.0,52.0,1.0
4622,DEN,11271988DEN,November 27,RAM,19.0,368.0,270.0,98.0,1.0,28.0,484.0,352.0,132.0,3.0
4637,RAI,1241988RAI,December 4,DEN,14.0,216.0,87.0,129.0,2.0,20.0,347.0,297.0,50.0,3.0
4656,SEA,12111988SEA,December 11,DEN,30.0,450.0,220.0,230.0,0.0,25.0,402.0,301.0,101.0,1.0
4660,DEN,12171988DEN,December 17,NWE,20.0,331.0,143.0,188.0,2.0,18.0,351.0,186.0,165.0,2.0
4684,DEN,9101989DEN,September 10,KAN,14.0,250.0,150.0,100.0,2.0,14.0,287.0,242.0,45.0,4.0
4709,BUF,9181989BUF,September 18,DEN,28.0,413.0,319.0,94.0,4.0,26.0,382.0,181.0,201.0,2.0
4711,DEN,9241989DEN,September 24,RAI,18.0,283.0,113.0,170.0,3.0,15.0,360.0,270.0,90.0,6.0
4725,CLE,1011989CLE,October 1,DEN,16.0,296.0,201.0,95.0,1.0,10.0,241.0,161.0,80.0,3.0
4738,DEN,1081989DEN,October 8,SDG,24.0,335.0,179.0,156.0,1.0,12.0,211.0,93.0,118.0,2.0
4757,DEN,10151989DEN,October 15,CLT,20.0,319.0,150.0,169.0,2.0,7.0,128.0,84.0,44.0,1.0
4777,SEA,10221989SEA,October 22,DEN,23.0,363.0,224.0,139.0,4.0,15.0,371.0,316.0,55.0,1.0
4785,DEN,10291989DEN,October 29,PHI,22.0,320.0,216.0,104.0,6.0,17.0,313.0,98.0,215.0,2.0
4795,DEN,1151989DEN,November 5,PIT,22.0,414.0,261.0,153.0,2.0,7.0,170.0,77.0,93.0,1.0
4810,KAN,11121989KAN,November 12,DEN,20.0,312.0,171.0,141.0,2.0,12.0,213.0,112.0,101.0,1.0
4835,WAS,11201989WAS,November 20,DEN,14.0,223.0,146.0,77.0,2.0,19.0,232.0,106.0,126.0,2.0
4839,DEN,11261989DEN,November 26,SEA,18.0,353.0,216.0,137.0,0.0,21.0,325.0,192.0,133.0,4.0
4855,RAI,1231989RAI,December 3,DEN,11.0,257.0,178.0,79.0,1.0,26.0,332.0,176.0,156.0,2.0
4867,DEN,12101989DEN,December 10,NYG,18.0,367.0,284.0,83.0,0.0,16.0,261.0,148.0,113.0,0.0
4879,CRD,12161989CRD,December 16,DEN,7.0,101.0,79.0,22.0,3.0,28.0,475.0,271.0,204.0,2.0
4902,SDG,12241989SDG,December 24,DEN,18.0,387.0,305.0,82.0,6.0,16.0,206.0,109.0,97.0,3.0
4910,DEN,171990DEN,January 7,PIT,19.0,364.0,226.0,138.0,1.0,19.0,404.0,229.0,175.0,2.0
4912,DEN,1141990DEN,January 14,CLE,22.0,497.0,377.0,120.0,2.0,14.0,256.0,190.0,66.0,3.0
4914,SFO,1281990SFO,January 28,DEN,28.0,461.0,317.0,144.0,0.0,12.0,167.0,103.0,64.0,4.0
4924,RAI,991990RAI,September 9,DEN,12.0,194.0,71.0,123.0,2.0,13.0,196.0,157.0,39.0,4.0
4942,DEN,9171990DEN,September 17,KAN,18.0,399.0,250.0,149.0,2.0,22.0,441.0,363.0,78.0,1.0
4946,DEN,9231990DEN,September 23,SEA,30.0,422.0,281.0,141.0,1.0,24.0,369.0,185.0,184.0,3.0
4957,BUF,9301990BUF,September 30,DEN,15.0,197.0,133.0,64.0,3.0,28.0,410.0,202.0,208.0,5.0
4980,DEN,1081990DEN,October 8,CLE,19.0,316.0,175.0,141.0,2.0,23.0,415.0,318.0,97.0,3.0
4983,DEN,10141990DEN,October 14,PIT,16.0,244.0,178.0,66.0,1.0,25.0,451.0,343.0,108.0,2.0
4996,CLT,10211990CLT,October 21,DEN,23.0,363.0,304.0,59.0,1.0,23.0,444.0,293.0,151.0,1.0
5024,MIN,1141990MIN,November 4,DEN,15.0,256.0,111.0,145.0,1.0,19.0,287.0,141.0,146.0,3.0
5041,SDG,11111990SDG,November 11,DEN,17.0,340.0,159.0,181.0,0.0,15.0,211.0,149.0,62.0,2.0
5047,DEN,11181990DEN,November 18,CHI,21.0,330.0,222.0,108.0,2.0,21.0,341.0,139.0,202.0,0.0
5058,DET,11221990DET,November 22,DEN,22.0,421.0,248.0,173.0,1.0,19.0,284.0,211.0,73.0,2.0
5075,DEN,1221990DEN,December 2,RAI,20.0,357.0,216.0,141.0,1.0,17.0,293.0,145.0,148.0,0.0
5090,KAN,1291990KAN,December 9,DEN,19.0,365.0,254.0,111.0,1.0,26.0,374.0,300.0,74.0,3.0
5101,DEN,12161990DEN,December 16,SDG,16.0,320.0,233.0,87.0,0.0,24.0,390.0,298.0,92.0,2.0
5124,SEA,12231990SEA,December 23,DEN,13.0,213.0,103.0,110.0,1.0,16.0,246.0,145.0,101.0,2.0
5129,DEN,12301990DEN,December 30,GNB,24.0,373.0,188.0,185.0,1.0,14.0,296.0,208.0,88.0,4.0
5153,DEN,911991DEN,September 1,CIN,25.0,471.0,286.0,185.0,0.0,10.0,246.0,193.0,53.0,4.0
5169,RAI,981991RAI,September 8,DEN,16.0,273.0,140.0,133.0,0.0,12.0,247.0,214.0,33.0,1.0
5181,DEN,9151991DEN,September 15,SEA,16.0,345.0,246.0,99.0,2.0,17.0,362.0,312.0,50.0,4.0
5194,DEN,9221991DEN,September 22,SDG,18.0,360.0,216.0,144.0,2.0,17.0,297.0,126.0,171.0,2.0
5212,MIN,9291991MIN,September 29,DEN,15.0,324.0,121.0,203.0,3.0,17.0,242.0,63.0,179.0,1.0
5223,OTI,1061991OTI,October 6,DEN,17.0,378.0,327.0,51.0,2.0,23.0,363.0,272.0,91.0,3.0
5242,DEN,10201991DEN,October 20,KAN,14.0,324.0,229.0,95.0,0.0,22.0,328.0,209.0,119.0,0.0
5257,NWE,10271991NWE,October 27,DEN,15.0,287.0,146.0,141.0,0.0,14.0,243.0,141.0,102.0,1.0
5270,DEN,1131991DEN,November 3,PIT,17.0,274.0,130.0,144.0,2.0,19.0,309.0,163.0,146.0,1.0
5279,DEN,11101991DEN,November 10,RAI,23.0,383.0,183.0,200.0,3.0,13.0,244.0,126.0,118.0,0.0
5296,KAN,11171991KAN,November 17,DEN,21.0,417.0,292.0,125.0,4.0,14.0,259.0,87.0,172.0,0.0
5315,SEA,11241991SEA,November 24,DEN,11.0,199.0,53.0,146.0,4.0,12.0,210.0,112.0,98.0,4.0
5324,DEN,1211991DEN,December 1,NWE,19.0,325.0,209.0,116.0,1.0,14.0,252.0,202.0,50.0,4.0
5333,CLE,1281991CLE,December 8,DEN,9.0,181.0,80.0,101.0,1.0,17.0,290.0,200.0,90.0,1.0
5350,DEN,12151991DEN,December 15,CRD,22.0,365.0,243.0,122.0,3.0,13.0,231.0,158.0,73.0,0.0
5370,SDG,12221991SDG,December 22,DEN,13.0,221.0,107.0,114.0,4.0,21.0,311.0,166.0,145.0,1.0
5378,DEN,141992DEN,January 4,OTI,26.0,418.0,267.0,151.0,1.0,23.0,422.0,325.0,97.0,1.0
5382,BUF,1121992BUF,January 12,DEN,12.0,213.0,109.0,104.0,2.0,20.0,304.0,223.0,81.0,2.0
5388,DEN,961992DEN,September 6,RAI,12.0,200.0,153.0,47.0,3.0,20.0,313.0,161.0,152.0,5.0
5399,DEN,9131992DEN,September 13,SDG,12.0,226.0,162.0,64.0,1.0,27.0,355.0,187.0,168.0,2.0
5422,PHI,9201992PHI,September 20,DEN,20.0,388.0,258.0,130.0,0.0,4.0,82.0,30.0,52.0,1.0
5428,CLE,9271992CLE,September 27,DEN,10.0,216.0,75.0,141.0,3.0,15.0,300.0,112.0,188.0,1.0
5439,DEN,1041992DEN,October 4,KAN,20.0,347.0,279.0,68.0,1.0,20.0,369.0,279.0,90.0,0.0
5459,WAS,10121992WAS,October 12,DEN,17.0,362.0,245.0,117.0,1.0,7.0,128.0,102.0,26.0,4.0
5464,DEN,10181992DEN,October 18,OTI,14.0,322.0,152.0,170.0,0.0,21.0,407.0,298.0,109.0,1.0
5482,SDG,10251992SDG,October 25,DEN,20.0,441.0,340.0,101.0,3.0,18.0,351.0,260.0,91.0,3.0
5499,DEN,1181992DEN,November 8,NYJ,19.0,375.0,261.0,114.0,4.0,15.0,341.0,182.0,159.0,2.0
5514,DEN,11151992DEN,November 15,NYG,18.0,379.0,230.0,149.0,2.0,10.0,159.0,39.0,120.0,1.0
5528,RAI,11221992RAI,November 22,DEN,20.0,317.0,150.0,167.0,0.0,15.0,267.0,182.0,85.0,3.0
5552,SEA,11301992SEA,November 30,DEN,15.0,308.0,234.0,74.0,4.0,10.0,196.0,112.0,84.0,2.0
5556,DEN,1261992DEN,December 6,DAL,15.0,354.0,261.0,93.0,5.0,22.0,304.0,222.0,82.0,0.0
5567,BUF,12121992BUF,December 12,DEN,17.0,361.0,210.0,151.0,4.0,24.0,320.0,222.0,98.0,5.0
5585,DEN,12201992DEN,December 20,SEA,15.0,293.0,204.0,89.0,5.0,16.0,222.0,80.0,142.0,2.0
5600,KAN,12271992KAN,December 27,DEN,13.0,220.0,160.0,60.0,3.0,16.0,290.0,208.0,82.0,3.0
5628,NYJ,951993NYJ,September 5,DEN,20.0,422.0,351.0,71.0,3.0,18.0,353.0,254.0,99.0,1.0
5637,DEN,9121993DEN,September 12,SDG,17.0,342.0,284.0,58.0,2.0,26.0,390.0,322.0,68.0,2.0
5657,KAN,9201993KAN,September 20,DEN,21.0,414.0,254.0,160.0,1.0,17.0,335.0,300.0,35.0,3.0
5671,DEN,1031993DEN,October 3,CLT,26.0,454.0,258.0,196.0,2.0,16.0,271.0,160.0,111.0,2.0
5680,GNB,10101993GNB,October 10,DEN,15.0,299.0,235.0,64.0,3.0,26.0,388.0,333.0,55.0,2.0
5699,DEN,10181993DEN,October 18,RAI,18.0,253.0,121.0,132.0,2.0,12.0,308.0,255.0,53.0,2.0
5711,DEN,10311993DEN,October 31,SEA,25.0,326.0,239.0,87.0,1.0,19.0,287.0,184.0,103.0,2.0
5724,CLE,1171993CLE,November 7,DEN,14.0,266.0,191.0,75.0,0.0,21.0,393.0,233.0,160.0,1.0
5736,DEN,11141993DEN,November 14,MIN,25.0,342.0,250.0,92.0,4.0,18.0,427.0,357.0,70.0,3.0
5750,DEN,11211993DEN,November 21,PIT,23.0,364.0,257.0,107.0,0.0,19.0,349.0,248.0,101.0,3.0
5771,SEA,11281993SEA,November 28,DEN,13.0,288.0,161.0,127.0,2.0,19.0,307.0,206.0,101.0,2.0
5783,SDG,1251993SDG,December 5,DEN,20.0,298.0,203.0,95.0,0.0,14.0,224.0,138.0,86.0,2.0
5790,DEN,12121993DEN,December 12,KAN,23.0,340.0,204.0,136.0,2.0,17.0,311.0,234.0,77.0,1.0
5802,CHI,12181993CHI,December 18,DEN,14.0,185.0,101.0,84.0,5.0,15.0,234.0,105.0,129.0,1.0
5821,DEN,12261993DEN,December 26,TAM,18.0,335.0,225.0,110.0,3.0,13.0,236.0,171.0,65.0,1.0
5836,RAI,121994RAI,January 2,DEN,24.0,398.0,304.0,94.0,1.0,22.0,471.0,361.0,110.0,0.0
5846,RAI,191994RAI,January 9,DEN,19.0,427.0,291.0,136.0,0.0,26.0,387.0,331.0,56.0,1.0
5858,DEN,941994DEN,September 4,SDG,30.0,470.0,341.0,129.0,3.0,19.0,370.0,232.0,138.0,1.0
5879,NYJ,9111994NYJ,September 11,DEN,19.0,366.0,287.0,79.0,2.0,22.0,401.0,316.0,85.0,1.0
5887,DEN,9181994DEN,September 18,RAI,21.0,292.0,223.0,69.0,3.0,20.0,424.0,322.0,102.0,1.0
5908,BUF,9261994BUF,September 26,DEN,19.0,315.0,166.0,149.0,1.0,21.0,337.0,260.0,77.0,2.0
5931,SEA,1091994SEA,October 9,DEN,16.0,338.0,244.0,94.0,5.0,19.0,278.0,128.0,150.0,0.0
5943,DEN,10171994DEN,October 17,KAN,21.0,330.0,233.0,97.0,3.0,26.0,483.0,393.0,90.0,2.0
5953,SDG,10231994SDG,October 23,DEN,18.0,321.0,155.0,166.0,3.0,16.0,294.0,225.0,69.0,3.0
5959,DEN,10301994DEN,October 30,CLE,29.0,457.0,343.0,114.0,2.0,17.0,317.0,276.0,41.0,1.0
5973,RAM,1161994RAM,November 6,DEN,23.0,385.0,244.0,141.0,2.0,24.0,284.0,236.0,48.0,0.0
5983,DEN,11131994DEN,November 13,SEA,21.0,297.0,128.0,169.0,2.0,14.0,289.0,131.0,158.0,1.0
6000,DEN,11201994DEN,November 20,ATL,25.0,425.0,336.0,89.0,2.0,16.0,330.0,254.0,76.0,0.0
6014,DEN,11271994DEN,November 27,CIN,12.0,256.0,206.0,50.0,0.0,16.0,328.0,198.0,130.0,4.0
6028,KAN,1241994KAN,December 4,DEN,17.0,401.0,323.0,78.0,1.0,26.0,393.0,270.0,123.0,1.0
6044,RAI,12111994RAI,December 11,DEN,16.0,305.0,177.0,128.0,0.0,16.0,291.0,228.0,63.0,2.0
6052,SFO,12171994SFO,December 17,DEN,25.0,488.0,386.0,102.0,1.0,20.0,334.0,286.0,48.0,3.0
6069,DEN,12241994DEN,December 24,NOR,23.0,348.0,258.0,90.0,4.0,22.0,447.0,367.0,80.0,1.0
6092,DEN,931995DEN,September 3,BUF,24.0,439.0,299.0,140.0,1.0,14.0,234.0,174.0,60.0,0.0
6109,DAL,9101995DAL,September 10,DEN,27.0,358.0,196.0,162.0,1.0,17.0,287.0,198.0,89.0,2.0
6122,DEN,9171995DEN,September 17,WAS,28.0,476.0,318.0,158.0,0.0,20.0,354.0,225.0,129.0,1.0
6143,SDG,9241995SDG,September 24,DEN,23.0,334.0,176.0,158.0,1.0,12.0,246.0,181.0,65.0,0.0
6157,SEA,1011995SEA,October 1,DEN,26.0,422.0,192.0,230.0,0.0,18.0,318.0,243.0,75.0,1.0
6167,NWE,1081995NWE,October 8,DEN,22.0,329.0,248.0,81.0,2.0,23.0,403.0,282.0,121.0,1.0
6185,DEN,10161995DEN,October 16,RAI,24.0,475.0,351.0,124.0,3.0,10.0,169.0,148.0,21.0,4.0
6190,DEN,10221995DEN,October 22,KAN,19.0,285.0,200.0,85.0,3.0,21.0,332.0,161.0,171.0,0.0
6216,DEN,1151995DEN,November 5,CRD,24.0,406.0,258.0,148.0,1.0,18.0,277.0,203.0,74.0,2.0
6236,PHI,11121995PHI,November 12,DEN,25.0,381.0,256.0,125.0,0.0,15.0,280.0,148.0,132.0,1.0
6245,DEN,11191995DEN,November 19,SDG,25.0,463.0,290.0,173.0,2.0,20.0,269.0,199.0,70.0,1.0
6261,OTI,11261995OTI,November 26,DEN,23.0,448.0,280.0,168.0,2.0,22.0,472.0,332.0,140.0,2.0
6273,DEN,1231995DEN,December 3,JAX,20.0,397.0,286.0,111.0,3.0,13.0,260.0,191.0,69.0,2.0
6290,DEN,12101995DEN,December 10,SEA,25.0,388.0,148.0,240.0,5.0,19.0,326.0,192.0,134.0,2.0
6310,KAN,12171995KAN,December 17,DEN,22.0,364.0,219.0,145.0,1.0,18.0,268.0,204.0,64.0,2.0
6326,RAI,12241995RAI,December 24,DEN,19.0,336.0,238.0,98.0,2.0,30.0,437.0,307.0,130.0,3.0
6343,DEN,911996DEN,September 1,NYJ,21.0,367.0,167.0,200.0,3.0,12.0,188.0,72.0,116.0,4.0
6368,SEA,981996SEA,September 8,DEN,10.0,211.0,172.0,39.0,3.0,22.0,374.0,194.0,180.0,1.0
6374,DEN,9151996DEN,September 15,TAM,20.0,374.0,180.0,194.0,3.0,15.0,307.0,186.0,121.0,2.0
6388,KAN,9221996KAN,September 22,DEN,20.0,306.0,231.0,75.0,1.0,17.0,299.0,138.0,161.0,2.0
6400,CIN,9291996CIN,September 29,DEN,17.0,253.0,147.0,106.0,1.0,22.0,402.0,288.0,114.0,3.0
6414,DEN,1061996DEN,October 6,SDG,23.0,406.0,312.0,94.0,1.0,14.0,245.0,210.0,35.0,0.0
6439,DEN,10201996DEN,October 20,RAV,26.0,548.0,326.0,222.0,1.0,23.0,392.0,317.0,75.0,1.0
6452,DEN,10271996DEN,October 27,KAN,26.0,499.0,286.0,213.0,3.0,10.0,232.0,208.0,24.0,2.0
6475,RAI,1141996RAI,November 4,DEN,17.0,321.0,216.0,105.0,0.0,18.0,312.0,160.0,152.0,1.0
6478,DEN,11101996DEN,November 10,CHI,17.0,284.0,192.0,92.0,0.0,24.0,346.0,172.0,174.0,3.0
6498,NWE,11171996NWE,November 17,DEN,12.0,218.0,201.0,17.0,1.0,26.0,422.0,224.0,198.0,1.0
6513,MIN,11241996MIN,November 24,DEN,20.0,296.0,246.0,50.0,2.0,22.0,388.0,309.0,79.0,3.0
6525,DEN,1211996DEN,December 1,SEA,31.0,441.0,236.0,205.0,0.0,13.0,277.0,172.0,105.0,3.0
6541,GNB,1281996GNB,December 8,DEN,22.0,379.0,276.0,103.0,2.0,9.0,176.0,83.0,93.0,3.0
6557,DEN,12151996DEN,December 15,RAI,23.0,285.0,186.0,99.0,3.0,18.0,255.0,150.0,105.0,4.0
6577,SDG,12221996SDG,December 22,DEN,14.0,244.0,163.0,81.0,3.0,13.0,214.0,148.0,66.0,4.0
6585,DEN,141997DEN,January 4,JAX,21.0,351.0,225.0,126.0,0.0,22.0,443.0,240.0,203.0,0.0
6596,DEN,8311997DEN,August 31,KAN,20.0,378.0,232.0,146.0,0.0,12.0,241.0,108.0,133.0,1.0
6619,SEA,971997SEA,September 7,DEN,16.0,289.0,220.0,69.0,1.0,22.0,331.0,188.0,143.0,1.0
6624,DEN,9141997DEN,September 14,RAM,19.0,377.0,233.0,144.0,2.0,18.0,314.0,184.0,130.0,2.0
6637,DEN,9211997DEN,September 21,CIN,23.0,372.0,150.0,222.0,1.0,22.0,389.0,194.0,195.0,1.0
6648,ATL,9281997ATL,September 28,DEN,17.0,308.0,196.0,112.0,1.0,16.0,329.0,228.0,101.0,1.0
6673,DEN,1061997DEN,October 6,NWE,25.0,380.0,188.0,192.0,2.0,13.0,262.0,211.0,51.0,2.0
6694,RAI,10191997RAI,October 19,DEN,12.0,324.0,81.0,243.0,2.0,25.0,441.0,294.0,147.0,1.0
6700,BUF,10261997BUF,October 26,DEN,19.0,315.0,160.0,155.0,6.0,17.0,341.0,116.0,225.0,3.0
6719,DEN,1121997DEN,November 2,SEA,19.0,385.0,245.0,140.0,2.0,22.0,349.0,245.0,104.0,2.0
6730,DEN,1191997DEN,November 9,CAR,20.0,393.0,233.0,160.0,1.0,7.0,147.0,113.0,34.0,4.0
6748,KAN,11161997KAN,November 16,DEN,15.0,202.0,96.0,106.0,1.0,26.0,329.0,194.0,135.0,1.0
6771,DEN,11241997DEN,November 24,RAI,23.0,370.0,260.0,110.0,1.0,14.0,260.0,150.0,110.0,2.0
6783,SDG,11301997SDG,November 30,DEN,22.0,269.0,222.0,47.0,2.0,28.0,438.0,240.0,198.0,0.0
6797,PIT,1271997PIT,December 7,DEN,22.0,476.0,290.0,186.0,2.0,18.0,320.0,231.0,89.0,1.0
6816,SFO,12151997SFO,December 15,DEN,18.0,323.0,265.0,58.0,1.0,15.0,237.0,141.0,96.0,3.0
6822,DEN,12211997DEN,December 21,SDG,24.0,451.0,321.0,130.0,1.0,9.0,203.0,133.0,70.0,1.0
6832,DEN,12271997DEN,December 27,JAX,28.0,511.0,201.0,310.0,2.0,14.0,237.0,187.0,50.0,2.0
6839,KAN,141998KAN,January 4,DEN,18.0,303.0,226.0,77.0,0.0,16.0,272.0,163.0,109.0,2.0
6840,PIT,1111998PIT,January 11,DEN,23.0,354.0,193.0,161.0,4.0,23.0,345.0,195.0,150.0,2.0
6842,GNB,1251998GNB,January 25,DEN,21.0,350.0,255.0,95.0,3.0,21.0,302.0,123.0,179.0,2.0
6857,DEN,971998DEN,September 7,NWE,20.0,339.0,248.0,91.0,0.0,17.0,339.0,258.0,81.0,0.0
6859,DEN,9131998DEN,September 13,DAL,21.0,515.0,306.0,209.0,0.0,18.0,370.0,201.0,169.0,0.0
6882,RAI,9201998RAI,September 20,DEN,13.0,258.0,164.0,94.0,3.0,25.0,338.0,193.0,145.0,2.0
6897,WAS,9271998WAS,September 27,DEN,18.0,387.0,235.0,152.0,3.0,18.0,365.0,180.0,185.0,0.0
6903,DEN,1041998DEN,October 4,PHI,22.0,423.0,192.0,231.0,2.0,12.0,157.0,100.0,57.0,2.0
6921,SEA,10111998SEA,October 11,DEN,16.0,319.0,242.0,77.0,1.0,17.0,373.0,171.0,202.0,2.0
6938,DEN,10251998DEN,October 25,JAX,24.0,465.0,295.0,170.0,0.0,24.0,348.0,282.0,66.0,1.0
6953,CIN,1111998CIN,November 1,DEN,25.0,372.0,245.0,127.0,1.0,20.0,352.0,202.0,150.0,1.0
6967,DEN,1181998DEN,November 8,SDG,19.0,289.0,217.0,72.0,1.0,13.0,213.0,136.0,77.0,3.0
6992,KAN,11161998KAN,November 16,DEN,15.0,221.0,190.0,31.0,1.0,26.0,379.0,174.0,205.0,0.0
6997,DEN,11221998DEN,November 22,RAI,28.0,397.0,201.0,196.0,1.0,15.0,294.0,245.0,49.0,3.0
7019,SDG,11291998SDG,November 29,DEN,21.0,367.0,302.0,65.0,6.0,18.0,322.0,226.0,96.0,4.0
7028,DEN,1261998DEN,December 6,KAN,23.0,476.0,383.0,93.0,3.0,20.0,266.0,222.0,44.0,1.0
7047,NYG,12131998NYG,December 13,DEN,18.0,392.0,254.0,138.0,2.0,21.0,329.0,159.0,170.0,1.0
7067,MIA,12211998MIA,December 21,DEN,19.0,391.0,355.0,36.0,2.0,14.0,219.0,161.0,58.0,2.0
7076,DEN,12271998DEN,December 27,SEA,31.0,511.0,316.0,195.0,1.0,19.0,241.0,217.0,24.0,1.0
7088,DEN,191999DEN,January 9,MIA,24.0,424.0,174.0,250.0,0.0,14.0,252.0,238.0,14.0,3.0
7091,DEN,1171999DEN,January 17,NYJ,14.0,331.0,153.0,178.0,0.0,18.0,370.0,356.0,14.0,6.0
7093,DEN,1311999DEN,January 31,ATL,22.0,457.0,336.0,121.0,1.0,21.0,337.0,206.0,131.0,4.0
7108,DEN,9131999DEN,September 13,MIA,25.0,353.0,240.0,113.0,1.0,22.0,326.0,215.0,111.0,0.0
7115,KAN,9191999KAN,September 19,DEN,17.0,365.0,177.0,188.0,1.0,20.0,244.0,156.0,88.0,4.0
7136,TAM,9261999TAM,September 26,DEN,17.0,243.0,78.0,165.0,2.0,8.0,173.0,120.0,53.0,1.0
7143,DEN,1031999DEN,October 3,NYJ,17.0,326.0,218.0,108.0,6.0,23.0,334.0,224.0,110.0,2.0
7161,RAI,10101999RAI,October 10,DEN,17.0,265.0,210.0,55.0,2.0,16.0,302.0,221.0,81.0,2.0
7171,DEN,10171999DEN,October 17,GNB,28.0,514.0,363.0,151.0,1.0,5.0,133.0,112.0,21.0,3.0
7186,NWE,10241999NWE,October 24,DEN,15.0,325.0,192.0,133.0,0.0,23.0,442.0,309.0,133.0,0.0
7198,DEN,10311999DEN,October 31,MIN,24.0,391.0,256.0,135.0,3.0,15.0,302.0,205.0,97.0,0.0
7217,SDG,1171999SDG,November 7,DEN,19.0,273.0,214.0,59.0,4.0,17.0,241.0,127.0,114.0,0.0
7233,SEA,11141999SEA,November 14,DEN,14.0,271.0,230.0,41.0,2.0,18.0,323.0,236.0,87.0,1.0
7251,DEN,11221999DEN,November 22,RAI,17.0,291.0,171.0,120.0,2.0,16.0,284.0,205.0,79.0,3.0
7274,DEN,1251999DEN,December 5,KAN,14.0,291.0,208.0,83.0,1.0,17.0,352.0,175.0,177.0,1.0
7296,JAX,12131999JAX,December 13,DEN,18.0,265.0,104.0,161.0,0.0,18.0,358.0,268.0,90.0,2.0
7304,DEN,12191999DEN,December 19,SEA,26.0,430.0,170.0,260.0,2.0,19.0,364.0,250.0,114.0,2.0
7313,DET,12251999DET,December 25,DEN,16.0,274.0,242.0,32.0,0.0,22.0,369.0,165.0,204.0,1.0
7331,DEN,122000DEN,January 2,SDG,15.0,235.0,191.0,44.0,1.0,17.0,377.0,183.0,194.0,4.0
7367,RAM,942000RAM,September 4,DEN,23.0,513.0,433.0,80.0,3.0,25.0,424.0,274.0,150.0,0.0
7372,DEN,9102000DEN,September 10,ATL,29.0,407.0,255.0,152.0,0.0,12.0,186.0,139.0,47.0,3.0
7393,RAI,9172000RAI,September 17,DEN,16.0,263.0,140.0,123.0,4.0,25.0,387.0,207.0,180.0,1.0
7402,DEN,9242000DEN,September 24,KAN,21.0,342.0,197.0,145.0,3.0,21.0,294.0,245.0,49.0,3.0
7415,DEN,1012000DEN,October 1,NWE,26.0,405.0,326.0,79.0,2.0,19.0,314.0,260.0,54.0,1.0
7436,SDG,1082000SDG,October 8,DEN,17.0,277.0,212.0,65.0,3.0,18.0,304.0,208.0,96.0,0.0
7442,DEN,10152000DEN,October 15,CLE,24.0,499.0,353.0,146.0,0.0,12.0,278.0,240.0,38.0,3.0
7457,CIN,10222000CIN,October 22,DEN,15.0,421.0,14.0,407.0,1.0,32.0,500.0,358.0,142.0,3.0
7489,NYJ,1152000NYJ,November 5,DEN,22.0,381.0,293.0,88.0,3.0,23.0,447.0,317.0,130.0,1.0
7510,DEN,11132000DEN,November 13,RAI,18.0,329.0,258.0,71.0,2.0,25.0,411.0,373.0,38.0,3.0
7513,DEN,11192000DEN,November 19,SDG,34.0,536.0,443.0,93.0,5.0,14.0,385.0,299.0,86.0,3.0
7536,SEA,11262000SEA,November 26,DEN,17.0,354.0,269.0,85.0,3.0,25.0,538.0,237.0,301.0,5.0
7548,NOR,1232000NOR,December 3,DEN,19.0,446.0,425.0,21.0,3.0,24.0,483.0,200.0,283.0,0.0
7560,DEN,12102000DEN,December 10,SEA,20.0,313.0,182.0,131.0,1.0,22.0,405.0,298.0,107.0,4.0
7579,KAN,12172000KAN,December 17,DEN,24.0,424.0,160.0,264.0,2.0,11.0,278.0,225.0,53.0,1.0
7586,DEN,12232000DEN,December 23,SFO,28.0,362.0,203.0,159.0,1.0,16.0,192.0,146.0,46.0,2.0
7603,RAV,12312000RAV,December 31,DEN,13.0,240.0,118.0,122.0,0.0,9.0,177.0,135.0,42.0,1.0
7626,DEN,9102001DEN,September 10,NYG,25.0,473.0,330.0,143.0,0.0,17.0,308.0,245.0,63.0,0.0
7627,CRD,9232001CRD,September 23,DEN,14.0,308.0,224.0,84.0,3.0,27.0,381.0,234.0,147.0,0.0
7644,DEN,9302001DEN,September 30,RAV,13.0,228.0,167.0,61.0,3.0,16.0,333.0,221.0,112.0,1.0
7659,DEN,1072001DEN,October 7,KAN,15.0,300.0,103.0,197.0,1.0,16.0,297.0,255.0,42.0,4.0
7680,SEA,10142001SEA,October 14,DEN,21.0,254.0,93.0,161.0,1.0,20.0,281.0,189.0,92.0,3.0
7693,SDG,10212001SDG,October 21,DEN,22.0,379.0,272.0,107.0,2.0,19.0,263.0,182.0,81.0,3.0
7702,DEN,10282001DEN,October 28,NWE,18.0,355.0,269.0,86.0,2.0,21.0,300.0,183.0,117.0,5.0
7724,RAI,1152001RAI,November 5,DEN,27.0,356.0,242.0,114.0,1.0,26.0,366.0,247.0,119.0,2.0
7729,DEN,11112001DEN,November 11,SDG,19.0,338.0,221.0,117.0,1.0,9.0,243.0,147.0,96.0,5.0
7746,DEN,11182001DEN,November 18,WAS,10.0,186.0,98.0,88.0,2.0,18.0,245.0,127.0,118.0,3.0
7755,DAL,11222001DAL,November 22,DEN,16.0,191.0,164.0,27.0,2.0,19.0,279.0,160.0,119.0,1.0
7776,MIA,1222001MIA,December 2,DEN,12.0,218.0,176.0,42.0,1.0,19.0,273.0,126.0,147.0,2.0
7790,DEN,1292001DEN,December 9,SEA,20.0,309.0,144.0,165.0,2.0,15.0,277.0,207.0,70.0,2.0
7808,KAN,12162001KAN,December 16,DEN,22.0,396.0,259.0,137.0,3.0,22.0,335.0,241.0,94.0,1.0
7834,DEN,12302001DEN,December 30,RAI,15.0,231.0,125.0,106.0,0.0,24.0,334.0,283.0,51.0,3.0
7848,CLT,162002CLT,January 6,DEN,22.0,335.0,184.0,151.0,1.0,17.0,219.0,104.0,115.0,4.0
7877,DEN,982002DEN,September 8,RAM,18.0,291.0,187.0,104.0,2.0,15.0,327.0,295.0,32.0,2.0
7899,SFO,9152002SFO,September 15,DEN,18.0,261.0,190.0,71.0,2.0,21.0,299.0,98.0,201.0,1.0
7906,DEN,9222002DEN,September 22,BUF,22.0,342.0,179.0,163.0,0.0,17.0,291.0,252.0,39.0,1.0
7930,RAV,9302002RAV,September 30,DEN,14.0,230.0,146.0,84.0,2.0,30.0,403.0,306.0,97.0,3.0
7936,DEN,1062002DEN,October 6,SDG,20.0,417.0,300.0,117.0,1.0,16.0,314.0,235.0,79.0,3.0
7947,DEN,10132002DEN,October 13,MIA,27.0,410.0,299.0,111.0,3.0,16.0,259.0,201.0,58.0,2.0
7965,KAN,10202002KAN,October 20,DEN,24.0,305.0,143.0,162.0,0.0,22.0,507.0,366.0,141.0,1.0
7981,NWE,10272002NWE,October 27,DEN,16.0,179.0,110.0,69.0,0.0,23.0,351.0,215.0,136.0,2.0
8014,DEN,11112002DEN,November 11,RAI,27.0,342.0,265.0,77.0,1.0,20.0,374.0,347.0,27.0,0.0
8027,SEA,11172002SEA,November 17,DEN,13.0,204.0,153.0,51.0,3.0,22.0,401.0,199.0,202.0,1.0
8036,DEN,11242002DEN,November 24,CLT,15.0,285.0,172.0,113.0,2.0,26.0,344.0,216.0,128.0,3.0
8060,SDG,1212002SDG,December 1,DEN,25.0,434.0,214.0,220.0,0.0,20.0,417.0,261.0,156.0,3.0
8071,NYJ,1282002NYJ,December 8,DEN,18.0,281.0,217.0,64.0,0.0,21.0,369.0,258.0,111.0,1.0
8084,DEN,12152002DEN,December 15,KAN,24.0,482.0,285.0,197.0,3.0,22.0,494.0,309.0,185.0,0.0
8107,RAI,12222002RAI,December 22,DEN,20.0,322.0,186.0,136.0,2.0,21.0,324.0,243.0,81.0,3.0
8116,DEN,12292002DEN,December 29,CRD,24.0,450.0,191.0,259.0,0.0,18.0,207.0,123.0,84.0,2.0
8141,CIN,972003CIN,September 7,DEN,15.0,294.0,243.0,51.0,4.0,19.0,293.0,109.0,184.0,3.0
8166,SDG,9142003SDG,September 14,DEN,19.0,303.0,182.0,121.0,1.0,24.0,382.0,185.0,197.0,0.0
8183,DEN,9222003DEN,September 22,RAI,20.0,383.0,193.0,190.0,1.0,11.0,195.0,156.0,39.0,1.0
8188,DEN,9282003DEN,September 28,DET,20.0,332.0,253.0,79.0,1.0,16.0,285.0,141.0,144.0,0.0
8205,KAN,1052003KAN,October 5,DEN,13.0,262.0,129.0,133.0,2.0,22.0,468.0,292.0,176.0,1.0
8215,DEN,10122003DEN,October 12,PIT,15.0,242.0,165.0,77.0,3.0,17.0,215.0,130.0,85.0,1.0
8234,MIN,10192003MIN,October 19,DEN,14.0,340.0,268.0,72.0,0.0,27.0,321.0,183.0,138.0,3.0
8241,RAV,10262003RAV,October 26,DEN,16.0,277.0,126.0,151.0,0.0,12.0,194.0,90.0,104.0,2.0
8267,DEN,1132003DEN,November 3,NWE,18.0,277.0,163.0,114.0,1.0,17.0,419.0,350.0,69.0,2.0
8287,DEN,11162003DEN,November 16,SDG,26.0,448.0,247.0,201.0,3.0,5.0,96.0,56.0,40.0,4.0
8304,DEN,11232003DEN,November 23,CHI,18.0,365.0,165.0,200.0,0.0,19.0,217.0,111.0,106.0,0.0
8323,RAI,11302003RAI,November 30,DEN,12.0,262.0,142.0,120.0,3.0,20.0,287.0,94.0,193.0,1.0
8333,DEN,1272003DEN,December 7,KAN,26.0,508.0,238.0,270.0,0.0,28.0,444.0,381.0,63.0,0.0
8349,DEN,12142003DEN,December 14,CLE,28.0,417.0,252.0,165.0,1.0,12.0,275.0,173.0,102.0,1.0
8371,CLT,12212003CLT,December 21,DEN,11.0,183.0,136.0,47.0,0.0,26.0,465.0,238.0,227.0,1.0
8386,GNB,12282003GNB,December 28,DEN,16.0,366.0,104.0,262.0,1.0,13.0,216.0,102.0,114.0,3.0
8397,CLT,142004CLT,January 4,DEN,23.0,479.0,394.0,85.0,1.0,20.0,322.0,176.0,146.0,3.0
8410,DEN,9122004DEN,September 12,KAN,24.0,413.0,221.0,192.0,3.0,15.0,318.0,151.0,167.0,1.0
8428,JAX,9192004JAX,September 19,DEN,8.0,176.0,109.0,67.0,0.0,20.0,356.0,250.0,106.0,1.0
8439,DEN,9262004DEN,September 26,SDG,18.0,328.0,291.0,37.0,1.0,16.0,214.0,129.0,85.0,1.0
8463,TAM,1032004TAM,October 3,DEN,12.0,269.0,159.0,110.0,1.0,19.0,249.0,138.0,111.0,0.0
8467,DEN,10102004DEN,October 10,CAR,23.0,434.0,224.0,210.0,2.0,12.0,227.0,163.0,64.0,0.0
8489,RAI,10172004RAI,October 17,DEN,9.0,145.0,114.0,31.0,2.0,25.0,444.0,190.0,254.0,1.0
8506,CIN,10252004CIN,October 25,DEN,13.0,321.0,188.0,133.0,1.0,22.0,318.0,195.0,123.0,3.0
8510,DEN,10312004DEN,October 31,ATL,27.0,567.0,499.0,68.0,3.0,22.0,467.0,272.0,195.0,1.0
8525,DEN,1172004DEN,November 7,HTX,21.0,364.0,225.0,139.0,0.0,22.0,331.0,228.0,103.0,0.0
8558,NOR,11212004NOR,November 21,DEN,20.0,411.0,362.0,49.0,4.0,18.0,389.0,224.0,165.0,0.0
8571,DEN,11282004DEN,November 28,RAI,16.0,367.0,245.0,122.0,3.0,19.0,395.0,334.0,61.0,3.0
8592,SDG,1252004SDG,December 5,DEN,14.0,208.0,86.0,122.0,2.0,21.0,337.0,263.0,74.0,4.0
8603,DEN,12122004DEN,December 12,MIA,24.0,415.0,219.0,196.0,3.0,13.0,214.0,144.0,70.0,1.0
8623,KAN,12192004KAN,December 19,DEN,22.0,410.0,248.0,162.0,0.0,24.0,402.0,273.0,129.0,3.0
8631,OTI,12252004OTI,December 25,DEN,10.0,153.0,94.0,59.0,2.0,26.0,496.0,303.0,193.0,2.0
8650,DEN,122005DEN,January 2,CLT,23.0,453.0,239.0,214.0,0.0,8.0,200.0,166.0,34.0,1.0
8664,CLT,192005CLT,January 9,DEN,27.0,530.0,454.0,76.0,1.0,18.0,338.0,260.0,78.0,1.0
8680,MIA,9112005MIA,September 11,DEN,21.0,426.0,275.0,151.0,3.0,19.0,312.0,242.0,70.0,3.0
8692,DEN,9182005DEN,September 18,SDG,21.0,331.0,233.0,98.0,2.0,15.0,213.0,134.0,79.0,2.0
8717,DEN,9262005DEN,September 26,KAN,24.0,358.0,137.0,221.0,0.0,18.0,285.0,211.0,74.0,1.0
8722,JAX,1022005JAX,October 2,DEN,13.0,241.0,229.0,12.0,4.0,24.0,306.0,118.0,188.0,0.0
8737,DEN,1092005DEN,October 9,WAS,11.0,257.0,92.0,165.0,0.0,28.0,447.0,322.0,125.0,1.0
8750,DEN,10162005DEN,October 16,NWE,20.0,432.0,254.0,178.0,0.0,22.0,388.0,299.0,89.0,0.0
8767,NYG,10232005NYG,October 23,DEN,22.0,311.0,214.0,97.0,2.0,20.0,385.0,194.0,191.0,1.0
8777,DEN,10302005DEN,October 30,PHI,28.0,564.0,309.0,255.0,0.0,12.0,351.0,272.0,79.0,2.0
8811,RAI,11132005RAI,November 13,DEN,20.0,335.0,275.0,60.0,3.0,18.0,326.0,205.0,121.0,2.0
8822,DEN,11202005DEN,November 20,NYJ,28.0,404.0,213.0,191.0,1.0,10.0,195.0,176.0,19.0,5.0
8832,DAL,11242005DAL,November 24,DEN,23.0,314.0,229.0,85.0,2.0,13.0,293.0,149.0,144.0,2.0
8854,KAN,1242005KAN,December 4,DEN,24.0,421.0,253.0,168.0,3.0,19.0,388.0,257.0,131.0,2.0
8869,DEN,12112005DEN,December 11,RAV,17.0,318.0,222.0,96.0,1.0,20.0,323.0,251.0,72.0,4.0
8880,BUF,12172005BUF,December 17,DEN,17.0,272.0,197.0,75.0,0.0,27.0,437.0,259.0,178.0,1.0
8900,DEN,12242005DEN,December 24,RAI,24.0,414.0,259.0,155.0,1.0,15.0,248.0,161.0,87.0,2.0
8913,SDG,12312005SDG,December 31,DEN,15.0,236.0,145.0,91.0,2.0,17.0,241.0,84.0,157.0,0.0
8932,DEN,1142006DEN,January 14,NWE,16.0,286.0,190.0,96.0,1.0,15.0,420.0,341.0,79.0,5.0
8936,DEN,1222006DEN,January 22,PIT,16.0,308.0,211.0,97.0,4.0,20.0,358.0,268.0,90.0,0.0
8950,RAM,9102006RAM,September 10,DEN,16.0,320.0,195.0,125.0,0.0,17.0,259.0,98.0,161.0,5.0
8960,DEN,9172006DEN,September 17,KAN,18.0,318.0,173.0,145.0,1.0,16.0,276.0,131.0,145.0,2.0
8979,NWE,9242006NWE,September 24,DEN,22.0,370.0,320.0,50.0,0.0,19.0,400.0,256.0,144.0,0.0
9012,DEN,1092006DEN,October 9,RAV,13.0,222.0,106.0,116.0,2.0,16.0,257.0,154.0,103.0,3.0
9016,DEN,10152006DEN,October 15,RAI,15.0,235.0,91.0,144.0,1.0,14.0,244.0,159.0,85.0,2.0
9029,CLE,10222006CLE,October 22,DEN,10.0,165.0,131.0,34.0,3.0,22.0,347.0,197.0,150.0,2.0
9043,DEN,10292006DEN,October 29,CLT,24.0,396.0,169.0,227.0,1.0,23.0,437.0,345.0,92.0,0.0
9060,PIT,1152006PIT,November 5,DEN,27.0,499.0,403.0,96.0,6.0,13.0,336.0,221.0,115.0,0.0
9077,RAI,11122006RAI,November 12,DEN,13.0,244.0,198.0,46.0,2.0,13.0,264.0,201.0,63.0,3.0
9088,DEN,11192006DEN,November 19,SDG,20.0,326.0,168.0,158.0,1.0,21.0,342.0,217.0,125.0,2.0
9101,KAN,11232006KAN,November 23,DEN,22.0,382.0,159.0,223.0,1.0,16.0,244.0,206.0,38.0,1.0
9119,DEN,1232006DEN,December 3,SEA,14.0,302.0,121.0,181.0,5.0,12.0,270.0,162.0,108.0,1.0
9142,SDG,12102006SDG,December 10,DEN,22.0,419.0,276.0,143.0,1.0,19.0,328.0,166.0,162.0,1.0
9149,CRD,12172006CRD,December 17,DEN,17.0,295.0,195.0,100.0,2.0,26.0,362.0,256.0,106.0,2.0
9168,DEN,12242006DEN,December 24,CIN,17.0,287.0,160.0,127.0,2.0,23.0,343.0,194.0,149.0,4.0
9184,DEN,12312006DEN,December 31,SFO,19.0,325.0,210.0,115.0,3.0,17.0,357.0,168.0,189.0,1.0
9207,BUF,992007BUF,September 9,DEN,13.0,184.0,72.0,112.0,1.0,23.0,470.0,299.0,171.0,1.0
9227,DEN,9162007DEN,September 16,RAI,26.0,441.0,260.0,181.0,2.0,11.0,253.0,53.0,200.0,3.0
9241,DEN,9232007DEN,September 23,JAX,11.0,265.0,218.0,47.0,3.0,21.0,326.0,140.0,186.0,2.0
9261,CLT,9302007CLT,September 30,DEN,30.0,419.0,193.0,226.0,0.0,22.0,354.0,131.0,223.0,2.0
9268,DEN,1072007DEN,October 7,SDG,17.0,296.0,224.0,72.0,3.0,20.0,484.0,270.0,214.0,0.0
9298,DEN,10212007DEN,October 21,PIT,21.0,324.0,234.0,90.0,2.0,24.0,379.0,260.0,119.0,3.0
9321,DEN,10292007DEN,October 29,GNB,24.0,332.0,244.0,88.0,1.0,20.0,430.0,325.0,105.0,0.0
9325,DET,1142007DET,November 4,DEN,20.0,376.0,246.0,130.0,1.0,16.0,303.0,256.0,47.0,4.0
9340,KAN,11112007KAN,November 11,DEN,19.0,284.0,217.0,67.0,4.0,18.0,327.0,186.0,141.0,1.0
9365,DEN,11192007DEN,November 19,OTI,15.0,359.0,193.0,166.0,1.0,28.0,423.0,290.0,133.0,3.0
9371,CHI,11252007CHI,November 25,DEN,18.0,293.0,171.0,122.0,4.0,22.0,430.0,292.0,138.0,2.0
9391,RAI,1222007RAI,December 2,DEN,20.0,372.0,197.0,175.0,1.0,14.0,292.0,206.0,86.0,4.0
9402,DEN,1292007DEN,December 9,KAN,23.0,453.0,238.0,215.0,0.0,7.0,129.0,113.0,16.0,3.0
9414,HTX,12132007HTX,December 13,DEN,21.0,358.0,200.0,158.0,1.0,20.0,308.0,236.0,72.0,0.0
9445,SDG,12242007SDG,December 24,DEN,18.0,334.0,187.0,147.0,1.0,12.0,225.0,133.0,92.0,3.0
9452,DEN,12302007DEN,December 30,MIN,21.0,362.0,234.0,128.0,0.0,16.0,332.0,160.0,172.0,3.0
9488,RAI,982008RAI,September 8,DEN,15.0,307.0,157.0,150.0,1.0,24.0,441.0,300.0,141.0,0.0
9493,DEN,9142008DEN,September 14,SDG,34.0,486.0,341.0,145.0,1.0,19.0,456.0,376.0,80.0,1.0
9508,DEN,9212008DEN,September 21,NOR,20.0,369.0,264.0,105.0,2.0,27.0,502.0,414.0,88.0,1.0
9525,KAN,9282008KAN,September 28,DEN,17.0,370.0,157.0,213.0,1.0,22.0,446.0,352.0,94.0,4.0
9537,DEN,1052008DEN,October 5,TAM,17.0,333.0,227.0,106.0,1.0,17.0,307.0,168.0,139.0,1.0
9549,DEN,10122008DEN,October 12,JAX,19.0,323.0,192.0,131.0,3.0,26.0,416.0,261.0,155.0,2.0
9574,NWE,10202008NWE,October 20,DEN,25.0,404.0,147.0,257.0,0.0,19.0,275.0,169.0,106.0,5.0
9593,DEN,1122008DEN,November 2,MIA,14.0,319.0,305.0,14.0,3.0,21.0,341.0,266.0,75.0,1.0
9603,CLE,1162008CLE,November 6,DEN,20.0,399.0,239.0,160.0,1.0,26.0,564.0,441.0,123.0,1.0
9618,ATL,11162008ATL,November 16,DEN,20.0,364.0,250.0,114.0,1.0,19.0,332.0,208.0,124.0,0.0
9639,DEN,11232008DEN,November 23,RAI,23.0,319.0,204.0,115.0,2.0,18.0,318.0,160.0,158.0,0.0
9658,NYJ,11302008NYJ,November 30,DEN,22.0,383.0,241.0,142.0,2.0,23.0,484.0,357.0,127.0,1.0
9670,DEN,1272008DEN,December 7,KAN,27.0,425.0,286.0,139.0,1.0,14.0,260.0,177.0,83.0,0.0
9685,CAR,12142008CAR,December 14,DEN,18.0,400.0,253.0,147.0,1.0,15.0,279.0,158.0,121.0,2.0
9700,DEN,12212008DEN,December 21,BUF,27.0,532.0,351.0,181.0,2.0,20.0,275.0,188.0,87.0,0.0
9726,SDG,12282008SDG,December 28,DEN,28.0,491.0,202.0,289.0,0.0,25.0,406.0,316.0,90.0,2.0
9745,CIN,9132009CIN,September 13,DEN,16.0,307.0,221.0,86.0,2.0,10.0,302.0,227.0,75.0,0.0
9760,DEN,9202009DEN,September 20,CLE,25.0,449.0,263.0,186.0,1.0,11.0,200.0,146.0,54.0,3.0
9781,RAI,9272009RAI,September 27,DEN,9.0,137.0,42.0,95.0,3.0,21.0,372.0,157.0,215.0,1.0
9790,DEN,1042009DEN,October 4,DAL,18.0,337.0,221.0,116.0,1.0,20.0,315.0,241.0,74.0,2.0
9806,DEN,10112009DEN,October 11,NWE,27.0,424.0,321.0,103.0,2.0,18.0,305.0,209.0,96.0,1.0
9829,SDG,10192009SDG,October 19,DEN,20.0,311.0,238.0,73.0,1.0,19.0,328.0,227.0,101.0,0.0
9844,RAV,1112009RAV,November 1,DEN,16.0,292.0,167.0,125.0,0.0,17.0,200.0,134.0,66.0,1.0
9868,DEN,1192009DEN,November 9,PIT,12.0,242.0,215.0,27.0,3.0,21.0,375.0,202.0,173.0,2.0
9882,WAS,11152009WAS,November 15,DEN,22.0,388.0,214.0,174.0,0.0,14.0,305.0,185.0,120.0,2.0
9888,DEN,11222009DEN,November 22,SDG,14.0,271.0,156.0,115.0,3.0,21.0,348.0,145.0,203.0,0.0
9901,DEN,11262009DEN,November 26,NYG,23.0,373.0,235.0,138.0,1.0,15.0,267.0,210.0,57.0,3.0
9925,KAN,1262009KAN,December 6,DEN,14.0,222.0,128.0,94.0,3.0,24.0,413.0,168.0,245.0,3.0
9938,CLT,12132009CLT,December 13,DEN,21.0,312.0,220.0,92.0,3.0,20.0,357.0,262.0,95.0,1.0
9953,DEN,12202009DEN,December 20,RAI,19.0,337.0,257.0,80.0,0.0,22.0,343.0,102.0,241.0,2.0
9975,PHI,12272009PHI,December 27,DEN,22.0,394.0,289.0,105.0,3.0,13.0,241.0,171.0,70.0,1.0
9985,DEN,132010DEN,January 3,KAN,30.0,512.0,428.0,84.0,3.0,22.0,524.0,207.0,317.0,2.0
10011,JAX,9122010JAX,September 12,DEN,18.0,299.0,165.0,134.0,0.0,21.0,363.0,274.0,89.0,2.0
10028,DEN,9192010DEN,September 19,SEA,23.0,369.0,304.0,65.0,0.0,17.0,339.0,230.0,109.0,4.0
10042,DEN,9262010DEN,September 26,CLT,23.0,519.0,472.0,47.0,2.0,18.0,365.0,325.0,40.0,0.0
10067,OTI,1032010OTI,October 3,DEN,13.0,288.0,167.0,121.0,2.0,22.0,327.0,308.0,19.0,1.0
10070,RAV,10102010RAV,October 10,DEN,28.0,415.0,182.0,233.0,0.0,16.0,346.0,307.0,39.0,1.0
10084,DEN,10172010DEN,October 17,NYJ,21.0,346.0,201.0,145.0,2.0,17.0,319.0,190.0,129.0,3.0
10101,DEN,10242010DEN,October 24,RAI,11.0,240.0,165.0,75.0,3.0,29.0,508.0,180.0,328.0,0.0
10121,SFO,10312010SFO,October 31,DEN,16.0,339.0,196.0,143.0,0.0,22.0,398.0,339.0,59.0,2.0
10142,DEN,11142010DEN,November 14,KAN,25.0,452.0,299.0,153.0,0.0,30.0,484.0,433.0,51.0,1.0
10166,SDG,11222010SDG,November 22,DEN,21.0,400.0,253.0,147.0,1.0,16.0,235.0,172.0,63.0,1.0
10175,DEN,11282010DEN,November 28,RAM,24.0,449.0,330.0,119.0,2.0,24.0,431.0,308.0,123.0,0.0
10190,KAN,1252010KAN,December 5,DEN,21.0,359.0,174.0,185.0,1.0,13.0,247.0,86.0,161.0,1.0
10200,CRD,12122010CRD,December 12,DEN,21.0,357.0,146.0,211.0,1.0,20.0,288.0,156.0,132.0,6.0
10224,RAI,12192010RAI,December 19,DEN,20.0,502.0,238.0,264.0,3.0,9.0,235.0,129.0,106.0,1.0
10237,DEN,12262010DEN,December 26,HTX,25.0,431.0,305.0,126.0,1.0,21.0,401.0,310.0,91.0,1.0
10250,DEN,122011DEN,January 2,SDG,18.0,337.0,191.0,146.0,2.0,20.0,447.0,283.0,164.0,1.0
10288,DEN,9122011DEN,September 12,RAI,25.0,310.0,272.0,38.0,3.0,20.0,289.0,99.0,190.0,1.0
10293,DEN,9182011DEN,September 18,CIN,19.0,318.0,187.0,131.0,2.0,18.0,382.0,310.0,72.0,0.0
10320,OTI,9252011OTI,September 25,DEN,17.0,333.0,295.0,38.0,2.0,19.0,231.0,172.0,59.0,2.0
10328,GNB,1022011GNB,October 2,DEN,26.0,507.0,396.0,111.0,2.0,18.0,384.0,265.0,119.0,4.0
10341,DEN,1092011DEN,October 9,SDG,13.0,275.0,113.0,162.0,1.0,25.0,418.0,212.0,206.0,2.0
10369,MIA,10232011MIA,October 23,DEN,15.0,267.0,173.0,94.0,1.0,18.0,308.0,131.0,177.0,1.0
10380,DEN,10302011DEN,October 30,DET,19.0,312.0,117.0,195.0,3.0,21.0,376.0,263.0,113.0,0.0
10398,RAI,1162011RAI,November 6,DEN,21.0,416.0,316.0,100.0,3.0,20.0,412.0,113.0,299.0,0.0
10412,KAN,11132011KAN,November 13,DEN,17.0,258.0,124.0,134.0,0.0,16.0,313.0,69.0,244.0,0.0
10420,DEN,11172011DEN,November 17,NYJ,11.0,229.0,104.0,125.0,1.0,22.0,318.0,235.0,83.0,2.0
10445,SDG,11272011SDG,November 27,DEN,20.0,344.0,159.0,185.0,0.0,18.0,349.0,141.0,208.0,0.0
10457,MIN,1242011MIN,December 4,DEN,27.0,489.0,360.0,129.0,3.0,13.0,336.0,186.0,150.0,2.0
10472,DEN,12112011DEN,December 11,CHI,22.0,345.0,221.0,124.0,2.0,12.0,245.0,86.0,159.0,1.0
10487,DEN,12182011DEN,December 18,NWE,25.0,393.0,141.0,252.0,3.0,26.0,451.0,310.0,141.0,0.0
10500,BUF,12242011BUF,December 24,DEN,14.0,351.0,191.0,160.0,0.0,18.0,285.0,152.0,133.0,3.0
10518,DEN,112012DEN,January 1,KAN,16.0,266.0,50.0,216.0,2.0,14.0,281.0,175.0,106.0,1.0
10532,DEN,182012DEN,January 8,PIT,18.0,447.0,316.0,131.0,1.0,21.0,400.0,244.0,156.0,1.0
10534,NWE,1142012NWE,January 14,DEN,31.0,509.0,363.0,146.0,2.0,15.0,252.0,108.0,144.0,1.0
10545,DEN,992012DEN,September 9,PIT,20.0,334.0,240.0,94.0,1.0,19.0,284.0,209.0,75.0,1.0
10572,ATL,9172012ATL,September 17,DEN,22.0,275.0,208.0,67.0,0.0,24.0,336.0,218.0,118.0,4.0
10579,DEN,9232012DEN,September 23,HTX,24.0,375.0,316.0,59.0,1.0,23.0,436.0,284.0,152.0,2.0
10593,DEN,9302012DEN,September 30,RAI,26.0,503.0,338.0,165.0,1.0,12.0,237.0,181.0,56.0,0.0
10611,NWE,1072012NWE,October 7,DEN,35.0,444.0,193.0,251.0,1.0,22.0,394.0,324.0,70.0,3.0
10631,SDG,10152012SDG,October 15,DEN,23.0,307.0,217.0,90.0,6.0,18.0,365.0,309.0,56.0,3.0
10649,DEN,10282012DEN,October 28,NOR,29.0,530.0,305.0,225.0,1.0,14.0,252.0,201.0,51.0,1.0
10661,CIN,1142012CIN,November 4,DEN,22.0,366.0,275.0,91.0,1.0,20.0,359.0,291.0,68.0,2.0
10675,CAR,11112012CAR,November 11,DEN,19.0,250.0,198.0,52.0,2.0,18.0,360.0,295.0,65.0,2.0
10691,DEN,11182012DEN,November 18,SDG,21.0,386.0,253.0,133.0,2.0,13.0,277.0,224.0,53.0,3.0
10710,KAN,11252012KAN,November 25,DEN,13.0,264.0,116.0,148.0,1.0,21.0,368.0,273.0,95.0,1.0
10722,DEN,1222012DEN,December 2,TAM,25.0,333.0,242.0,91.0,1.0,18.0,306.0,235.0,71.0,1.0
10733,RAI,1262012RAI,December 6,DEN,14.0,324.0,263.0,61.0,2.0,30.0,428.0,288.0,140.0,1.0
10752,RAV,12162012RAV,December 16,DEN,12.0,278.0,222.0,56.0,2.0,21.0,350.0,187.0,163.0,0.0
10770,DEN,12232012DEN,December 23,CLE,29.0,457.0,339.0,118.0,1.0,20.0,233.0,142.0,91.0,1.0
10784,DEN,12302012DEN,December 30,KAN,32.0,488.0,316.0,172.0,1.0,8.0,119.0,26.0,93.0,0.0
10801,DEN,1122013DEN,January 12,RAV,30.0,398.0,273.0,125.0,3.0,21.0,479.0,324.0,155.0,1.0
10808,DEN,952013DEN,September 5,RAV,24.0,510.0,445.0,65.0,2.0,24.0,393.0,335.0,58.0,2.0
10834,NYG,9152013NYG,September 15,DEN,28.0,376.0,353.0,23.0,4.0,23.0,414.0,307.0,107.0,1.0
10855,DEN,9232013DEN,September 23,RAI,31.0,536.0,372.0,164.0,2.0,13.0,342.0,293.0,49.0,0.0
10860,DEN,9292013DEN,September 29,PHI,35.0,472.0,331.0,141.0,0.0,21.0,450.0,284.0,166.0,0.0
10875,DAL,1062013DAL,October 6,DEN,24.0,522.0,470.0,52.0,2.0,34.0,517.0,414.0,103.0,2.0
10890,DEN,10132013DEN,October 13,JAX,26.0,407.0,295.0,112.0,3.0,20.0,362.0,291.0,71.0,2.0
10905,CLT,10202013CLT,October 20,DEN,19.0,334.0,213.0,121.0,1.0,23.0,429.0,365.0,64.0,3.0
10918,DEN,10272013DEN,October 27,WAS,29.0,446.0,339.0,107.0,4.0,22.0,266.0,154.0,112.0,5.0
10951,SDG,11102013SDG,November 10,DEN,20.0,329.0,198.0,131.0,0.0,22.0,397.0,313.0,84.0,1.0
10959,DEN,11172013DEN,November 17,KAN,24.0,427.0,323.0,104.0,1.0,24.0,344.0,200.0,144.0,1.0
10979,NWE,11242013NWE,November 24,DEN,27.0,440.0,324.0,116.0,3.0,28.0,412.0,132.0,280.0,4.0
10992,KAN,1212013KAN,December 1,DEN,27.0,452.0,293.0,159.0,1.0,25.0,535.0,403.0,132.0,2.0
11004,DEN,1282013DEN,December 8,OTI,39.0,551.0,397.0,154.0,0.0,15.0,254.0,158.0,96.0,2.0
11016,DEN,12122013DEN,December 12,SDG,19.0,295.0,277.0,18.0,1.0,24.0,337.0,160.0,177.0,0.0
11038,HTX,12222013HTX,December 22,DEN,14.0,240.0,153.0,87.0,2.0,25.0,511.0,397.0,114.0,0.0
11059,RAI,12292013RAI,December 29,DEN,17.0,255.0,191.0,64.0,1.0,28.0,458.0,334.0,124.0,0.0
11071,DEN,1122014DEN,January 12,SDG,26.0,363.0,230.0,133.0,2.0,13.0,259.0,194.0,65.0,0.0
11072,DEN,1192014DEN,January 19,NWE,27.0,507.0,400.0,107.0,0.0,19.0,320.0,256.0,64.0,0.0
11074,DEN,222014DEN,February 2,SEA,18.0,306.0,279.0,27.0,4.0,17.0,341.0,206.0,135.0,0.0
11080,DEN,972014DEN,September 7,CLT,24.0,361.0,259.0,102.0,0.0,24.0,408.0,354.0,54.0,2.0
11096,DEN,9142014DEN,September 14,KAN,19.0,325.0,237.0,88.0,0.0,28.0,380.0,247.0,133.0,0.0
11120,SEA,9212014SEA,September 21,DEN,26.0,384.0,255.0,129.0,1.0,20.0,332.0,296.0,36.0,2.0
11139,DEN,1052014DEN,October 5,CRD,24.0,568.0,476.0,92.0,2.0,9.0,215.0,178.0,37.0,0.0
11159,NYJ,10122014NYJ,October 12,DEN,15.0,204.0,173.0,31.0,2.0,21.0,359.0,221.0,138.0,0.0
11171,DEN,10192014DEN,October 19,SFO,23.0,419.0,304.0,115.0,0.0,22.0,310.0,248.0,62.0,1.0
11181,DEN,10232014DEN,October 23,SDG,27.0,425.0,286.0,139.0,0.0,22.0,306.0,245.0,61.0,2.0
11204,NWE,1122014NWE,November 2,DEN,29.0,398.0,332.0,66.0,1.0,26.0,472.0,429.0,43.0,2.0
11218,RAI,1192014RAI,November 9,DEN,10.0,222.0,192.0,30.0,3.0,25.0,471.0,353.0,118.0,2.0
11233,RAM,11162014RAM,November 16,DEN,16.0,337.0,206.0,131.0,0.0,21.0,397.0,369.0,28.0,2.0
11239,DEN,11232014DEN,November 23,MIA,29.0,450.0,249.0,201.0,1.0,25.0,313.0,216.0,97.0,1.0
11261,KAN,11302014KAN,November 30,DEN,11.0,151.0,110.0,41.0,3.0,21.0,388.0,174.0,214.0,1.0
11271,DEN,1272014DEN,December 7,BUF,15.0,306.0,173.0,133.0,3.0,24.0,415.0,341.0,74.0,3.0
11295,SDG,12142014SDG,December 14,DEN,20.0,288.0,232.0,56.0,2.0,18.0,337.0,226.0,111.0,0.0
11314,CIN,12222014CIN,December 22,DEN,20.0,353.0,146.0,207.0,2.0,22.0,385.0,300.0,85.0,4.0
11317,DEN,12282014DEN,December 28,RAI,25.0,451.0,309.0,142.0,1.0,10.0,199.0,132.0,67.0,2.0
11337,DEN,1112015DEN,January 11,CLT,19.0,288.0,200.0,88.0,1.0,23.0,364.0,265.0,99.0,2.0
11347,DEN,9132015DEN,September 13,RAV,16.0,219.0,150.0,69.0,1.0,11.0,173.0,100.0,73.0,2.0
11358,KAN,9172015KAN,September 17,DEN,20.0,314.0,167.0,147.0,5.0,21.0,299.0,238.0,61.0,1.0
11380,DET,9272015DET,September 27,DEN,22.0,290.0,262.0,28.0,3.0,19.0,354.0,313.0,41.0,2.0
11396,DEN,1042015DEN,October 4,MIN,18.0,344.0,200.0,144.0,2.0,19.0,325.0,212.0,113.0,1.0
11414,RAI,10112015RAI,October 11,DEN,20.0,288.0,223.0,65.0,3.0,15.0,297.0,254.0,43.0,2.0
11421,CLE,10182015CLE,October 18,DEN,20.0,298.0,189.0,109.0,3.0,21.0,442.0,290.0,152.0,3.0
11453,DEN,1112015DEN,November 1,GNB,24.0,500.0,340.0,160.0,1.0,14.0,140.0,50.0,90.0,0.0
11465,CLT,1182015CLT,November 8,DEN,27.0,365.0,245.0,120.0,0.0,16.0,309.0,274.0,35.0,2.0
11476,DEN,11152015DEN,November 15,KAN,18.0,221.0,152.0,69.0,5.0,13.0,303.0,197.0,106.0,0.0
11493,CHI,11222015CHI,November 22,DEN,19.0,347.0,261.0,86.0,2.0,21.0,389.0,219.0,170.0,0.0
11507,DEN,11292015DEN,November 29,NWE,23.0,433.0,254.0,179.0,1.0,16.0,301.0,262.0,39.0,1.0
11529,SDG,1262015SDG,December 6,DEN,15.0,272.0,179.0,93.0,3.0,19.0,293.0,159.0,134.0,1.0
11540,DEN,12132015DEN,December 13,RAI,20.0,310.0,276.0,34.0,2.0,8.0,126.0,99.0,27.0,0.0
11560,PIT,12202015PIT,December 20,DEN,28.0,377.0,354.0,23.0,2.0,20.0,385.0,281.0,104.0,2.0
11581,DEN,12282015DEN,December 28,CIN,22.0,390.0,277.0,113.0,1.0,22.0,294.0,186.0,108.0,1.0
11590,DEN,132016DEN,January 3,SDG,21.0,503.0,293.0,210.0,5.0,15.0,317.0,207.0,110.0,1.0
11605,DEN,1172016DEN,January 17,PIT,19.0,324.0,215.0,109.0,0.0,16.0,396.0,311.0,85.0,1.0
11607,DEN,1242016DEN,January 24,NWE,12.0,244.0,145.0,99.0,1.0,20.0,336.0,292.0,44.0,2.0
11608,DEN,272016DEN,February 7,CAR,11.0,194.0,104.0,90.0,2.0,21.0,315.0,197.0,118.0,4.0
11609,DEN,982016DEN,September 8,CAR,21.0,307.0,159.0,148.0,3.0,21.0,333.0,176.0,157.0,1.0
11629,DEN,9182016DEN,September 18,CLT,24.0,400.0,266.0,134.0,1.0,19.0,253.0,170.0,83.0,2.0
11644,CIN,9252016CIN,September 25,DEN,20.0,332.0,189.0,143.0,2.0,21.0,355.0,303.0,52.0,1.0
11669,TAM,1022016TAM,October 2,DEN,15.0,215.0,143.0,72.0,3.0,22.0,307.0,218.0,89.0,0.0
11676,DEN,1092016DEN,October 9,ATL,18.0,267.0,183.0,84.0,1.0,19.0,372.0,250.0,122.0,1.0
11686,SDG,10132016SDG,October 13,DEN,16.0,265.0,166.0,99.0,2.0,16.0,304.0,220.0,84.0,2.0
11715,DEN,10242016DEN,October 24,HTX,19.0,347.0,157.0,190.0,0.0,14.0,271.0,131.0,140.0,2.0
11723,DEN,10302016DEN,October 30,SDG,15.0,324.0,267.0,57.0,3.0,21.0,369.0,246.0,123.0,3.0
11738,RAI,1162016RAI,November 6,DEN,30.0,397.0,179.0,218.0,0.0,13.0,299.0,266.0,33.0,2.0
11747,NOR,11132016NOR,November 13,DEN,19.0,373.0,293.0,80.0,4.0,24.0,337.0,234.0,103.0,2.0
11778,DEN,11272016DEN,November 27,KAN,21.0,464.0,340.0,124.0,1.0,23.0,273.0,190.0,83.0,0.0
11793,JAX,1242016JAX,December 4,DEN,19.0,333.0,179.0,154.0,3.0,10.0,206.0,102.0,104.0,0.0
11815,OTI,12112016OTI,December 11,DEN,16.0,253.0,73.0,180.0,0.0,19.0,348.0,330.0,18.0,2.0
11826,DEN,12182016DEN,December 18,NWE,15.0,309.0,251.0,58.0,3.0,20.0,313.0,177.0,136.0,0.0
11846,KAN,12252016KAN,December 25,DEN,23.0,484.0,246.0,238.0,1.0,14.0,246.0,183.0,63.0,3.0
11851,DEN,112017DEN,January 1,RAI,18.0,349.0,206.0,143.0,1.0,11.0,221.0,164.0,57.0,3.0
11889,DEN,9112017DEN,September 11,SDG,22.0,321.0,181.0,140.0,2.0,17.0,249.0,185.0,64.0,1.0
11895,DEN,9172017DEN,September 17,DAL,26.0,380.0,202.0,178.0,2.0,16.0,268.0,228.0,40.0,2.0
11908,BUF,9242017BUF,September 24,DEN,16.0,272.0,197.0,75.0,0.0,21.0,366.0,255.0,111.0,2.0
11929,DEN,1012017DEN,October 1,RAI,16.0,298.0,155.0,143.0,0.0,11.0,254.0,230.0,24.0,1.0
11957,DEN,10152017DEN,October 15,NYG,20.0,412.0,366.0,46.0,3.0,12.0,266.0,118.0,148.0,0.0
11973,SDG,10222017SDG,October 22,DEN,14.0,242.0,162.0,80.0,0.0,12.0,251.0,182.0,69.0,3.0
11994,KAN,10302017KAN,October 30,DEN,16.0,276.0,197.0,79.0,2.0,23.0,364.0,187.0,177.0,5.0
12003,PHI,1152017PHI,November 5,DEN,25.0,419.0,222.0,197.0,1.0,14.0,226.0,191.0,35.0,2.0
12012,DEN,11122017DEN,November 12,NWE,17.0,339.0,221.0,118.0,2.0,28.0,396.0,297.0,99.0,0.0
12026,DEN,11192017DEN,November 19,CIN,20.0,341.0,229.0,112.0,2.0,12.0,190.0,141.0,49.0,0.0
12047,RAI,11262017RAI,November 26,DEN,21.0,348.0,244.0,104.0,1.0,12.0,216.0,160.0,56.0,1.0
12061,MIA,1232017MIA,December 3,DEN,15.0,367.0,222.0,145.0,3.0,14.0,270.0,167.0,103.0,3.0
12074,DEN,12102017DEN,December 10,NYJ,17.0,273.0,189.0,84.0,0.0,6.0,100.0,41.0,59.0,2.0
12084,CLT,12142017CLT,December 14,DEN,15.0,228.0,158.0,70.0,0.0,23.0,462.0,251.0,211.0,1.0
12113,WAS,12242017WAS,December 24,DEN,19.0,386.0,299.0,87.0,2.0,18.0,330.0,171.0,159.0,3.0
12118,DEN,12312017DEN,December 31,KAN,22.0,336.0,226.0,110.0,3.0,23.0,379.0,269.0,110.0,2.0
12148,DEN,992018DEN,September 9,SEA,25.0,470.0,324.0,146.0,3.0,13.0,306.0,242.0,64.0,3.0
12163,DEN,9162018DEN,September 16,RAI,20.0,385.0,217.0,168.0,1.0,21.0,373.0,281.0,92.0,0.0
12178,RAV,9232018RAV,September 23,DEN,20.0,342.0,265.0,77.0,0.0,18.0,293.0,173.0,120.0,1.0
12205,DEN,1012018DEN,October 1,KAN,21.0,385.0,226.0,159.0,1.0,22.0,446.0,304.0,142.0,0.0
12215,NYJ,1072018NYJ,October 7,DEN,18.0,512.0,189.0,323.0,2.0,26.0,436.0,344.0,92.0,1.0
12226,DEN,10142018DEN,October 14,RAM,23.0,357.0,297.0,60.0,1.0,24.0,444.0,174.0,270.0,1.0
12236,CRD,10182018CRD,October 18,DEN,14.0,223.0,154.0,69.0,5.0,15.0,309.0,178.0,131.0,1.0
12257,KAN,10282018KAN,October 28,DEN,20.0,340.0,291.0,49.0,1.0,22.0,411.0,222.0,189.0,2.0
12269,DEN,1142018DEN,November 4,HTX,19.0,348.0,273.0,75.0,1.0,17.0,290.0,192.0,98.0,0.0
12299,SDG,11182018SDG,November 18,DEN,26.0,479.0,384.0,95.0,2.0,16.0,325.0,217.0,108.0,0.0
12311,DEN,11252018DEN,November 25,PIT,17.0,308.0,184.0,124.0,0.0,25.0,527.0,452.0,75.0,4.0
12321,CIN,1222018CIN,December 2,DEN,20.0,313.0,202.0,111.0,3.0,16.0,361.0,143.0,218.0,1.0
12347,SFO,1292018SFO,December 9,DEN,24.0,389.0,305.0,84.0,1.0,22.0,274.0,171.0,103.0,0.0
12352,DEN,12152018DEN,December 15,CLE,22.0,270.0,238.0,32.0,2.0,21.0,309.0,175.0,134.0,2.0
12382,RAI,12242018RAI,December 24,DEN,16.0,273.0,159.0,114.0,0.0,19.0,300.0,200.0,100.0,2.0
12385,DEN,12302018DEN,December 30,SDG,19.0,370.0,288.0,82.0,4.0,17.0,276.0,160.0,116.0,4.0
12425,RAI,992019RAI,September 9,DEN,19.0,357.0,259.0,98.0,0.0,18.0,344.0,249.0,95.0,0.0
12430,DEN,9152019DEN,September 15,CHI,27.0,372.0,282.0,90.0,1.0,18.0,273.0,120.0,153.0,0.0
12447,GNB,9222019GNB,September 22,DEN,16.0,312.0,235.0,77.0,0.0,20.0,310.0,161.0,149.0,3.0
12464,DEN,9292019DEN,September 29,JAX,19.0,371.0,303.0,68.0,1.0,25.0,455.0,186.0,269.0,0.0
12479,SDG,1062019SDG,October 6,DEN,19.0,246.0,211.0,35.0,3.0,15.0,350.0,159.0,191.0,2.0
12492,DEN,10132019DEN,October 13,OTI,11.0,270.0,167.0,103.0,1.0,12.0,204.0,165.0,39.0,3.0
12502,DEN,10172019DEN,October 17,KAN,15.0,205.0,134.0,71.0,1.0,14.0,271.0,191.0,80.0,0.0
12522,CLT,10272019CLT,October 27,DEN,19.0,318.0,191.0,127.0,1.0,21.0,279.0,166.0,113.0,0.0
12535,DEN,1132019DEN,November 3,CLE,13.0,302.0,175.0,127.0,1.0,21.0,351.0,261.0,90.0,0.0
12565,MIN,11172019MIN,November 17,DEN,19.0,321.0,284.0,37.0,2.0,20.0,394.0,270.0,124.0,1.0
12574,BUF,11242019BUF,November 24,DEN,22.0,424.0,180.0,244.0,1.0,9.0,134.0,49.0,85.0,1.0
12593,DEN,1212019DEN,December 1,SDG,13.0,218.0,134.0,84.0,1.0,17.0,359.0,244.0,115.0,2.0
12608,HTX,1282019HTX,December 8,DEN,26.0,414.0,280.0,134.0,3.0,22.0,391.0,301.0,90.0,1.0
12625,KAN,12152019KAN,December 15,DEN,27.0,419.0,327.0,92.0,1.0,15.0,251.0,199.0,52.0,1.0
12640,DEN,12222019DEN,December 22,DET,25.0,348.0,198.0,150.0,0.0,13.0,191.0,95.0,96.0,0.0
12655,DEN,12292019DEN,December 29,RAI,16.0,238.0,168.0,70.0,1.0,18.0,477.0,380.0,97.0,1.0
12691,DEN,9142020DEN,September 14,OTI,19.0,323.0,216.0,107.0,1.0,26.0,377.0,247.0,130.0,0.0
12704,PIT,9202020PIT,September 20,DEN,19.0,410.0,301.0,109.0,2.0,23.0,319.0,215.0,104.0,2.0
12714,DEN,9272020DEN,September 27,TAM,13.0,226.0,184.0,42.0,2.0,17.0,353.0,285.0,68.0,0.0
12725,NYJ,1012020NYJ,October 1,DEN,18.0,321.0,192.0,129.0,0.0,21.0,359.0,242.0,117.0,3.0
12759,NWE,10182020NWE,October 18,DEN,14.0,288.0,171.0,117.0,3.0,15.0,299.0,164.0,135.0,2.0
12772,DEN,10252020DEN,October 25,KAN,24.0,411.0,234.0,177.0,4.0,17.0,286.0,185.0,101.0,1.0
12788,DEN,1112020DEN,November 1,SDG,17.0,351.0,243.0,108.0,1.0,28.0,485.0,275.0,210.0,2.0
12798,ATL,1182020ATL,November 8,DEN,23.0,363.0,271.0,92.0,1.0,23.0,405.0,302.0,103.0,1.0
12816,RAI,11152020RAI,November 15,DEN,21.0,357.0,154.0,203.0,0.0,20.0,313.0,247.0,66.0,5.0
12828,DEN,11222020DEN,November 22,MIA,19.0,459.0,270.0,189.0,2.0,17.0,223.0,167.0,56.0,1.0
12843,DEN,11292020DEN,November 29,NOR,6.0,112.0,12.0,100.0,3.0,19.0,292.0,63.0,229.0,1.0
12859,KAN,1262020KAN,December 6,DEN,25.0,447.0,313.0,134.0,0.0,19.0,330.0,151.0,179.0,2.0
12871,CAR,12132020CAR,December 13,DEN,22.0,370.0,245.0,125.0,0.0,23.0,365.0,269.0,96.0,1.0
12886,DEN,12192020DEN,December 19,BUF,19.0,255.0,115.0,140.0,1.0,29.0,534.0,352.0,182.0,1.0
12911,SDG,12272020SDG,December 27,DEN,16.0,316.0,227.0,89.0,0.0,23.0,396.0,263.0,133.0,2.0
12922,DEN,132021DEN,January 3,RAI,24.0,446.0,324.0,122.0,0.0,22.0,465.0,359.0,106.0,4.0
