game_id,avg_first_downs,avg_total_yds,avg_pass_yds,avg_rush_yds,avg_TO
9101966GNB,,,,,
9181966MIN,,,,,
9251966CLT,,,,,
1091966CHI,,,,,
10161966CLT,,,,,
10231966CLT,,,,,
10301966RAM,,,,,
1161966CLT,,,,,
11131966ATL,,,,,
11201966DET,,,,,
11271966CLT,,,,,
1241966CLT,,,,,
12101966CLT,,,,,
12181966SFO,,,,,
9171967CLT,,,,,
9241967PHI,,,,,
1011967CLT,17.88235294117647,344.8823529411765,235.52941176470588,109.35294117647058,2.411764705882353
1081967CHI,18.11764705882353,345.2352941176471,238.35294117647058,106.88235294117645,2.4705882352941178
10151967CLT,18.47058823529412,346.5294117647058,240.29411764705884,106.23529411764706,2.4705882352941178
10221967MIN,18.41176470588235,344.4117647058823,241.11764705882354,103.29411764705885,2.411764705882353
10291967WAS,18.529411764705888,343.64705882352933,239.94117647058826,103.70588235294115,2.294117647058824
1151967CLT,18.294117647058822,332.88235294117646,229.35294117647058,103.52941176470587,2.294117647058824
11121967ATL,18.88235294117647,347.4705882352941,242.58823529411762,104.88235294117645,2.294117647058824
11191967CLT,19.823529411764707,349.1764705882353,238.52941176470588,110.64705882352942,2.176470588235294
11261967SFO,19.176470588235293,338.76470588235287,225.58823529411762,113.17647058823529,2.176470588235294
1231967CLT,19.352941176470583,345.2352941176471,234.70588235294116,110.52941176470587,2.235294117647059
12101967CLT,19.41176470588235,343.0588235294117,229.94117647058826,113.11764705882355,1.9411764705882355
12171967RAM,20.058823529411768,350.2352941176471,232.94117647058826,117.29411764705885,1.9411764705882355
9151968CLT,20.41176470588235,355.2941176470588,235.11764705882354,120.17647058823529,1.8823529411764703
9221968ATL,20.823529411764707,361.47058823529403,242.94117647058826,118.52941176470587,1.9411764705882355
9291968PIT,20.647058823529417,354.0,233.17647058823533,120.82352941176471,1.9411764705882355
1061968CLT,20.764705882352946,351.1764705882353,226.52941176470588,124.64705882352942,2.0
10131968SFO,20.58823529411765,347.2352941176471,221.17647058823533,126.05882352941177,2.0588235294117645
10201968CLT,19.823529411764707,328.88235294117646,206.41176470588238,122.47058823529413,2.3529411764705883
10271968CLT,19.94117647058824,337.4117647058824,209.70588235294116,127.70588235294115,2.3529411764705883
1131968NYG,19.94117647058824,335.0588235294117,204.64705882352942,130.41176470588235,2.294117647058824
11101968DET,19.647058823529417,335.70588235294116,205.41176470588238,130.29411764705878,2.294117647058824
11171968CLT,19.41176470588235,340.11764705882354,206.58823529411762,133.52941176470586,2.3529411764705883
11241968CLT,19.705882352941178,350.4705882352941,214.82352941176467,135.64705882352942,2.411764705882353
1211968CLT,19.294117647058822,338.1764705882353,206.11764705882354,132.05882352941177,2.3529411764705883
1271968GNB,18.41176470588235,331.76470588235287,202.7647058823529,129.0,2.411764705882353
12151968RAM,18.176470588235293,323.8235294117647,201.0,122.82352941176471,2.411764705882353
12221968CLT,18.11764705882353,322.9411764705883,200.11764705882354,122.82352941176471,2.294117647058824
12291968CLE,18.41176470588235,328.88235294117646,202.58823529411762,126.29411764705885,2.3529411764705883
1121969CLT,18.41176470588235,332.5294117647058,203.94117647058826,128.58823529411765,2.5294117647058822
9211969CLT,18.235294117647054,332.0,209.70588235294116,122.29411764705885,2.7058823529411766
9281969MIN,17.823529411764707,323.0,204.7647058823529,118.23529411764706,2.5294117647058822
1051969ATL,17.764705882352942,322.0588235294117,204.82352941176467,117.23529411764706,2.7058823529411766
10131969CLT,17.88235294117647,316.35294117647067,201.52941176470588,114.82352941176471,2.7058823529411766
10191969NOR,18.294117647058822,328.88235294117646,209.0,119.88235294117645,2.647058823529412
10261969CLT,18.764705882352946,340.4117647058824,218.94117647058826,121.47058823529413,2.588235294117647
1121969CLT,19.11764705882353,340.11764705882354,217.0,123.11764705882355,2.4705882352941178
1191969CLT,18.94117647058824,335.5882352941176,213.88235294117646,121.70588235294115,2.588235294117647
11161969SFO,18.764705882352946,330.0,210.88235294117646,119.11764705882355,2.647058823529412
11231969CHI,18.647058823529417,325.23529411764713,209.82352941176467,115.41176470588236,2.647058823529412
11301969CLT,18.529411764705888,319.29411764705884,204.41176470588238,114.88235294117645,2.5294117647058822
1271969CLT,18.0,313.5882352941176,201.0,112.58823529411764,2.7058823529411766
12131969DAL,17.647058823529417,312.5294117647058,204.52941176470588,108.0,2.8235294117647056
12211969RAM,18.235294117647054,320.5294117647058,210.70588235294116,109.82352941176471,2.8235294117647056
9201970SDG,18.47058823529412,321.0,208.17647058823533,112.82352941176471,2.8823529411764706
9281970CLT,18.705882352941178,318.4117647058824,211.64705882352942,106.76470588235294,3.1764705882352944
1041970NWE,18.47058823529412,313.23529411764713,209.11764705882354,104.11764705882355,2.9411764705882355
10111970OTI,18.41176470588235,311.11764705882354,205.82352941176467,105.29411764705885,2.8235294117647056
10181970NYJ,18.352941176470583,312.23529411764713,205.64705882352942,106.58823529411764,2.8823529411764706
10251970CLT,18.176470588235293,312.9411764705883,206.64705882352942,106.29411764705885,2.7058823529411766
1111970CLT,17.588235294117652,305.64705882352933,201.17647058823533,104.47058823529413,2.588235294117647
1191970GNB,16.941176470588232,293.8235294117647,192.58823529411762,101.23529411764706,2.7058823529411766
11151970CLT,16.941176470588232,290.11764705882354,187.2352941176471,102.88235294117645,2.5294117647058822
11221970MIA,16.705882352941178,286.4117647058824,188.11764705882354,98.29411764705885,2.647058823529412
11291970CLT,16.764705882352942,289.76470588235287,195.58823529411762,94.17647058823529,2.764705882352941
1261970CLT,16.705882352941178,289.1764705882353,190.52941176470588,98.64705882352942,2.764705882352941
12131970BUF,16.705882352941178,285.0588235294117,189.82352941176467,95.23529411764706,2.647058823529412
12191970CLT,16.88235294117647,293.5882352941176,201.82352941176467,91.76470588235294,2.7058823529411766
12261970CLT,17.0,294.1764705882353,196.4705882352941,97.70588235294115,2.4705882352941178
131971CLT,17.588235294117652,302.35294117647067,200.7647058823529,101.58823529411764,2.235294117647059
1171971CLT,17.058823529411768,301.4705882352941,201.41176470588238,100.05882352941177,2.5294117647058822
9191971CLT,16.88235294117647,302.4117647058824,193.41176470588238,109.0,2.411764705882353
9261971CLT,16.058823529411768,294.70588235294116,182.41176470588238,112.29411764705885,2.4705882352941178
1031971NWE,16.647058823529413,301.88235294117646,187.35294117647058,114.52941176470587,2.5294117647058822
10101971BUF,16.705882352941178,307.76470588235287,185.0,122.76470588235294,2.588235294117647
10171971NYG,17.0,314.1764705882353,181.82352941176467,132.35294117647058,2.3529411764705883
10251971MIN,17.11764705882353,314.4117647058824,180.41176470588238,134.0,2.4705882352941178
10311971CLT,17.411764705882348,322.88235294117646,189.52941176470588,133.35294117647058,2.5294117647058822
1181971CLT,17.588235294117652,320.4705882352941,185.4705882352941,135.0,2.5294117647058822
11141971NYJ,17.235294117647058,311.29411764705884,177.29411764705884,134.0,2.647058823529412
11211971MIA,16.941176470588232,309.64705882352933,176.17647058823533,133.47058823529414,2.588235294117647
11281971RAI,17.0,309.5294117647058,166.64705882352942,142.88235294117646,2.3529411764705883
1251971CLT,17.176470588235293,313.11764705882354,168.35294117647058,144.7647058823529,2.3529411764705883
12111971CLT,17.411764705882348,310.1764705882353,162.17647058823533,148.0,2.294117647058824
12191971CLT,17.058823529411768,297.76470588235287,149.88235294117646,147.88235294117646,2.294117647058824
12261971CLE,17.058823529411768,296.11764705882354,150.7058823529412,145.41176470588238,2.4705882352941178
121972MIA,16.941176470588232,292.29411764705884,149.05882352941177,143.2352941176471,2.647058823529412
9171972CLT,17.294117647058822,294.35294117647067,148.2941176470588,146.05882352941177,2.411764705882353
9241972CLT,18.0,299.8235294117647,163.94117647058823,135.88235294117646,2.4705882352941178
1011972BUF,18.294117647058822,309.29411764705884,172.11764705882354,137.1764705882353,2.235294117647059
1081972CLT,18.0,303.8235294117647,166.11764705882354,137.70588235294122,2.294117647058824
10151972CLT,17.705882352941178,290.5294117647058,159.2352941176471,131.29411764705878,2.294117647058824
10221972NYJ,17.941176470588232,293.0588235294117,165.41176470588238,127.64705882352942,2.411764705882353
10291972CLT,17.705882352941178,288.11764705882354,161.35294117647058,126.76470588235294,2.3529411764705883
1161972NWE,17.705882352941178,281.29411764705884,148.2352941176471,133.05882352941177,2.3529411764705883
11121972SFO,17.764705882352942,284.11764705882354,155.2352941176471,128.88235294117646,2.294117647058824
11191972CIN,17.88235294117647,291.0,160.7058823529412,130.29411764705878,2.176470588235294
11261972CLT,17.941176470588232,290.64705882352933,156.58823529411762,134.05882352941177,2.117647058823529
1231972CLT,18.11764705882353,295.64705882352933,162.82352941176467,132.8235294117647,2.0588235294117645
12101972KAN,18.0,292.35294117647067,163.88235294117646,128.47058823529414,2.117647058823529
12161972MIA,17.647058823529417,294.23529411764713,164.17647058823533,130.05882352941177,2.4705882352941178
9161973CLE,17.235294117647058,287.35294117647067,155.82352941176467,131.52941176470586,2.411764705882353
9231973CLT,17.11764705882353,287.70588235294116,158.47058823529414,129.23529411764707,2.7058823529411766
9301973CLT,17.294117647058822,290.11764705882354,151.52941176470586,138.58823529411765,2.8235294117647056
1071973NWE,16.764705882352942,280.0,141.7647058823529,138.23529411764707,2.7058823529411766
10141973BUF,15.882352941176471,267.70588235294116,125.76470588235294,141.94117647058823,2.8235294117647056
10211973DET,16.0,267.58823529411757,125.29411764705885,142.2941176470588,2.647058823529412
10281973CLT,16.176470588235293,271.1764705882353,130.52941176470586,140.64705882352942,2.647058823529412
1141973CLT,16.294117647058822,276.11764705882354,135.52941176470586,140.58823529411765,2.588235294117647
11111973MIA,15.176470588235292,260.0,123.35294117647058,136.64705882352942,2.647058823529412
11181973WAS,15.764705882352944,262.9411764705883,125.94117647058823,137.0,2.764705882352941
11251973CLT,15.529411764705882,260.2352941176471,124.76470588235294,135.47058823529414,2.764705882352941
1221973NYJ,15.588235294117649,261.52941176470586,121.11764705882355,140.41176470588235,2.8235294117647056
1291973CLT,15.470588235294118,255.35294117647058,113.58823529411764,141.7647058823529,2.764705882352941
12161973CLT,15.705882352941178,259.29411764705884,114.76470588235294,144.52941176470586,2.764705882352941
9151974PIT,15.058823529411766,246.05882352941174,105.70588235294115,140.35294117647058,3.0
9221974CLT,15.352941176470587,247.70588235294116,105.76470588235294,141.94117647058823,3.0588235294117645
9291974PHI,15.588235294117649,250.64705882352942,113.70588235294115,136.94117647058823,2.8823529411764706
1061974NWE,15.882352941176471,258.6470588235294,124.05882352941177,134.58823529411765,3.0
10131974CLT,15.705882352941178,251.88235294117646,113.05882352941177,138.8235294117647,2.647058823529412
10201974NYJ,16.0,252.82352941176467,112.94117647058823,139.88235294117646,2.3529411764705883
10271974MIA,15.941176470588234,250.82352941176467,112.23529411764706,138.58823529411765,2.4705882352941178
1131974CLT,16.588235294117652,257.11764705882354,117.94117647058823,139.1764705882353,2.4705882352941178
11101974CLT,16.88235294117647,256.29411764705884,118.17647058823529,138.11764705882354,2.647058823529412
11171974ATL,16.647058823529413,256.29411764705884,110.23529411764706,146.05882352941177,2.5294117647058822
11241974CLT,16.588235294117652,260.0,113.17647058823529,146.82352941176467,2.588235294117647
1211974BUF,16.941176470588232,260.70588235294116,117.76470588235294,142.94117647058823,2.4705882352941178
1281974CLT,16.411764705882348,262.2352941176471,119.11764705882355,143.11764705882354,2.294117647058824
12151974CLT,17.470588235294116,276.0,137.0,139.0,2.411764705882353
9211975CHI,17.88235294117647,275.11764705882354,136.11764705882354,139.0,2.294117647058824
9281975CLT,18.176470588235293,282.64705882352933,148.88235294117646,133.76470588235293,2.3529411764705883
1051975RAM,17.823529411764707,277.3529411764706,150.82352941176467,126.52941176470587,2.411764705882353
10121975CLT,18.294117647058822,288.11764705882354,157.0,131.11764705882354,2.235294117647059
10191975NWE,17.764705882352942,279.1764705882353,149.0,130.1764705882353,2.176470588235294
10261975NYJ,18.176470588235293,284.64705882352933,144.7058823529412,139.94117647058823,2.0
1121975CLT,18.176470588235293,282.4705882352941,140.64705882352942,141.82352941176467,1.8823529411764703
1191975BUF,19.0,302.23529411764713,158.17647058823533,144.05882352941177,1.9411764705882355
11161975CLT,19.11764705882353,310.88235294117646,169.2352941176471,141.64705882352942,2.117647058823529
11231975MIA,19.352941176470583,314.64705882352933,167.64705882352942,147.0,1.9411764705882355
11301975CLT,19.058823529411768,321.29411764705884,170.58823529411762,150.7058823529412,1.7647058823529411
1271975NYG,18.529411764705888,315.4117647058824,164.64705882352942,150.7647058823529,1.5294117647058822
12141975CLT,18.764705882352946,316.9411764705883,172.41176470588238,144.52941176470586,1.4705882352941178
12211975CLT,18.94117647058824,315.5882352941176,170.41176470588238,145.17647058823533,1.4117647058823528
12271975PIT,18.94117647058824,316.1764705882353,168.88235294117646,147.2941176470588,1.5294117647058822
9121976NWE,19.352941176470583,316.4117647058824,169.17647058823533,147.2352941176471,1.5294117647058822
9191976CLT,18.647058823529417,313.11764705882354,163.11764705882354,150.0,1.5882352941176472
9261976DAL,18.58823529411765,318.76470588235287,167.82352941176467,150.94117647058823,1.6470588235294117
1031976CLT,19.235294117647054,326.35294117647067,165.94117647058823,160.41176470588238,1.7058823529411764
10101976CLT,19.764705882352946,331.8235294117647,166.64705882352942,165.17647058823533,1.5882352941176472
10171976BUF,20.058823529411768,335.70588235294116,169.52941176470586,166.17647058823533,1.6470588235294117
10241976NYJ,20.529411764705888,352.5882352941177,185.29411764705884,167.2941176470588,1.5294117647058822
1111976CLT,20.58823529411765,356.0,185.41176470588238,170.58823529411762,1.5882352941176472
1171976SDG,21.235294117647054,370.8823529411765,196.52941176470588,174.3529411764706,1.5882352941176472
11141976CLT,20.529411764705888,353.4705882352941,184.52941176470588,168.94117647058823,1.5882352941176472
11221976MIA,20.176470588235293,343.94117647058823,178.6470588235294,165.2941176470588,1.5294117647058822
11281976CLT,20.47058823529412,353.64705882352933,187.29411764705884,166.35294117647058,1.5882352941176472
1241976CRD,20.058823529411768,345.1764705882353,187.88235294117646,157.2941176470588,1.8235294117647056
12121976CLT,20.647058823529417,355.35294117647067,198.94117647058826,156.41176470588238,1.9411764705882355
12191976CLT,20.058823529411768,344.64705882352933,192.64705882352942,152.0,2.0588235294117645
9181977SEA,20.352941176470583,352.11764705882354,195.52941176470588,156.58823529411762,2.0
9251977NYJ,20.647058823529417,355.64705882352933,194.94117647058826,160.7058823529412,1.8823529411764703
1021977CLT,20.764705882352946,357.8235294117647,195.17647058823533,162.64705882352942,1.8823529411764703
1091977CLT,20.647058823529417,357.7058823529412,190.4705882352941,167.2352941176471,1.6470588235294117
10161977KAN,20.11764705882353,348.35294117647067,182.4705882352941,165.88235294117646,1.6470588235294117
10231977NWE,18.764705882352946,326.4705882352941,170.17647058823533,156.2941176470588,1.5294117647058822
10301977CLT,18.764705882352946,325.64705882352933,169.88235294117646,155.7647058823529,1.4705882352941178
1171977CLT,18.58823529411765,322.0,167.58823529411762,154.41176470588238,1.4705882352941178
11131977BUF,18.58823529411765,316.0588235294117,161.11764705882354,154.94117647058823,1.6470588235294117
11201977CLT,18.352941176470583,315.88235294117646,168.47058823529414,147.41176470588238,1.9411764705882355
11271977DEN,18.176470588235293,307.0,164.94117647058823,142.05882352941177,2.0588235294117645
1251977MIA,18.41176470588235,313.4117647058824,170.47058823529414,142.94117647058823,2.0
12111977CLT,18.41176470588235,313.9411764705883,171.88235294117646,142.05882352941177,2.117647058823529
12181977CLT,18.705882352941178,319.5882352941176,179.05882352941174,140.52941176470586,2.0588235294117645
12241977CLT,19.294117647058822,320.88235294117646,173.0,147.88235294117646,1.7647058823529411
941978DAL,18.352941176470583,308.23529411764713,162.35294117647058,145.88235294117646,1.8235294117647056
9101978CLT,18.705882352941178,312.76470588235287,165.41176470588238,147.35294117647058,2.117647058823529
9181978NWE,18.235294117647054,308.9411764705883,168.05882352941177,140.88235294117646,2.294117647058824
9241978BUF,18.294117647058822,314.4117647058824,171.7647058823529,142.64705882352942,2.411764705882353
1011978CLT,17.764705882352942,310.0,171.2352941176471,138.76470588235293,2.411764705882353
1081978CRD,17.470588235294116,299.70588235294116,163.94117647058823,135.76470588235293,2.4705882352941178
10151978CLT,17.88235294117647,306.70588235294116,171.64705882352942,135.05882352941177,2.7058823529411766
10221978CLT,18.058823529411768,315.5882352941176,178.70588235294116,136.88235294117646,2.764705882352941
10291978MIA,17.529411764705884,310.4705882352941,171.7058823529412,138.76470588235293,3.117647058823529
1161978CLT,17.235294117647058,307.64705882352933,171.52941176470586,136.11764705882354,3.0588235294117645
11121978SEA,17.0,303.64705882352933,168.2352941176471,135.41176470588235,2.8823529411764706
11191978CLT,17.058823529411768,296.23529411764713,165.41176470588238,130.8235294117647,2.588235294117647
11261978CLT,16.764705882352942,294.4705882352941,160.41176470588238,134.05882352941177,2.588235294117647
1231978NYJ,16.764705882352942,290.5294117647058,153.7058823529412,136.8235294117647,2.588235294117647
1291978PIT,16.294117647058822,277.58823529411757,144.41176470588238,133.1764705882353,2.647058823529412
12171978CLT,15.941176470588234,259.29411764705884,128.05882352941177,131.23529411764707,2.764705882352941
921979KAN,15.529411764705882,259.70588235294116,134.58823529411765,125.11764705882355,2.8823529411764706
991979CLT,16.058823529411768,261.1764705882353,136.47058823529414,124.70588235294115,2.9411764705882355
9161979CLE,15.764705882352944,263.29411764705884,138.47058823529414,124.82352941176471,2.5294117647058822
9231979PIT,15.882352941176471,258.8235294117647,133.94117647058823,124.88235294117645,2.411764705882353
9301979CLT,16.0,261.29411764705884,142.17647058823533,119.11764705882355,2.3529411764705883
1071979CLT,16.058823529411768,263.7647058823529,147.2941176470588,116.47058823529413,2.411764705882353
10141979CLT,16.176470588235293,261.8235294117647,148.2352941176471,113.58823529411764,2.5294117647058822
10211979BUF,15.529411764705882,256.0,144.7058823529412,111.29411764705885,2.3529411764705883
10281979CLT,16.235294117647058,265.3529411764706,152.05882352941177,113.29411764705885,2.5294117647058822
1141979CLT,16.823529411764707,272.6470588235294,162.41176470588238,110.23529411764706,2.176470588235294
11111979MIA,16.529411764705884,268.29411764705884,161.7647058823529,106.52941176470587,2.294117647058824
11181979NWE,17.11764705882353,269.1764705882353,165.2352941176471,103.94117647058823,2.411764705882353
11251979CLT,17.411764705882348,274.29411764705884,167.0,107.29411764705885,2.5294117647058822
1221979NYJ,17.588235294117652,276.8235294117647,172.0,104.82352941176471,2.5294117647058822
1291979CLT,17.529411764705884,280.0,180.70588235294116,99.29411764705885,2.647058823529412
12161979NYG,18.176470588235293,295.1764705882353,188.52941176470588,106.64705882352942,2.4705882352941178
971980NYJ,18.47058823529412,305.76470588235287,200.64705882352942,105.11764705882355,2.5294117647058822
9141980CLT,19.058823529411768,308.0588235294117,202.11764705882354,105.94117647058823,2.4705882352941178
9211980OTI,18.823529411764707,310.0588235294117,201.35294117647058,108.70588235294115,2.294117647058824
9281980CLT,19.41176470588235,319.70588235294116,206.64705882352942,113.05882352941177,2.4705882352941178
1051980MIA,19.88235294117647,328.5882352941176,212.17647058823533,116.41176470588236,2.411764705882353
10121980BUF,20.11764705882353,328.9411764705883,208.70588235294116,120.23529411764706,2.411764705882353
10191980CLT,20.529411764705888,330.70588235294116,204.4705882352941,126.23529411764706,2.411764705882353
10261980CLT,20.823529411764707,332.8235294117647,210.05882352941174,122.76470588235294,2.294117647058824
1121980KAN,21.41176470588235,341.1764705882353,213.58823529411762,127.58823529411764,2.3529411764705883
1191980CLT,21.588235294117645,338.8235294117647,213.0,125.82352941176471,2.176470588235294
11161980DET,21.058823529411768,334.8235294117647,209.17647058823533,125.64705882352942,2.411764705882353
11231980NWE,21.47058823529412,340.4705882352941,210.52941176470588,129.94117647058823,2.5294117647058822
11301980CLT,20.88235294117647,336.8235294117647,205.4705882352941,131.35294117647058,2.5294117647058822
1271980CIN,20.647058823529417,330.76470588235287,200.88235294117646,129.88235294117646,2.4705882352941178
12141980CLT,20.235294117647054,326.8235294117647,195.0,131.8235294117647,2.411764705882353
12211980CLT,20.58823529411765,329.0,194.35294117647058,134.64705882352942,2.294117647058824
961981NWE,20.47058823529412,326.5882352941176,189.70588235294116,136.88235294117646,2.235294117647059
9131981CLT,19.764705882352946,314.5294117647058,180.0,134.52941176470586,2.235294117647059
9201981DEN,18.88235294117647,306.4117647058824,168.11764705882354,138.29411764705878,2.3529411764705883
9271981CLT,19.235294117647054,322.5294117647058,182.64705882352942,139.88235294117646,2.3529411764705883
1041981BUF,19.235294117647054,318.4705882352941,180.88235294117646,137.58823529411765,2.294117647058824
10111981CLT,19.058823529411768,313.4117647058824,181.58823529411762,131.8235294117647,2.4705882352941178
10181981CLT,18.823529411764707,308.0588235294117,181.0,127.05882352941177,2.5294117647058822
10251981CLE,18.647058823529417,311.0588235294117,185.64705882352942,125.41176470588236,2.588235294117647
1111981MIA,18.529411764705888,315.9411764705883,189.35294117647058,126.58823529411764,2.647058823529412
1181981CLT,18.47058823529412,311.76470588235287,189.7647058823529,122.0,2.588235294117647
11151981PHI,17.470588235294116,303.0588235294117,185.41176470588238,117.64705882352942,2.647058823529412
11221981CLT,17.941176470588232,308.8235294117647,190.11764705882354,118.70588235294115,2.5294117647058822
11291981NYJ,17.529411764705884,298.5294117647058,186.05882352941174,112.47058823529413,2.294117647058824
1261981CLT,17.235294117647058,300.70588235294116,185.70588235294116,115.0,2.294117647058824
12131981WAS,17.11764705882353,302.11764705882354,185.58823529411762,116.52941176470587,2.294117647058824
12201981CLT,17.411764705882348,308.4117647058824,192.35294117647058,116.05882352941177,2.294117647058824
9121982CLT,17.411764705882348,309.4117647058824,192.88235294117646,116.52941176470587,2.411764705882353
9191982MIA,17.0,304.11764705882354,192.82352941176467,111.29411764705885,2.3529411764705883
11211982NYJ,17.352941176470587,314.1764705882353,202.0,112.17647058823529,2.3529411764705883
11281982BUF,17.11764705882353,307.0588235294117,202.2352941176471,104.82352941176471,2.235294117647059
1251982CLT,17.058823529411768,296.4117647058824,189.0,107.41176470588236,2.176470588235294
12121982MIN,16.588235294117652,285.8235294117647,181.41176470588238,104.41176470588236,2.176470588235294
12191982CLT,16.411764705882348,282.5882352941176,175.0,107.58823529411764,2.0
12261982SDG,16.529411764705884,288.8235294117647,181.11764705882354,107.70588235294115,2.117647058823529
121983CLT,16.647058823529413,283.88235294117646,173.88235294117646,110.0,2.235294117647059
941983NWE,16.764705882352942,292.5294117647058,176.41176470588238,116.11764705882355,2.235294117647059
9111983CLT,16.294117647058822,288.9411764705883,170.7058823529412,118.23529411764706,2.294117647058824
9181983BUF,16.764705882352942,298.5882352941176,173.82352941176467,124.76470588235294,2.235294117647059
9251983CLT,17.058823529411768,303.0588235294117,174.70588235294116,128.35294117647058,2.294117647058824
1021983CIN,17.529411764705884,309.64705882352933,174.41176470588238,135.23529411764707,2.235294117647059
1091983CLT,17.764705882352942,313.4117647058824,177.0,136.41176470588235,2.176470588235294
10161983CLT,17.294117647058822,310.29411764705884,168.52941176470586,141.7647058823529,2.294117647058824
10231983CLT,17.176470588235293,306.0588235294117,163.7058823529412,142.35294117647058,2.411764705882353
10301983PHI,16.88235294117647,303.35294117647067,155.0,148.35294117647058,2.176470588235294
1161983NYJ,16.941176470588232,301.88235294117646,155.17647058823533,146.7058823529412,2.176470588235294
11131983CLT,16.88235294117647,302.8235294117647,153.35294117647058,149.47058823529414,2.176470588235294
11201983MIA,17.058823529411768,307.0,154.41176470588238,152.58823529411762,2.235294117647059
11271983CLE,17.294117647058822,307.4705882352941,155.7647058823529,151.7058823529412,2.3529411764705883
1241983CLT,17.529411764705884,314.88235294117646,158.58823529411762,156.2941176470588,2.4705882352941178
12111983DEN,17.529411764705884,320.35294117647067,159.52941176470586,160.82352941176467,2.4705882352941178
12181983CLT,17.176470588235293,311.23529411764713,143.47058823529414,167.7647058823529,2.235294117647059
921984CLT,17.11764705882353,312.4705882352941,146.7647058823529,165.7058823529412,2.235294117647059
991984OTI,17.352941176470587,308.23529411764713,142.7647058823529,165.47058823529414,2.0588235294117645
9161984CLT,17.88235294117647,315.76470588235287,148.0,167.7647058823529,2.0588235294117645
9231984MIA,17.764705882352942,307.0,138.94117647058823,168.05882352941177,2.235294117647059
9301984CLT,17.411764705882348,299.29411764705884,132.88235294117646,166.41176470588238,2.117647058823529
1071984CLT,17.0,294.70588235294116,133.88235294117646,160.82352941176467,2.235294117647059
10141984PHI,17.0,288.64705882352933,130.70588235294122,157.94117647058823,2.235294117647059
10211984CLT,17.470588235294116,289.64705882352933,136.64705882352942,153.0,2.0588235294117645
10281984DAL,17.0,280.4705882352941,131.29411764705878,149.17647058823533,2.0588235294117645
1141984CLT,16.764705882352942,279.8235294117647,139.05882352941177,140.7647058823529,2.3529411764705883
11111984NYJ,16.529411764705884,278.1764705882353,136.1764705882353,142.0,2.3529411764705883
11181984CLT,16.588235294117652,274.1764705882353,132.05882352941177,142.11764705882354,2.235294117647059
11251984RAI,16.647058823529413,274.11764705882354,132.70588235294122,141.41176470588238,2.235294117647059
1221984BUF,16.058823529411768,268.2352941176471,131.47058823529414,136.76470588235293,2.3529411764705883
1291984CLT,16.11764705882353,264.4705882352941,127.11764705882355,137.35294117647058,2.235294117647059
12161984NWE,15.764705882352944,255.70588235294116,125.52941176470587,130.1764705882353,2.294117647058824
981985PIT,15.470588235294118,252.41176470588238,130.52941176470586,121.88235294117645,2.3529411764705883
9151985MIA,15.352941176470587,252.64705882352942,132.29411764705878,120.35294117647058,2.117647058823529
9221985CLT,15.294117647058822,251.0,127.11764705882355,123.88235294117645,2.294117647058824
9291985NYJ,15.0,246.35294117647058,127.52941176470587,118.82352941176471,2.176470588235294
1061985CLT,15.764705882352944,260.52941176470586,134.11764705882354,126.41176470588236,2.0
10131985CLT,15.235294117647056,255.05882352941174,132.64705882352942,122.41176470588236,2.117647058823529
10201985BUF,15.352941176470587,255.35294117647058,129.70588235294122,125.64705882352942,2.176470588235294
10271985CLT,16.0,272.8235294117647,141.11764705882354,131.70588235294122,2.176470588235294
1131985CLT,15.647058823529413,270.29411764705884,142.94117647058823,127.35294117647058,2.411764705882353
11101985NWE,16.058823529411768,277.7647058823529,148.64705882352942,129.11764705882354,2.4705882352941178
11171985CLT,16.294117647058822,281.11764705882354,148.94117647058823,132.1764705882353,2.411764705882353
11241985KAN,16.294117647058822,281.5882352941176,151.05882352941177,130.52941176470586,2.4705882352941178
1211985CLT,16.647058823529413,283.5882352941176,153.47058823529414,130.11764705882354,2.5294117647058822
1281985CHI,16.647058823529413,287.9411764705883,156.52941176470586,131.41176470588235,2.411764705882353
12151985TAM,17.235294117647058,296.35294117647067,156.64705882352942,139.70588235294122,2.235294117647059
12221985CLT,17.352941176470587,308.5294117647058,161.2352941176471,147.2941176470588,2.117647058823529
971986NWE,17.470588235294116,311.1764705882353,162.35294117647058,148.82352941176467,2.176470588235294
9141986MIA,17.823529411764707,316.70588235294116,166.2352941176471,150.47058823529414,2.176470588235294
9211986CLT,17.647058823529417,309.5882352941176,161.52941176470586,148.05882352941177,2.235294117647059
9281986CLT,17.176470588235293,305.29411764705884,167.58823529411762,137.70588235294122,2.294117647058824
1051986SFO,17.176470588235293,305.4705882352941,168.2352941176471,137.23529411764707,2.5294117647058822
10121986CLT,16.823529411764707,300.64705882352933,174.3529411764706,126.29411764705885,2.7058823529411766
10191986BUF,17.294117647058822,304.1764705882353,177.29411764705884,126.88235294117645,2.647058823529412
10261986CLT,17.470588235294116,310.76470588235287,180.58823529411762,130.1764705882353,2.5294117647058822
1121986CLT,17.235294117647058,297.11764705882354,174.29411764705884,122.82352941176471,2.4705882352941178
1191986CLT,17.352941176470587,299.4117647058824,174.70588235294116,124.70588235294115,2.411764705882353
11161986NYJ,17.764705882352942,306.8235294117647,184.7647058823529,122.05882352941177,2.4705882352941178
11231986OTI,17.529411764705884,300.35294117647067,182.88235294117646,117.47058823529413,2.3529411764705883
11301986CLT,17.529411764705884,298.35294117647067,185.0,113.35294117647058,2.4705882352941178
1271986ATL,17.0,293.9411764705883,183.88235294117646,110.05882352941177,2.5294117647058822
12141986CLT,17.647058823529417,302.35294117647067,193.4705882352941,108.88235294117645,2.5294117647058822
12211986RAI,17.647058823529417,303.9411764705883,198.64705882352942,105.29411764705885,2.588235294117647
9131987CLT,17.235294117647058,293.5882352941176,200.88235294117646,92.70588235294115,2.764705882352941
9201987CLT,17.529411764705884,297.0,204.70588235294116,92.29411764705885,2.8235294117647056
10251987CLT,17.647058823529417,299.76470588235287,206.7647058823529,93.0,2.764705882352941
1111987NYJ,18.058823529411768,311.5294117647058,210.82352941176467,100.70588235294115,2.647058823529412
1181987CLT,18.176470588235293,312.76470588235287,203.88235294117646,108.88235294117645,2.588235294117647
11151987MIA,19.058823529411768,320.64705882352933,203.29411764705884,117.35294117647058,2.294117647058824
11221987NWE,18.823529411764707,317.23529411764713,198.05882352941174,119.17647058823529,2.3529411764705883
11291987CLT,18.705882352941178,320.88235294117646,196.94117647058826,123.94117647058823,2.294117647058824
1261987CLE,18.764705882352946,320.5294117647058,200.58823529411762,119.94117647058823,2.294117647058824
12131987CLT,18.11764705882353,312.64705882352933,196.94117647058826,115.70588235294115,2.588235294117647
12201987SDG,18.235294117647054,315.1764705882353,195.88235294117646,119.29411764705885,2.3529411764705883
12271987CLT,18.235294117647054,318.9411764705883,189.7647058823529,129.1764705882353,2.0588235294117645
191988CLE,18.823529411764707,323.23529411764713,194.11764705882354,129.11764705882354,2.0588235294117645
941988CLT,19.11764705882353,329.35294117647067,196.94117647058826,132.41176470588235,2.0588235294117645
9111988CLT,18.94117647058824,326.29411764705884,191.88235294117646,134.41176470588235,2.0588235294117645
9191988CLE,18.58823529411765,320.8235294117647,183.52941176470588,137.29411764705878,2.235294117647059
9251988CLT,18.294117647058822,314.5294117647058,176.2352941176471,138.29411764705878,2.176470588235294
1021988NWE,18.294117647058822,313.11764705882354,173.7647058823529,139.35294117647058,2.0588235294117645
1091988BUF,18.58823529411765,311.11764705882354,172.7647058823529,138.35294117647058,2.0
10161988CLT,19.058823529411768,314.0,174.70588235294116,139.29411764705878,2.0588235294117645
10231988SDG,19.47058823529412,318.4705882352941,178.47058823529412,140.0,2.235294117647059
10311988CLT,19.764705882352946,327.9411764705883,184.82352941176467,143.11764705882354,2.0588235294117645
1161988CLT,19.176470588235293,320.8235294117647,183.52941176470588,137.29411764705878,2.235294117647059
11131988GNB,18.94117647058824,316.29411764705884,178.41176470588238,137.88235294117646,2.0
11201988MIN,18.88235294117647,307.70588235294116,176.17647058823533,131.52941176470586,2.0588235294117645
11271988CLT,18.764705882352946,304.4117647058824,174.82352941176467,129.58823529411765,2.117647058823529
1241988MIA,19.58823529411765,315.70588235294116,175.05882352941174,140.64705882352942,1.7647058823529411
12101988NYJ,19.529411764705888,315.0588235294117,176.58823529411762,138.47058823529414,1.9411764705882355
12181988CLT,19.647058823529417,305.0,169.0,136.0,1.8823529411764703
9101989CLT,19.58823529411765,306.70588235294116,165.35294117647058,141.35294117647058,1.8235294117647056
9171989RAM,19.823529411764707,312.88235294117646,171.0,141.88235294117646,1.7647058823529411
9241989CLT,20.058823529411768,315.29411764705884,172.11764705882354,143.17647058823533,1.6470588235294117
1011989NYJ,20.176470588235293,317.29411764705884,177.29411764705884,140.0,1.5882352941176472
1081989CLT,20.294117647058822,318.8235294117647,182.35294117647058,136.47058823529414,1.5882352941176472
10151989DEN,19.823529411764707,310.64705882352933,177.6470588235294,133.0,1.5882352941176472
10221989CIN,19.41176470588235,312.29411764705884,173.3529411764706,138.94117647058823,1.5882352941176472
10291989CLT,19.058823529411768,312.76470588235287,172.2352941176471,140.52941176470586,1.5882352941176472
1151989MIA,18.41176470588235,303.70588235294116,169.82352941176467,133.88235294117646,1.5294117647058822
11121989BUF,17.823529411764707,287.5294117647058,162.94117647058823,124.58823529411764,1.7058823529411764
11191989CLT,17.88235294117647,292.70588235294116,165.47058823529414,127.23529411764706,1.5294117647058822
11261989CLT,17.705882352941178,293.70588235294116,171.0,122.70588235294115,1.5882352941176472
1231989NWE,17.529411764705884,298.5294117647058,176.70588235294116,121.82352941176471,1.6470588235294117
12101989CLT,17.705882352941178,307.64705882352933,182.05882352941174,125.58823529411764,1.5882352941176472
12171989CLT,17.823529411764707,306.64705882352933,186.94117647058826,119.70588235294115,1.6470588235294117
12241989NOR,17.529411764705884,300.8235294117647,181.0,119.82352941176471,1.5882352941176472
991990BUF,16.941176470588232,296.5882352941176,184.29411764705884,112.29411764705885,1.7058823529411764
9161990CLT,16.470588235294116,288.5294117647058,181.52941176470588,107.0,1.9411764705882355
9231990OTI,16.352941176470587,280.6470588235294,177.3529411764706,103.29411764705885,2.0588235294117645
9301990PHI,16.470588235294116,289.0588235294117,190.35294117647058,98.70588235294115,2.117647058823529
1071990CLT,16.352941176470587,284.0588235294117,184.52941176470588,99.52941176470587,2.176470588235294
10211990CLT,16.529411764705884,286.0,192.0,94.0,2.176470588235294
10281990CLT,16.529411764705884,286.23529411764713,193.0,93.23529411764706,2.3529411764705883
1151990CLT,16.11764705882353,277.11764705882354,190.52941176470588,86.58823529411767,2.235294117647059
11111990NWE,15.294117647058822,265.2352941176471,183.11764705882354,82.11764705882355,2.117647058823529
11181990CLT,15.176470588235292,266.0588235294117,183.7647058823529,82.29411764705883,2.0588235294117645
11251990CIN,15.647058823529413,279.58823529411757,191.64705882352942,87.94117647058823,1.8823529411764703
1221990CRD,15.117647058823529,269.41176470588243,185.94117647058826,83.47058823529412,2.0
1291990CLT,15.176470588235292,261.3529411764706,176.94117647058826,84.41176470588233,2.0588235294117645
12161990NYJ,15.411764705882351,265.9411764705883,177.52941176470588,88.41176470588233,1.8823529411764703
12221990CLT,15.470588235294118,257.29411764705884,175.47058823529412,81.82352941176471,1.8235294117647056
12301990MIA,15.176470588235292,257.9411764705883,176.0,81.94117647058823,1.9411764705882355
911991CLT,15.529411764705882,264.2352941176471,184.94117647058826,79.29411764705883,1.9411764705882355
981991MIA,15.294117647058822,259.58823529411757,179.52941176470588,80.05882352941177,1.8235294117647056
9151991RAI,15.411764705882351,263.0588235294117,182.4705882352941,80.58823529411767,1.6470588235294117
9221991CLT,15.529411764705882,267.52941176470586,190.05882352941174,77.47058823529412,1.4705882352941178
9291991SEA,15.058823529411766,254.58823529411762,177.70588235294116,76.88235294117645,1.5294117647058822
1061991CLT,15.058823529411766,252.11764705882354,177.94117647058826,74.17647058823529,1.4705882352941178
10131991BUF,14.882352941176471,244.88235294117646,170.2941176470588,74.58823529411767,1.5882352941176472
10201991CLT,15.117647058823529,247.11764705882354,169.0,78.11764705882355,1.4117647058823528
1131991CLT,15.352941176470587,252.82352941176467,172.3529411764706,80.47058823529412,1.4705882352941178
11101991NYJ,16.0,260.29411764705884,180.4705882352941,79.82352941176471,1.6470588235294117
11171991CLT,15.941176470588234,256.6470588235294,175.47058823529412,81.17647058823529,1.5882352941176472
11241991GNB,15.647058823529413,243.11764705882354,168.41176470588238,74.70588235294117,1.7058823529411764
1211991CLT,15.470588235294118,238.41176470588238,161.7058823529412,76.70588235294117,1.8235294117647056
1281991NWE,15.529411764705882,242.82352941176467,167.2941176470588,75.52941176470588,1.6470588235294117
12151991CLT,15.529411764705882,240.17647058823533,166.0,74.17647058823529,1.8235294117647056
12221991TAM,15.058823529411766,239.05882352941174,163.05882352941177,76.0,2.0
961992CLT,14.764705882352944,234.35294117647058,161.82352941176467,72.52941176470588,1.9411764705882355
9131992CLT,14.470588235294118,224.05882352941174,152.11764705882354,71.94117647058823,1.8823529411764703
9201992BUF,14.352941176470587,223.4705882352941,153.41176470588238,70.05882352941177,2.0588235294117645
1041992TAM,14.294117647058822,225.05882352941174,155.2352941176471,69.82352941176471,2.117647058823529
10111992CLT,14.411764705882351,222.35294117647058,146.94117647058823,75.41176470588233,2.117647058823529
10181992CLT,15.176470588235292,233.70588235294116,158.58823529411762,75.11764705882355,2.235294117647059
10251992MIA,15.470588235294118,238.0,158.94117647058823,79.05882352941177,2.235294117647059
1111992SDG,14.764705882352944,229.70588235294116,152.7647058823529,76.94117647058823,2.176470588235294
1181992CLT,14.764705882352944,231.05882352941174,155.47058823529414,75.58823529411767,2.3529411764705883
11151992CLT,15.411764705882351,239.2352941176471,164.11764705882354,75.11764705882355,2.4705882352941178
11221992PIT,15.411764705882351,242.0,165.2352941176471,76.76470588235293,2.4705882352941178
11291992CLT,15.882352941176471,251.4705882352941,174.94117647058826,76.52941176470588,2.5294117647058822
1261992NWE,15.705882352941178,255.94117647058826,179.82352941176467,76.11764705882355,2.5294117647058822
12131992NYJ,15.941176470588234,262.58823529411757,191.11764705882354,71.47058823529412,2.411764705882353
12201992CLT,16.411764705882348,272.2352941176471,201.2352941176471,71.0,2.5294117647058822
12271992CIN,16.411764705882348,270.4705882352941,201.88235294117646,68.58823529411765,2.3529411764705883
951993CLT,16.647058823529413,273.0588235294117,205.7647058823529,67.29411764705883,2.3529411764705883
9121993CIN,16.764705882352942,278.70588235294116,208.11764705882354,70.58823529411767,2.411764705882353
9261993CLT,17.176470588235293,290.1764705882353,217.17647058823533,73.0,2.3529411764705883
1031993DEN,17.588235294117652,297.88235294117646,220.52941176470588,77.3529411764706,2.294117647058824
10101993CLT,17.823529411764707,301.88235294117646,221.17647058823533,80.70588235294117,2.411764705882353
10241993MIA,17.941176470588232,304.23529411764713,224.17647058823533,80.05882352941177,2.588235294117647
10311993CLT,17.470588235294116,300.5882352941176,217.4705882352941,83.11764705882355,2.294117647058824
1171993WAS,17.529411764705884,309.0,229.41176470588238,79.58823529411767,2.3529411764705883
11141993CLT,17.941176470588232,315.8235294117647,232.58823529411762,83.23529411764707,2.294117647058824
11211993BUF,18.529411764705888,325.9411764705883,240.05882352941174,85.88235294117645,2.176470588235294
11291993CLT,17.941176470588232,316.8235294117647,232.82352941176467,84.0,2.117647058823529
1251993NYJ,17.411764705882348,307.4117647058824,223.64705882352942,83.76470588235293,2.0
12121993NYG,16.941176470588232,301.11764705882354,220.41176470588238,80.70588235294117,1.9411764705882355
12191993CLT,17.11764705882353,300.88235294117646,222.17647058823533,78.70588235294117,2.0
12261993NWE,16.647058823529413,292.1764705882353,215.05882352941174,77.11764705882355,1.9411764705882355
121994CLT,16.88235294117647,294.29411764705884,213.11764705882354,81.17647058823529,2.0588235294117645
941994CLT,16.941176470588232,293.70588235294116,207.2352941176471,86.47058823529413,2.176470588235294
9111994TAM,17.176470588235293,299.0,205.41176470588238,93.58823529411764,2.0588235294117645
9181994PIT,16.764705882352942,289.76470588235287,198.94117647058826,90.82352941176471,1.9411764705882355
9251994CLT,16.588235294117652,288.4705882352941,194.7647058823529,93.70588235294115,2.0
1021994CLT,16.470588235294116,289.4117647058824,195.2352941176471,94.17647058823529,1.9411764705882355
1091994NYJ,15.941176470588234,281.76470588235287,186.70588235294116,95.05882352941177,1.8823529411764703
10161994BUF,15.705882352941178,281.9411764705883,186.52941176470588,95.41176470588236,1.6470588235294117
10231994CLT,16.058823529411768,288.5882352941176,192.0,96.58823529411764,1.8235294117647056
10301994CLT,16.11764705882353,284.1764705882353,179.94117647058826,104.23529411764706,1.9411764705882355
1161994MIA,16.235294117647058,284.0588235294117,179.05882352941174,105.0,1.9411764705882355
11201994CIN,15.882352941176471,276.52941176470586,173.94117647058826,102.58823529411764,1.8235294117647056
11271994CLT,15.823529411764708,278.1764705882353,171.05882352941177,107.11764705882355,1.7647058823529411
1241994SEA,16.235294117647058,285.1764705882353,171.2352941176471,113.94117647058823,1.9411764705882355
12111994NWE,16.176470588235293,279.70588235294116,164.64705882352942,115.05882352941177,2.176470588235294
12181994CLT,15.941176470588234,276.8235294117647,155.17647058823533,121.64705882352942,2.0
12241994CLT,16.294117647058822,283.23529411764713,155.2352941176471,128.0,2.0588235294117645
931995CLT,16.235294117647058,282.5294117647058,152.88235294117646,129.64705882352942,2.0
9101995NYJ,16.588235294117652,286.8235294117647,160.7058823529412,126.11764705882355,2.0588235294117645
9171995BUF,16.411764705882348,282.8235294117647,160.94117647058823,121.88235294117645,2.0588235294117645
1011995CLT,16.764705882352942,294.9411764705883,163.52941176470586,131.41176470588235,2.117647058823529
1081995MIA,17.0,299.88235294117646,170.64705882352942,129.23529411764707,2.117647058823529
10151995CLT,17.0,298.11764705882354,170.7058823529412,127.41176470588236,2.117647058823529
10221995RAI,17.176470588235293,299.4705882352941,175.0,124.47058823529413,2.0
10291995CLT,16.588235294117652,287.0588235294117,165.05882352941177,122.0,2.0
1151995CLT,16.352941176470587,283.4117647058824,161.94117647058823,121.47058823529413,2.0
11121995NOR,15.941176470588234,281.64705882352933,163.64705882352942,118.0,1.7647058823529411
11191995NWE,16.0,290.88235294117646,170.94117647058823,119.94117647058823,1.7647058823529411
11261995CLT,16.352941176470587,297.64705882352933,170.58823529411762,127.05882352941177,1.7647058823529411
1231995CAR,16.176470588235293,292.35294117647067,169.2352941176471,123.11764705882355,1.7647058823529411
12101995JAX,16.235294117647058,288.29411764705884,170.58823529411762,117.70588235294115,1.5294117647058822
12171995CLT,16.88235294117647,297.29411764705884,178.70588235294116,118.58823529411764,1.3529411764705883
12231995CLT,17.294117647058822,303.76470588235287,186.11764705882354,117.64705882352942,1.4117647058823528
12311995SDG,17.647058823529417,308.9411764705883,189.35294117647058,119.58823529411764,1.3529411764705883
171996KAN,17.176470588235293,300.64705882352933,180.88235294117646,119.76470588235294,1.2352941176470589
1141996PIT,16.647058823529413,298.70588235294116,181.2352941176471,117.47058823529413,1.0588235294117647
911996CLT,16.764705882352942,299.64705882352933,183.17647058823533,116.47058823529413,1.0588235294117647
981996NYJ,16.823529411764707,294.35294117647067,187.82352941176467,106.52941176470587,1.0
9151996DAL,16.588235294117652,288.5882352941176,182.41176470588238,106.17647058823529,1.0588235294117647
9231996CLT,16.941176470588232,289.76470588235287,178.70588235294116,111.05882352941177,1.0588235294117647
1061996BUF,17.11764705882353,289.4705882352941,178.70588235294116,110.76470588235294,0.9411764705882352
10131996CLT,17.411764705882348,297.76470588235287,182.82352941176467,114.94117647058823,0.9411764705882352
10201996CLT,18.058823529411768,300.4117647058824,188.70588235294116,111.70588235294115,1.0
10271996WAS,18.235294117647054,300.29411764705884,189.7647058823529,110.52941176470587,1.0
1131996CLT,18.47058823529412,294.0588235294117,186.29411764705884,107.76470588235294,1.2352941176470589
11101996MIA,18.11764705882353,290.5882352941176,192.2352941176471,98.35294117647058,1.3529411764705883
11171996CLT,18.235294117647054,296.64705882352933,193.17647058823533,103.47058823529413,1.4117647058823528
11241996NWE,18.235294117647054,300.88235294117646,200.17647058823533,100.70588235294115,1.5294117647058822
1211996CLT,17.88235294117647,296.35294117647067,195.88235294117646,100.47058823529413,1.4705882352941178
1251996CLT,17.88235294117647,298.64705882352933,196.7647058823529,101.88235294117645,1.4117647058823528
12151996KAN,17.88235294117647,297.35294117647067,200.70588235294116,96.64705882352942,1.3529411764705883
12221996CIN,17.88235294117647,298.35294117647067,208.29411764705884,90.05882352941177,1.4117647058823528
12291996PIT,17.411764705882348,287.64705882352933,200.05882352941174,87.58823529411767,1.5294117647058822
8311997MIA,17.352941176470587,286.8235294117647,195.94117647058826,90.88235294117645,1.6470588235294117
971997CLT,17.470588235294116,284.70588235294116,195.29411764705884,89.41176470588233,1.6470588235294117
9141997CLT,17.058823529411768,272.7647058823529,183.82352941176467,88.94117647058823,1.5294117647058822
9211997BUF,16.88235294117647,275.41176470588243,189.2352941176471,86.1764705882353,1.5294117647058822
1051997CLT,17.11764705882353,279.0,195.2352941176471,83.76470588235293,1.7058823529411764
10121997PIT,17.294117647058822,279.88235294117646,198.70588235294116,81.17647058823529,1.8235294117647056
10201997CLT,16.588235294117652,272.4705882352941,188.41176470588238,84.05882352941177,1.5882352941176472
10261997SDG,16.352941176470587,269.6470588235294,189.64705882352942,80.0,1.6470588235294117
1121997CLT,16.411764705882348,275.2352941176471,191.94117647058826,83.29411764705883,1.5294117647058822
1191997CLT,16.823529411764707,278.0588235294117,187.88235294117646,90.17647058823529,1.6470588235294117
11161997CLT,17.529411764705884,287.70588235294116,197.82352941176467,89.88235294117645,1.5294117647058822
11231997DET,17.352941176470587,280.7647058823529,190.35294117647058,90.41176470588236,1.4705882352941178
11301997NWE,17.647058823529417,287.5294117647058,195.17647058823533,92.35294117647058,1.5294117647058822
1271997NYJ,17.647058823529417,287.8235294117647,193.0,94.82352941176471,1.5294117647058822
12141997CLT,17.88235294117647,293.11764705882354,194.82352941176467,98.29411764705885,1.5882352941176472
12211997MIN,18.176470588235293,295.0,191.0,104.0,1.7647058823529411
961998CLT,19.11764705882353,306.23529411764713,200.88235294117646,105.35294117647058,1.8823529411764703
9131998NWE,19.235294117647054,306.88235294117646,201.17647058823533,105.70588235294115,1.9411764705882355
9201998NYJ,19.352941176470583,310.11764705882354,199.7647058823529,110.35294117647058,2.0
9271998CLT,19.647058823529417,324.1764705882353,215.58823529411762,108.58823529411764,2.176470588235294
1041998CLT,19.294117647058822,316.5294117647058,212.0,104.52941176470587,2.176470588235294
10111998CLT,19.352941176470583,318.35294117647067,210.2352941176471,108.11764705882355,2.117647058823529
10181998SFO,19.176470588235293,322.23529411764713,212.58823529411762,109.64705882352942,2.0
1111998CLT,19.352941176470583,326.4705882352941,220.4705882352941,106.0,2.117647058823529
1181998MIA,19.764705882352946,326.70588235294116,215.82352941176467,110.88235294117645,2.117647058823529
11151998CLT,19.764705882352946,326.5882352941176,219.05882352941174,107.52941176470587,2.0588235294117645
11221998BUF,19.294117647058822,321.23529411764713,217.4705882352941,103.76470588235294,2.0
11291998RAV,19.294117647058822,325.5294117647058,218.88235294117646,106.64705882352942,2.0
1261998ATL,19.58823529411765,329.70588235294116,221.17647058823533,108.52941176470587,2.117647058823529
12131998CLT,19.47058823529412,325.88235294117646,216.7647058823529,109.11764705882355,2.0588235294117645
12201998SEA,19.41176470588235,325.64705882352933,226.0,99.64705882352942,2.176470588235294
12271998CLT,18.764705882352946,318.4705882352941,223.29411764705884,95.17647058823529,2.235294117647059
9121999CLT,18.705882352941178,324.0588235294117,230.2352941176471,93.82352941176471,2.117647058823529
9191999NWE,18.647058823529417,324.4705882352941,227.29411764705884,97.17647058823529,2.117647058823529
9261999SDG,19.0,333.8235294117647,240.88235294117646,92.94117647058823,1.9411764705882355
10101999CLT,18.823529411764707,335.11764705882354,245.2352941176471,89.88235294117645,1.9411764705882355
10171999NYJ,19.0,332.8235294117647,240.41176470588238,92.41176470588236,1.8235294117647056
10241999CLT,19.41176470588235,341.23529411764713,248.70588235294116,92.52941176470587,1.8235294117647056
10311999CLT,19.529411764705888,345.8235294117647,252.52941176470588,93.29411764705885,1.7058823529411764
1171999CLT,19.88235294117647,348.11764705882354,254.0,94.11764705882355,1.8235294117647056
11141999NYG,19.58823529411765,350.0,251.58823529411762,98.41176470588236,1.7647058823529411
11211999PHI,19.647058823529417,361.8235294117647,258.3529411764706,103.47058823529413,1.8235294117647056
11281999CLT,19.647058823529417,357.7058823529412,253.64705882352942,104.05882352941177,1.8823529411764703
1251999MIA,20.058823529411768,364.7647058823529,258.1764705882353,106.58823529411764,1.8235294117647056
12121999CLT,19.41176470588235,349.8823529411765,248.41176470588238,101.47058823529413,1.8235294117647056
12191999CLT,19.823529411764707,357.8235294117647,256.1764705882353,101.64705882352942,1.8235294117647056
12261999CLE,20.235294117647054,361.2352941176471,260.0588235294117,101.17647058823529,1.8235294117647056
122000BUF,19.94117647058824,353.2352941176471,251.35294117647058,101.88235294117645,1.7647058823529411
1162000CLT,20.352941176470583,354.7647058823529,252.52941176470588,102.23529411764706,1.6470588235294117
932000KAN,20.352941176470583,354.35294117647067,251.52941176470588,102.82352941176471,1.5882352941176472
9102000CLT,20.647058823529417,361.29411764705884,259.0588235294117,102.23529411764706,1.5294117647058822
9252000CLT,20.352941176470583,365.1176470588235,261.1764705882353,103.94117647058823,1.5294117647058822
1012000BUF,20.11764705882353,361.1764705882353,256.4705882352941,104.70588235294115,1.4705882352941178
1082000NWE,20.58823529411765,366.47058823529403,263.1764705882353,103.29411764705885,1.5882352941176472
10152000SEA,21.176470588235293,376.1176470588235,263.29411764705884,112.82352941176471,1.5882352941176472
10222000CLT,21.0,374.8823529411765,261.41176470588243,113.47058823529413,1.6470588235294117
10292000CLT,21.176470588235293,377.5294117647058,262.88235294117646,114.64705882352942,1.8235294117647056
1152000CHI,21.588235294117645,379.2352941176471,265.4705882352941,113.76470588235294,1.8823529411764703
11122000CLT,21.764705882352942,373.5294117647058,262.8235294117647,110.70588235294115,1.7647058823529411
11192000GNB,21.882352941176467,376.5294117647058,267.52941176470586,109.0,1.7058823529411764
11262000CLT,21.764705882352942,375.5294117647058,265.6470588235294,109.88235294117645,1.6470588235294117
1232000NYJ,22.117647058823533,380.7058823529412,274.3529411764706,106.35294117647058,1.7647058823529411
12112000CLT,21.882352941176467,372.35294117647067,264.0588235294117,108.29411764705885,1.5882352941176472
12172000MIA,21.41176470588235,368.29411764705884,259.29411764705884,109.0,1.7058823529411764
12242000CLT,22.117647058823533,379.1764705882353,265.2352941176471,113.94117647058823,1.7058823529411764
12302000MIA,21.823529411764707,378.47058823529403,263.29411764705884,115.17647058823529,1.7058823529411764
992001NYJ,21.94117647058824,377.8823529411765,260.6470588235294,117.23529411764706,1.7647058823529411
9232001CLT,21.94117647058824,383.35294117647067,264.58823529411757,118.76470588235294,1.7647058823529411
9302001NWE,21.882352941176467,370.9411764705882,252.82352941176467,118.11764705882355,1.9411764705882355
10142001CLT,22.588235294117645,376.05882352941177,255.7647058823529,120.29411764705885,2.0
10212001CLT,22.64705882352941,380.5294117647058,254.64705882352942,125.88235294117645,1.9411764705882355
10252001KAN,22.0,373.1176470588235,248.70588235294116,124.41176470588236,1.9411764705882355
1142001BUF,21.823529411764707,367.64705882352933,242.41176470588238,125.23529411764706,1.9411764705882355
11112001CLT,21.529411764705888,359.94117647058823,239.05882352941174,120.88235294117645,1.8235294117647056
11182001NOR,21.41176470588235,358.05882352941177,237.94117647058826,120.11764705882355,1.7647058823529411
11252001CLT,21.705882352941174,365.8823529411765,247.0,118.88235294117645,2.0
1222001RAV,21.176470588235293,364.47058823529403,246.7647058823529,117.70588235294115,2.117647058823529
12102001MIA,21.0,358.64705882352933,244.4705882352941,114.17647058823529,2.294117647058824
12162001CLT,21.47058823529412,366.7058823529412,244.41176470588238,122.29411764705885,2.176470588235294
12232001CLT,21.352941176470583,375.8823529411765,252.88235294117646,123.0,2.294117647058824
12302001RAM,21.176470588235293,372.0,251.88235294117646,120.11764705882355,2.235294117647059
162002CLT,21.0,367.5294117647058,246.05882352941174,121.47058823529413,2.235294117647059
982002JAX,21.235294117647054,368.35294117647067,246.58823529411762,121.76470588235294,2.3529411764705883
9152002CLT,21.647058823529417,371.64705882352933,250.52941176470588,121.11764705882355,2.3529411764705883
9222002HTX,20.94117647058824,358.94117647058823,240.70588235294116,118.23529411764706,2.294117647058824
1062002CLT,20.88235294117647,358.2941176470588,239.7647058823529,118.52941176470587,2.117647058823529
10132002CLT,20.47058823529412,356.2352941176471,241.11764705882354,115.11764705882355,2.0588235294117645
10212002PIT,20.176470588235293,349.35294117647067,240.52941176470588,108.82352941176471,2.117647058823529
10272002WAS,20.235294117647054,342.5882352941176,241.4705882352941,101.11764705882355,2.235294117647059
1132002CLT,20.705882352941178,346.8823529411765,249.52941176470588,97.35294117647058,2.3529411764705883
11102002PHI,20.647058823529417,356.11764705882354,255.11764705882354,101.0,2.235294117647059
11172002CLT,20.764705882352946,357.4705882352941,254.52941176470588,102.94117647058823,2.235294117647059
11242002DEN,20.529411764705888,348.8235294117647,245.82352941176467,103.0,2.117647058823529
1212002CLT,20.352941176470583,346.7058823529412,241.52941176470588,105.17647058823529,1.9411764705882355
1282002OTI,20.705882352941178,354.64705882352933,249.0,105.64705882352942,1.8823529411764703
12152002CLE,20.176470588235293,349.05882352941177,246.0,103.05882352941177,1.9411764705882355
12222002CLT,20.294117647058822,349.4117647058823,251.2352941176471,98.17647058823529,1.9411764705882355
12292002CLT,20.352941176470583,350.05882352941177,249.35294117647058,100.70588235294115,1.9411764705882355
142003NYJ,19.647058823529417,340.70588235294116,245.82352941176467,94.88235294117645,2.0588235294117645
972003CLE,19.647058823529417,338.5882352941176,245.88235294117646,92.70588235294115,2.0588235294117645
9142003CLT,19.11764705882353,330.29411764705884,238.52941176470588,91.76470588235294,1.8823529411764703
9212003CLT,19.176470588235293,327.35294117647067,236.4705882352941,90.88235294117645,1.8235294117647056
9282003NOR,19.235294117647054,333.64705882352933,242.0,91.64705882352942,1.7647058823529411
1062003TAM,19.529411764705888,341.76470588235287,249.29411764705884,92.47058823529413,1.8235294117647056
10122003CLT,19.352941176470583,341.88235294117646,249.17647058823533,92.70588235294115,1.8235294117647056
10262003CLT,19.647058823529417,349.7058823529412,253.52941176470588,96.17647058823529,1.7058823529411764
1122003MIA,19.529411764705888,348.4117647058823,250.17647058823533,98.23529411764706,1.6470588235294117
1192003JAX,19.647058823529417,345.35294117647067,251.82352941176467,93.52941176470587,1.7058823529411764
11162003CLT,20.235294117647054,355.7058823529412,260.11764705882354,95.58823529411764,1.6470588235294117
11232003BUF,19.94117647058824,354.64705882352933,260.52941176470586,94.11764705882355,1.5294117647058822
11302003CLT,20.705882352941178,360.05882352941177,265.3529411764706,94.70588235294115,1.5882352941176472
1272003OTI,20.647058823529417,357.1764705882353,261.0588235294117,96.11764705882355,1.4117647058823528
12142003CLT,21.058823529411768,360.0,261.8235294117647,98.17647058823529,1.4117647058823528
12212003CLT,20.529411764705888,347.2941176470588,249.29411764705884,98.0,1.2941176470588236
12282003HTX,21.058823529411768,355.8823529411765,253.11764705882354,102.76470588235294,1.3529411764705883
142004CLT,21.823529411764707,373.7058823529412,269.0,104.70588235294115,1.2352941176470589
1112004KAN,22.352941176470583,383.29411764705884,274.1764705882353,109.11764705882355,1.1176470588235294
1182004NWE,22.411764705882355,384.1764705882353,276.7647058823529,107.41176470588236,1.4117647058823528
992004NWE,23.058823529411764,393.4117647058823,278.41176470588243,115.0,1.5294117647058822
9192004OTI,23.470588235294123,390.7647058823529,274.0588235294117,116.70588235294115,1.5882352941176472
9262004CLT,23.588235294117645,390.64705882352933,274.7647058823529,115.88235294117645,1.4705882352941178
1032004JAX,23.764705882352942,388.7647058823529,270.4705882352941,118.29411764705885,1.3529411764705883
10102004CLT,23.882352941176467,385.64705882352933,265.70588235294116,119.94117647058823,1.3529411764705883
10242004CLT,23.882352941176467,390.9411764705882,272.6470588235294,118.29411764705885,1.3529411764705883
10312004KAN,24.058823529411764,397.47058823529403,280.0,117.47058823529413,1.2941176470588236
1182004CLT,23.823529411764714,389.8235294117647,272.41176470588243,117.41176470588236,1.2941176470588236
11142004CLT,23.588235294117645,394.05882352941177,277.6470588235294,116.41176470588236,1.3529411764705883
11212004CHI,23.882352941176467,400.8823529411765,274.0588235294117,126.82352941176471,1.2941176470588236
11252004DET,24.058823529411764,401.8235294117647,275.1764705882353,126.64705882352942,1.2941176470588236
1252004CLT,24.176470588235286,407.8235294117647,282.8235294117647,125.0,1.3529411764705883
12122004HTX,24.823529411764714,419.5294117647058,291.35294117647067,128.1764705882353,1.3529411764705883
12192004CLT,24.235294117647058,413.5294117647058,293.5882352941176,119.94117647058823,1.2352941176470589
12262004CLT,24.64705882352941,412.64705882352933,291.5882352941176,121.05882352941177,1.2352941176470589
122005DEN,23.529411764705888,398.8823529411765,284.1764705882353,114.70588235294115,1.2941176470588236
192005CLT,23.882352941176467,412.05882352941177,298.64705882352933,113.41176470588236,1.0588235294117647
1162005NWE,23.294117647058826,402.05882352941177,297.8235294117647,104.23529411764706,1.0588235294117647
9112005RAV,22.823529411764714,400.1176470588235,298.4117647058824,101.70588235294115,1.0
9182005CLT,22.352941176470583,389.2352941176471,282.4705882352941,106.76470588235294,1.0588235294117647
9252005CLT,22.176470588235293,389.35294117647067,282.9411764705883,106.41176470588236,1.0588235294117647
1022005OTI,22.0,390.8823529411765,287.4117647058824,103.47058823529413,1.0
1092005SFO,21.94117647058824,386.1176470588235,280.70588235294116,105.41176470588236,1.0588235294117647
10172005CLT,22.411764705882355,377.7647058823529,263.9411764705883,113.82352941176471,1.0588235294117647
10232005HTX,22.64705882352941,379.47058823529403,262.0588235294117,117.41176470588236,1.1764705882352942
1172005NWE,23.294117647058826,382.7058823529412,262.58823529411757,120.11764705882355,1.1176470588235294
11132005CLT,23.0,378.7647058823529,267.41176470588243,111.35294117647058,1.1764705882352942
11202005CIN,23.235294117647058,384.35294117647067,274.2352941176471,110.11764705882355,1.2352941176470589
11282005CLT,22.529411764705888,372.5294117647058,263.7647058823529,108.76470588235294,1.1176470588235294
1242005CLT,22.470588235294123,367.2352941176471,258.2352941176471,109.0,1.1764705882352942
12112005JAX,22.94117647058824,372.1176470588235,261.2352941176471,110.88235294117645,1.1764705882352942
12182005CLT,22.411764705882355,364.7058823529412,258.52941176470586,106.17647058823529,1.2941176470588236
12242005SEA,23.117647058823533,375.7058823529412,269.0,106.70588235294115,1.2941176470588236
112006CLT,22.411764705882355,357.35294117647067,254.4705882352941,102.88235294117645,1.2941176470588236
1152006CLT,22.235294117647058,359.05882352941177,255.4705882352941,103.58823529411764,1.1176470588235294
9102006NYG,22.411764705882355,358.2941176470588,256.52941176470586,101.76470588235294,1.1764705882352942
9172006CLT,23.35294117647059,372.8235294117647,272.29411764705884,100.52941176470587,1.1764705882352942
9242006CLT,23.0,368.8823529411765,271.1764705882353,97.70588235294115,1.1176470588235294
1012006NYJ,23.235294117647058,368.1764705882353,266.9411764705883,101.23529411764706,1.1176470588235294
1082006CLT,23.117647058823533,365.5294117647058,262.29411764705884,103.23529411764706,1.0588235294117647
10222006CLT,22.764705882352942,370.7647058823529,271.41176470588243,99.35294117647058,1.0
10292006DEN,22.352941176470583,370.7647058823529,278.0588235294117,92.70588235294115,0.8823529411764706
1152006NWE,22.117647058823533,364.9411764705882,276.88235294117646,88.05882352941177,0.9411764705882352
11122006CLT,22.117647058823533,362.8823529411765,273.52941176470586,89.35294117647058,0.9411764705882352
11192006DAL,21.764705882352942,356.05882352941177,266.9411764705883,89.11764705882355,1.1176470588235294
11262006CLT,22.352941176470583,359.2352941176471,263.6470588235294,95.58823529411764,1.1176470588235294
1232006OTI,22.294117647058826,368.5882352941177,273.29411764705884,95.29411764705885,1.1764705882352942
12102006JAX,22.176470588235293,365.05882352941177,273.58823529411757,91.47058823529413,1.2352941176470589
12182006CLT,22.529411764705888,368.35294117647067,271.70588235294116,96.64705882352942,1.1176470588235294
12242006HTX,22.470588235294123,364.35294117647067,263.52941176470586,100.82352941176471,1.1176470588235294
12312006CLT,23.0,375.0,267.9411764705883,107.05882352941177,1.1176470588235294
162007CLT,23.764705882352942,382.64705882352933,267.9411764705883,114.70588235294115,1.2941176470588236
1132007RAV,23.35294117647059,378.7647058823529,261.41176470588243,117.35294117647058,1.3529411764705883
1212007CLT,23.235294117647058,375.2352941176471,257.88235294117646,117.35294117647058,1.3529411764705883
242007CLT,23.823529411764714,384.5294117647058,259.6470588235294,124.88235294117645,1.5294117647058822
962007CLT,23.470588235294123,390.4117647058823,265.29411764705884,125.11764705882355,1.5882352941176472
9162007OTI,23.64705882352941,394.0,273.1764705882353,120.82352941176471,1.5294117647058822
9232007HTX,23.235294117647058,388.7058823529412,268.9411764705883,119.76470588235294,1.5294117647058822
9302007CLT,23.64705882352941,387.64705882352933,260.0,127.64705882352942,1.5294117647058822
1072007CLT,23.882352941176467,390.35294117647067,257.1764705882353,133.1764705882353,1.4705882352941178
10222007JAX,23.764705882352942,390.35294117647067,257.58823529411757,132.76470588235293,1.4117647058823528
10282007CAR,23.823529411764714,393.8823529411765,258.58823529411757,135.29411764705878,1.2352941176470589
1142007CLT,23.588235294117645,388.5294117647058,260.1764705882353,128.35294117647058,1.2941176470588236
11112007SDG,23.882352941176467,384.7058823529412,257.8235294117647,126.88235294117645,1.5294117647058822
11182007CLT,23.470588235294123,377.47058823529403,248.70588235294116,128.76470588235293,1.5294117647058822
11222007ATL,23.411764705882355,375.7647058823529,246.64705882352942,129.11764705882354,1.5294117647058822
1222007CLT,23.411764705882355,377.1176470588235,251.0,126.11764705882355,1.5294117647058822
1292007RAV,22.94117647058824,373.29411764705884,250.58823529411762,122.70588235294115,1.4705882352941178
12162007RAI,22.470588235294123,366.64705882352933,251.58823529411762,115.05882352941177,1.3529411764705883
12232007CLT,23.529411764705888,378.2352941176471,262.0,116.23529411764706,1.2941176470588236
12302007CLT,22.411764705882355,362.8823529411765,251.29411764705884,111.58823529411764,1.2941176470588236
1132008CLT,22.705882352941174,363.8235294117647,260.88235294117646,102.94117647058823,1.2941176470588236
972008CLT,22.882352941176467,354.4705882352941,258.0588235294117,96.41176470588236,1.2941176470588236
9142008MIN,22.529411764705888,350.94117647058823,257.8235294117647,93.11764705882355,1.3529411764705883
9212008CLT,22.588235294117645,348.7647058823529,254.35294117647058,94.41176470588236,1.4705882352941178
1052008HTX,21.882352941176467,342.5882352941176,256.8235294117647,85.76470588235293,1.5294117647058822
10122008CLT,21.235294117647054,338.70588235294116,257.11764705882354,81.58823529411767,1.4705882352941178
10192008GNB,21.058823529411768,333.88235294117646,256.29411764705884,77.58823529411767,1.5294117647058822
10272008OTI,20.823529411764707,329.29411764705884,253.88235294117646,75.41176470588233,1.5882352941176472
1122008CLT,20.529411764705888,327.64705882352933,256.4705882352941,71.17647058823529,1.4705882352941178
1192008PIT,20.058823529411768,322.0,251.58823529411762,70.41176470588233,1.1176470588235294
11162008CLT,20.88235294117647,337.1764705882353,261.58823529411757,75.58823529411767,1.0588235294117647
11232008SDG,20.47058823529412,335.76470588235287,261.7647058823529,74.0,1.0588235294117647
11302008CLE,20.176470588235293,328.29411764705884,252.70588235294116,75.58823529411767,1.1764705882352942
1272008CLT,20.41176470588235,328.29411764705884,252.82352941176467,75.47058823529412,1.2352941176470589
12142008CLT,20.88235294117647,334.11764705882354,255.82352941176467,78.29411764705883,1.2941176470588236
12182008JAX,20.11764705882353,330.4705882352941,257.3529411764706,73.11764705882355,1.2352941176470589
12282008CLT,20.58823529411765,342.0,264.4705882352941,77.52941176470588,1.1764705882352942
132009SDG,19.88235294117647,337.29411764705884,258.58823529411757,78.70588235294117,1.0
9132009CLT,19.764705882352946,341.5294117647058,261.7647058823529,79.76470588235293,1.0588235294117647
9212009MIA,19.58823529411765,343.5882352941176,261.70588235294116,81.88235294117645,0.9411764705882352
9272009CRD,19.764705882352946,354.1764705882353,271.58823529411757,82.58823529411767,0.8823529411764706
1042009CLT,20.11764705882353,361.05882352941177,278.52941176470586,82.52941176470588,0.8823529411764706
10112009OTI,20.47058823529412,363.0,281.5294117647058,81.47058823529412,1.0
10252009RAM,20.647058823529417,368.2352941176471,281.88235294117646,86.35294117647058,0.8823529411764706
1112009CLT,20.705882352941178,373.7058823529412,289.29411764705884,84.41176470588233,0.7647058823529411
1182009CLT,21.235294117647054,378.2352941176471,292.35294117647067,85.88235294117645,0.8823529411764706
11152009CLT,21.705882352941174,385.1176470588235,297.5294117647058,87.58823529411767,1.0
11222009RAV,21.11764705882353,379.29411764705884,296.29411764705884,83.0,1.1764705882352942
11292009HTX,21.647058823529417,379.35294117647067,295.0,84.3529411764706,1.2352941176470589
1262009CLT,22.176470588235293,387.7647058823529,303.5294117647058,84.23529411764707,1.0588235294117647
12132009CLT,22.235294117647058,386.47058823529403,300.1764705882353,86.29411764705883,1.1764705882352942
12172009JAX,21.647058823529417,383.4117647058823,299.76470588235287,83.6470588235294,1.1176470588235294
12272009CLT,21.529411764705888,376.9411764705882,291.4117647058824,85.52941176470588,1.2352941176470589
132010BUF,20.94117647058824,363.2352941176471,283.35294117647067,79.88235294117645,1.4117647058823528
1162010CLT,21.235294117647054,357.8823529411765,279.29411764705884,78.58823529411767,1.4705882352941178
1242010CLT,21.588235294117645,363.5294117647058,283.1764705882353,80.3529411764706,1.4117647058823528
272010CLT,22.117647058823533,368.0,285.4117647058824,82.58823529411767,1.4705882352941178
9122010HTX,22.294117647058826,365.5294117647058,287.76470588235287,77.76470588235293,1.4705882352941178
9192010CLT,22.294117647058826,364.29411764705884,281.70588235294116,82.58823529411767,1.4705882352941178
9262010DEN,22.0,364.1764705882353,282.64705882352933,81.52941176470588,1.3529411764705883
1032010JAX,22.235294117647058,365.05882352941177,289.29411764705884,75.76470588235293,1.4705882352941178
10102010CLT,22.411764705882355,361.0,283.11764705882354,77.88235294117645,1.5294117647058822
10172010WAS,22.117647058823533,366.35294117647067,282.70588235294116,83.6470588235294,1.5882352941176472
1112010CLT,22.058823529411764,363.9411764705882,279.3529411764706,84.58823529411767,1.4705882352941178
1172010PHI,22.470588235294123,361.7647058823529,278.0,83.76470588235293,1.4117647058823528
11142010CLT,21.764705882352942,356.7058823529412,275.1764705882353,81.52941176470588,1.2941176470588236
11212010NWE,22.058823529411764,363.1176470588235,282.5882352941176,80.52941176470588,1.4705882352941178
11282010CLT,21.764705882352942,362.5882352941177,286.0588235294117,76.52941176470588,1.5882352941176472
1252010CLT,22.117647058823533,364.7058823529412,289.4117647058824,75.29411764705883,1.7647058823529411
1292010OTI,22.294117647058826,371.35294117647067,294.70588235294116,76.6470588235294,1.6470588235294117
12192010CLT,22.764705882352942,384.2352941176471,299.9411764705883,84.29411764705883,1.4705882352941178
12262010RAI,23.058823529411764,389.8235294117647,296.76470588235287,93.05882352941177,1.5294117647058822
122011CLT,22.882352941176467,383.7647058823529,290.70588235294116,93.05882352941177,1.5294117647058822
182011CLT,22.470588235294123,376.7058823529412,284.0,92.70588235294115,1.4705882352941178
9112011HTX,21.882352941176467,363.35294117647067,269.4705882352941,93.88235294117645,1.5294117647058822
9182011CLT,21.588235294117645,356.0,265.11764705882354,90.88235294117645,1.5882352941176472
9252011CLT,21.352941176470583,348.7058823529412,254.4705882352941,94.23529411764706,1.6470588235294117
1032011TAM,20.47058823529412,343.5294117647058,249.05882352941174,94.47058823529413,1.5882352941176472
1092011CLT,20.0,344.35294117647067,251.0,93.35294117647058,1.5294117647058822
10162011CIN,19.764705882352946,332.8235294117647,243.94117647058826,88.88235294117645,1.5294117647058822
10232011NOR,19.0,326.11764705882354,234.41176470588238,91.70588235294115,1.7058823529411764
10302011OTI,18.705882352941178,329.70588235294116,232.35294117647058,97.35294117647058,1.7058823529411764
1162011CLT,18.352941176470583,325.5882352941176,227.82352941176467,97.76470588235294,1.8235294117647056
11132011CLT,17.705882352941178,310.5882352941176,212.05882352941174,98.52941176470587,1.8235294117647056
11272011CLT,17.764705882352942,311.76470588235287,208.4705882352941,103.29411764705885,1.6470588235294117
1242011NWE,17.88235294117647,313.64705882352933,206.88235294117646,106.76470588235294,1.5294117647058822
12112011RAV,17.352941176470587,300.0,195.41176470588238,104.58823529411764,1.5882352941176472
12182011CLT,16.823529411764707,294.76470588235287,187.2352941176471,107.52941176470587,1.6470588235294117
12222011CLT,16.647058823529413,291.8235294117647,189.94117647058826,101.88235294117645,1.5882352941176472
112012JAX,16.352941176470587,288.29411764705884,189.05882352941174,99.23529411764706,1.7058823529411764
992012CHI,16.705882352941178,290.88235294117646,193.41176470588238,97.47058823529413,2.0
9162012CLT,16.823529411764707,293.35294117647067,194.70588235294116,98.64705882352942,1.8823529411764703
9232012CLT,17.058823529411768,302.29411764705884,202.7647058823529,99.52941176470587,1.8235294117647056
1072012CLT,17.88235294117647,315.4117647058824,214.58823529411762,100.82352941176471,1.8235294117647056
10142012NYJ,18.352941176470583,314.23529411764713,214.64705882352942,99.58823529411764,2.0
10212012CLT,18.705882352941178,312.23529411764713,208.52941176470588,103.70588235294115,2.0588235294117645
10282012OTI,19.41176470588235,323.0588235294117,214.82352941176467,108.23529411764706,1.9411764705882355
1142012CLT,20.352941176470583,338.5882352941176,233.7647058823529,104.82352941176471,1.7647058823529411
1182012JAX,20.47058823529412,336.23529411764713,232.58823529411762,103.64705882352942,1.7647058823529411
11182012NWE,21.529411764705888,351.64705882352933,245.88235294117646,105.76470588235294,1.8823529411764703
11252012CLT,21.823529411764707,357.5294117647058,251.58823529411762,105.94117647058823,1.8235294117647056
1222012DET,22.176470588235293,365.5294117647058,260.6470588235294,104.88235294117645,1.8823529411764703
1292012CLT,21.823529411764707,355.64705882352933,250.82352941176467,104.82352941176471,1.8823529411764703
12162012HTX,22.235294117647058,361.8235294117647,252.64705882352942,109.17647058823529,1.8823529411764703
12232012KAN,22.588235294117645,361.8823529411765,259.4705882352941,102.41176470588236,1.8235294117647056
12302012CLT,22.294117647058826,358.64705882352933,257.0588235294117,101.58823529411764,1.7647058823529411
162013RAV,22.64705882352941,365.7647058823529,258.52941176470586,107.23529411764706,1.7058823529411764
982013CLT,22.411764705882355,360.9411764705882,249.94117647058826,111.0,1.4117647058823528
9152013CLT,22.764705882352942,370.9411764705882,257.0588235294117,113.88235294117645,1.4705882352941178
9222013SFO,22.764705882352942,365.0,247.58823529411762,117.41176470588236,1.4117647058823528
9292013JAX,22.64705882352941,363.4117647058823,243.7647058823529,119.64705882352942,1.4117647058823528
1062013CLT,22.588235294117645,364.5294117647058,240.88235294117646,123.64705882352942,1.2941176470588236
10142013SDG,22.058823529411764,361.35294117647067,242.05882352941174,119.29411764705885,1.2941176470588236
10202013CLT,21.41176470588235,354.11764705882354,237.7647058823529,116.35294117647058,1.2941176470588236
1132013HTX,20.823529411764707,342.23529411764713,227.52941176470588,114.70588235294115,1.2941176470588236
11102013CLT,20.647058823529417,345.0,237.35294117647058,107.64705882352942,1.4705882352941178
11142013OTI,20.41176470588235,340.1764705882353,231.4705882352941,108.70588235294115,1.2352941176470589
11242013CRD,20.0,335.88235294117646,227.58823529411762,108.29411764705885,1.1764705882352942
1212013CLT,19.705882352941178,324.4117647058824,215.11764705882354,109.29411764705885,1.0588235294117647
1282013CIN,19.764705882352946,331.4705882352941,224.2352941176471,107.23529411764706,0.9411764705882352
12152013CLT,19.764705882352946,334.9411764705883,226.05882352941174,108.88235294117645,0.9411764705882352
12222013KAN,19.94117647058824,339.5882352941176,228.05882352941174,111.52941176470587,0.9411764705882352
12292013CLT,20.176470588235293,346.2941176470588,234.82352941176467,111.47058823529413,0.9411764705882352
142014CLT,20.352941176470583,353.1764705882353,244.7647058823529,108.41176470588236,1.0588235294117647
1112014NWE,20.235294117647054,359.7647058823529,254.7647058823529,105.0,1.2941176470588236
972014DEN,20.294117647058822,357.4117647058823,257.0588235294117,100.35294117647058,1.3529411764705883
9152014CLT,20.41176470588235,357.7058823529412,258.2352941176471,99.47058823529413,1.4705882352941178
9212014JAX,20.47058823529412,363.1176470588235,264.41176470588243,98.70588235294115,1.4117647058823528
9282014CLT,21.11764705882353,373.7647058823529,275.29411764705884,98.47058823529413,1.3529411764705883
1052014CLT,21.94117647058824,383.47058823529403,281.88235294117646,101.58823529411764,1.5294117647058822
1092014HTX,22.411764705882355,390.64705882352933,290.70588235294116,99.94117647058823,1.5882352941176472
10192014CLT,23.0,401.9411764705882,296.0,105.94117647058823,1.7058823529411764
10262014PIT,23.294117647058826,404.4117647058823,295.8235294117647,108.58823529411764,1.5294117647058822
1132014NYG,23.176470588235286,408.9411764705882,302.64705882352933,106.29411764705885,1.5294117647058822
11162014CLT,23.294117647058826,413.8235294117647,311.11764705882354,102.70588235294115,1.5294117647058822
11232014CLT,23.64705882352941,421.1764705882353,314.29411764705884,106.88235294117645,1.6470588235294117
11302014CLT,23.529411764705888,426.9411764705882,316.35294117647067,110.58823529411764,1.8235294117647056
1272014CLE,23.764705882352942,428.7647058823529,321.64705882352933,107.11764705882355,2.0
12142014CLT,23.823529411764714,423.5294117647058,317.88235294117646,105.64705882352942,2.117647058823529
12212014DAL,23.470588235294123,414.7058823529412,313.70588235294116,101.0,2.294117647058824
12282014OTI,22.764705882352942,405.4117647058823,306.5294117647058,98.88235294117645,2.0588235294117645
142015CLT,23.117647058823533,411.05882352941177,309.5294117647058,101.52941176470587,1.8823529411764703
1112015DEN,23.058823529411764,408.47058823529403,304.29411764705884,104.17647058823529,1.8823529411764703
1182015NWE,22.588235294117645,400.7058823529412,301.5882352941176,99.11764705882355,1.9411764705882355
9132015BUF,22.352941176470583,387.47058823529403,293.0588235294117,94.41176470588236,2.117647058823529
9212015CLT,21.529411764705888,378.35294117647067,284.64705882352933,93.70588235294115,2.3529411764705883
9272015OTI,21.176470588235293,375.1764705882353,281.11764705882354,94.05882352941177,2.235294117647059
1042015CLT,20.88235294117647,367.5294117647058,275.41176470588243,92.11764705882355,2.235294117647059
1082015HTX,20.58823529411765,356.7647058823529,268.2352941176471,88.52941176470587,2.117647058823529
10182015CLT,20.47058823529412,354.4705882352941,262.58823529411757,91.88235294117645,2.0
10252015CLT,20.058823529411768,350.5294117647058,260.0,90.52941176470587,2.176470588235294
1122015CAR,20.176470588235293,352.7058823529412,255.29411764705884,97.41176470588236,2.3529411764705883
1182015CLT,20.352941176470583,351.2941176470588,257.11764705882354,94.17647058823529,2.176470588235294
11222015ATL,20.235294117647054,338.88235294117646,247.7647058823529,91.11764705882355,2.176470588235294
11292015CLT,20.235294117647054,337.35294117647067,250.11764705882354,87.23529411764706,1.9411764705882355
1262015PIT,19.705882352941178,335.11764705882354,251.17647058823533,83.94117647058823,2.0
12132015JAX,19.705882352941178,340.5882352941176,251.11764705882354,89.47058823529413,1.9411764705882355
12202015CLT,19.58823529411765,329.5294117647058,240.88235294117646,88.64705882352942,2.0588235294117645
12272015MIA,19.47058823529412,316.9411764705883,229.11764705882354,87.8235294117647,2.0
132016CLT,19.294117647058822,314.76470588235287,225.29411764705884,89.47058823529413,1.9411764705882355
9112016CLT,19.764705882352946,328.9411764705883,239.52941176470588,89.41176470588233,1.7647058823529411
9182016DEN,19.529411764705888,325.9411764705883,235.41176470588238,90.52941176470587,1.7058823529411764
9252016CLT,19.94117647058824,329.88235294117646,239.35294117647058,90.52941176470587,1.5294117647058822
1022016JAX,20.11764705882353,324.35294117647067,236.11764705882354,88.23529411764706,1.4705882352941178
1092016CLT,20.0,328.4705882352941,238.0,90.47058823529413,1.3529411764705883
10162016HTX,19.823529411764707,332.5294117647058,239.05882352941174,93.47058823529413,1.4117647058823528
10232016OTI,19.94117647058824,333.29411764705884,242.11764705882354,91.17647058823529,1.4117647058823528
10302016CLT,20.11764705882353,327.4705882352941,234.52941176470588,92.94117647058823,1.3529411764705883
1162016GNB,20.294117647058822,327.23529411764713,237.29411764705884,89.94117647058823,1.2352941176470589
11202016CLT,19.764705882352946,325.0,237.64705882352942,87.35294117647058,1.2941176470588236
11242016CLT,19.823529411764707,327.0,238.64705882352942,88.35294117647058,1.2352941176470589
1252016NYJ,20.058823529411768,332.0,237.05882352941174,94.94117647058823,1.2941176470588236
12112016CLT,20.647058823529417,338.35294117647067,241.70588235294116,96.64705882352942,1.2941176470588236
12182016MIN,21.235294117647054,343.5882352941176,243.05882352941174,100.52941176470587,1.1764705882352942
12242016RAI,21.588235294117645,355.35294117647067,251.7647058823529,103.58823529411764,1.2352941176470589
112017CLT,21.823529411764707,362.1764705882353,258.9411764705883,103.23529411764706,1.3529411764705883
9102017RAM,21.235294117647054,356.1764705882353,256.0,100.17647058823529,1.4705882352941178
9172017CLT,20.823529411764707,345.35294117647067,245.52941176470588,99.82352941176471,1.5294117647058822
9242017CLT,20.647058823529417,350.1764705882353,249.82352941176467,100.35294117647058,1.4705882352941178
1012017SEA,20.176470588235293,340.0,239.35294117647058,100.64705882352942,1.4705882352941178
1082017CLT,20.294117647058822,349.5882352941177,245.11764705882354,104.47058823529413,1.4705882352941178
10162017OTI,20.176470588235293,343.7647058823529,240.05882352941174,103.70588235294115,1.5294117647058822
10222017CLT,19.94117647058824,334.35294117647067,234.4705882352941,99.88235294117645,1.4705882352941178
10292017CIN,19.529411764705888,329.0,227.11764705882354,101.88235294117645,1.5294117647058822
1152017HTX,19.47058823529412,334.5294117647058,233.41176470588238,101.11764705882355,1.4705882352941178
11122017CLT,18.94117647058824,329.35294117647067,229.05882352941174,100.29411764705885,1.4117647058823528
11262017CLT,18.764705882352946,325.0588235294117,224.0,101.05882352941177,1.4117647058823528
1232017JAX,18.705882352941178,323.88235294117646,219.88235294117646,104.0,1.4117647058823528
12102017BUF,18.058823529411768,312.4705882352941,207.05882352941174,105.41176470588236,1.3529411764705883
12142017CLT,17.705882352941178,305.4117647058824,200.7647058823529,104.64705882352942,1.1764705882352942
12232017RAV,17.11764705882353,298.64705882352933,198.0,100.64705882352942,1.1764705882352942
12312017CLT,17.11764705882353,290.4117647058824,187.17647058823533,103.23529411764706,1.0
992018CLT,17.11764705882353,290.1764705882353,188.05882352941174,102.11764705882355,1.0
9162018WAS,17.529411764705884,293.4705882352941,189.64705882352942,103.82352941176471,0.9411764705882352
9232018PHI,17.294117647058822,290.11764705882354,186.7647058823529,103.35294117647058,0.8823529411764706
9302018CLT,18.0,298.5294117647058,198.17647058823533,100.35294117647058,0.9411764705882352
1042018NWE,18.58823529411765,310.4117647058824,210.88235294117646,99.52941176470587,1.0
10142018NYJ,18.529411764705888,309.29411764705884,211.64705882352942,97.64705882352942,1.1764705882352942
10212018CLT,18.764705882352946,313.9411764705883,208.35294117647058,105.58823529411764,1.1176470588235294
10282018RAI,19.529411764705888,327.4117647058824,214.41176470588238,113.0,1.1176470588235294
11112018CLT,19.41176470588235,329.4705882352941,218.4705882352941,111.0,1.1176470588235294
11182018CLT,19.94117647058824,331.0,219.41176470588238,111.58823529411764,1.0588235294117647
11252018CLT,20.705882352941178,342.0588235294117,227.70588235294116,114.35294117647058,1.1764705882352942
1222018JAX,20.94117647058824,342.70588235294116,231.17647058823533,111.52941176470587,1.2352941176470589
1292018HTX,21.352941176470583,351.2941176470588,245.11764705882354,106.17647058823529,1.1764705882352942
12162018CLT,21.882352941176467,359.7058823529412,252.64705882352942,107.05882352941177,1.2352941176470589
12232018CLT,22.588235294117645,369.9411764705882,264.11764705882354,105.82352941176471,1.2941176470588236
12302018OTI,23.0,378.1764705882353,268.52941176470586,109.64705882352942,1.4117647058823528
152019HTX,23.35294117647059,388.29411764705884,275.4705882352941,112.82352941176471,1.4705882352941178
1122019KAN,22.823529411764714,381.5882352941177,268.0588235294117,113.52941176470587,1.4117647058823528
982019SDG,23.117647058823533,387.1764705882353,267.8235294117647,119.35294117647058,1.2941176470588236
9152019OTI,23.529411764705888,391.8235294117647,266.6470588235294,125.17647058823529,1.4117647058823528
9222019CLT,23.588235294117645,386.0,258.58823529411757,127.41176470588236,1.2941176470588236
9292019CLT,23.35294117647059,380.5294117647058,253.29411764705884,127.23529411764706,1.2352941176470589
1062019KAN,23.411764705882355,374.8235294117647,244.4705882352941,130.35294117647058,1.0588235294117647
10202019CLT,23.470588235294123,375.2352941176471,254.17647058823533,121.05882352941177,1.1176470588235294
10272019CLT,22.94117647058824,366.8235294117647,251.35294117647058,115.47058823529413,1.1764705882352942
1132019PIT,23.235294117647058,364.5882352941177,245.70588235294116,118.88235294117645,1.2941176470588236
11102019CLT,22.823529411764714,358.8823529411765,239.58823529411762,119.29411764705885,1.4705882352941178
11172019CLT,22.64705882352941,355.0,227.11764705882354,127.88235294117645,1.4117647058823528
11212019HTX,22.64705882352941,356.8235294117647,221.05882352941174,135.76470588235293,1.2941176470588236
1212019CLT,22.529411764705888,354.1764705882353,216.52941176470588,137.64705882352942,1.4117647058823528
1282019TAM,22.0,350.5882352941177,219.52941176470588,131.05882352941177,1.4117647058823528
12162019NOR,21.352941176470583,339.0,208.11764705882354,130.88235294117646,1.3529411764705883
12222019CLT,21.41176470588235,332.4117647058824,198.0,134.41176470588235,1.2352941176470589
12292019JAX,20.88235294117647,323.76470588235287,193.35294117647058,130.41176470588235,1.2941176470588236
9132020JAX,21.588235294117645,334.29411764705884,203.82352941176467,130.47058823529414,1.3529411764705883
9202020CLT,21.705882352941174,333.0,205.58823529411762,127.41176470588236,1.4117647058823528
9272020CLT,21.705882352941174,336.8235294117647,212.2352941176471,124.58823529411764,1.2941176470588236
1042020CHI,21.058823529411768,331.5294117647058,205.52941176470588,126.0,1.2941176470588236
10112020CLE,20.647058823529417,329.29411764705884,204.05882352941174,125.23529411764706,1.2941176470588236
10182020CLT,20.529411764705888,335.11764705882354,217.0,118.11764705882355,1.3529411764705883
1112020DET,20.705882352941178,334.11764705882354,212.64705882352942,121.47058823529413,1.2941176470588236
1182020CLT,20.764705882352946,335.35294117647067,214.7647058823529,120.58823529411764,1.3529411764705883
11122020OTI,21.0,341.35294117647067,221.11764705882354,120.23529411764706,1.1764705882352942
11222020CLT,21.235294117647054,348.4117647058823,226.35294117647058,122.05882352941177,1.1176470588235294
11292020CLT,21.47058823529412,345.2941176470588,235.4705882352941,109.82352941176471,1.0588235294117647
1262020HTX,21.823529411764707,349.7058823529412,243.7647058823529,105.94117647058823,1.0588235294117647
12132020RAI,22.0,353.5294117647058,239.94117647058826,113.58823529411764,0.8823529411764706
12202020CLT,22.235294117647058,355.94117647058823,238.7647058823529,117.17647058823529,0.8235294117647058
12272020PIT,22.529411764705888,365.35294117647067,243.41176470588238,121.94117647058823,0.9411764705882352
132021CLT,22.411764705882355,372.0,246.82352941176467,125.17647058823529,1.0
192021BUF,23.0,383.5882352941177,256.58823529411757,127.0,0.8823529411764706
