game_id,date,team_id,first_downs,total_yds,pass_yds,rush_yds,TO,opp_team_id,opp_first_downs,opp_total_yds,opp_pass_yds,opp_rush_yds,opp_TO
941966SDG,September 4,BUF,15.0,267.0,150.0,117.0,3.0,SDG,15.0,290.0,153.0,137.0,0.0
9111966BUF,September 11,BUF,15.0,195.0,116.0,79.0,1.0,KAN,17.0,388.0,223.0,165.0,1.0
9181966BUF,September 18,BUF,25.0,508.0,329.0,179.0,3.0,MIA,17.0,313.0,202.0,111.0,4.0
9251966BUF,September 25,BUF,14.0,276.0,140.0,136.0,3.0,OTI,15.0,300.0,276.0,24.0,5.0
1021966KAN,October 2,BUF,20.0,361.0,214.0,147.0,1.0,KAN,11.0,265.0,214.0,51.0,3.0
1081966BUF,October 8,BUF,15.0,321.0,269.0,52.0,3.0,NWE,12.0,286.0,177.0,109.0,1.0
10161966BUF,October 16,BUF,22.0,320.0,107.0,213.0,2.0,SDG,12.0,219.0,169.0,50.0,0.0
10301966NYJ,October 30,BUF,17.0,268.0,134.0,134.0,5.0,NYJ,17.0,328.0,323.0,5.0,6.0
1161966MIA,November 6,BUF,18.0,385.0,271.0,114.0,5.0,MIA,11.0,171.0,123.0,48.0,4.0
11131966BUF,November 13,BUF,10.0,224.0,132.0,92.0,0.0,NYJ,15.0,329.0,274.0,55.0,1.0
11201966OTI,November 20,BUF,23.0,508.0,352.0,156.0,0.0,OTI,11.0,315.0,228.0,87.0,3.0
11241966RAI,November 24,BUF,25.0,465.0,239.0,226.0,2.0,RAI,11.0,315.0,257.0,58.0,4.0
1241966NWE,December 4,BUF,17.0,314.0,274.0,40.0,4.0,NWE,12.0,226.0,119.0,107.0,1.0
12181966BUF,December 18,BUF,19.0,336.0,129.0,207.0,4.0,DEN,16.0,364.0,320.0,44.0,5.0
111967BUF,January 1,BUF,9.0,255.0,215.0,40.0,4.0,KAN,14.0,277.0,164.0,113.0,0.0
9101967BUF,September 10,BUF,15.0,248.0,159.0,89.0,2.0,NYJ,14.0,287.0,135.0,152.0,0.0
9171967BUF,September 17,BUF,9.0,193.0,150.0,43.0,4.0,OTI,9.0,139.0,26.0,113.0,2.0
9241967BUF,September 24,BUF,11.0,241.0,199.0,42.0,6.0,NWE,13.0,265.0,82.0,183.0,0.0
1011967BUF,October 1,BUF,12.0,247.0,193.0,54.0,3.0,SDG,26.0,484.0,282.0,202.0,0.0
1081967DEN,October 8,BUF,21.0,297.0,210.0,87.0,4.0,DEN,13.0,190.0,107.0,83.0,1.0
10151967BUF,October 15,BUF,10.0,158.0,120.0,38.0,2.0,RAI,13.0,223.0,79.0,144.0,5.0
10291967OTI,October 29,BUF,14.0,215.0,100.0,115.0,4.0,OTI,10.0,181.0,61.0,120.0,3.0
1151967BUF,November 5,BUF,18.0,310.0,128.0,182.0,3.0,MIA,16.0,127.0,80.0,47.0,2.0
11121967NYJ,November 12,BUF,16.0,257.0,136.0,121.0,2.0,NYJ,15.0,360.0,293.0,67.0,3.0
11191967BUF,November 19,BUF,21.0,367.0,229.0,138.0,3.0,DEN,13.0,194.0,154.0,40.0,3.0
11261967MIA,November 26,BUF,19.0,351.0,245.0,106.0,4.0,MIA,18.0,318.0,202.0,116.0,3.0
1231967KAN,December 3,BUF,8.0,242.0,211.0,31.0,4.0,KAN,18.0,257.0,128.0,129.0,1.0
1291967NWE,December 9,BUF,17.0,252.0,119.0,133.0,2.0,NWE,9.0,150.0,97.0,53.0,7.0
12241967RAI,December 24,BUF,12.0,210.0,118.0,92.0,4.0,RAI,14.0,272.0,99.0,173.0,6.0
981968BUF,September 8,BUF,11.0,191.0,115.0,76.0,4.0,NWE,9.0,195.0,45.0,150.0,3.0
9151968BUF,September 15,BUF,14.0,191.0,-19.0,210.0,1.0,RAI,20.0,411.0,201.0,210.0,1.0
9221968CIN,September 22,BUF,17.0,215.0,123.0,92.0,2.0,CIN,9.0,201.0,52.0,149.0,2.0
9291968BUF,September 29,BUF,10.0,197.0,57.0,140.0,2.0,NYJ,17.0,427.0,257.0,170.0,6.0
1051968BUF,October 5,BUF,11.0,251.0,136.0,115.0,5.0,KAN,20.0,353.0,141.0,212.0,2.0
10121968MIA,October 12,BUF,12.0,237.0,93.0,144.0,3.0,MIA,14.0,171.0,59.0,112.0,2.0
10201968NWE,October 20,BUF,9.0,203.0,154.0,49.0,5.0,NWE,11.0,299.0,96.0,203.0,2.0
10271968BUF,October 27,BUF,8.0,113.0,63.0,50.0,3.0,OTI,13.0,332.0,199.0,133.0,0.0
1131968NYJ,November 3,BUF,10.0,196.0,134.0,62.0,5.0,NYJ,11.0,274.0,164.0,110.0,1.0
11101968BUF,November 10,BUF,12.0,274.0,141.0,133.0,3.0,MIA,22.0,305.0,156.0,149.0,2.0
11171968BUF,November 17,BUF,7.0,151.0,61.0,90.0,1.0,SDG,15.0,282.0,206.0,76.0,5.0
11241968DEN,November 24,BUF,14.0,220.0,132.0,88.0,2.0,DEN,15.0,386.0,302.0,84.0,3.0
11281968RAI,November 28,BUF,17.0,343.0,144.0,199.0,4.0,RAI,11.0,186.0,111.0,75.0,2.0
1271968OTI,December 7,BUF,7.0,89.0,10.0,79.0,2.0,OTI,23.0,403.0,215.0,188.0,4.0
9141969BUF,September 14,BUF,13.0,181.0,122.0,59.0,6.0,NYJ,15.0,324.0,146.0,178.0,4.0
9211969BUF,September 21,BUF,10.0,133.0,40.0,93.0,4.0,OTI,15.0,245.0,122.0,123.0,0.0
9281969BUF,September 28,BUF,28.0,406.0,247.0,159.0,1.0,DEN,20.0,302.0,233.0,69.0,5.0
1051969OTI,October 5,BUF,12.0,281.0,237.0,44.0,7.0,OTI,15.0,252.0,139.0,113.0,4.0
10111969BUF,October 11,BUF,20.0,364.0,160.0,204.0,2.0,NWE,14.0,248.0,148.0,100.0,2.0
10191969RAI,October 19,BUF,19.0,392.0,246.0,146.0,7.0,RAI,20.0,404.0,320.0,84.0,2.0
10261969MIA,October 26,BUF,13.0,276.0,220.0,56.0,4.0,MIA,17.0,353.0,217.0,136.0,4.0
1121969BUF,November 2,BUF,14.0,144.0,39.0,105.0,6.0,KAN,14.0,245.0,98.0,147.0,3.0
1191969NYJ,November 9,BUF,13.0,297.0,191.0,106.0,2.0,NYJ,16.0,273.0,169.0,104.0,1.0
11161969BUF,November 16,BUF,18.0,309.0,187.0,122.0,1.0,MIA,16.0,248.0,198.0,50.0,1.0
11231969NWE,November 23,BUF,24.0,425.0,248.0,177.0,4.0,NWE,16.0,373.0,234.0,139.0,1.0
11301969BUF,November 30,BUF,8.0,184.0,84.0,100.0,3.0,CIN,11.0,253.0,26.0,227.0,7.0
1271969KAN,December 7,BUF,17.0,237.0,144.0,93.0,2.0,KAN,17.0,277.0,131.0,146.0,3.0
12141969SDG,December 14,BUF,15.0,238.0,180.0,58.0,2.0,SDG,30.0,537.0,295.0,242.0,1.0
9201970BUF,September 20,BUF,8.0,149.0,56.0,93.0,4.0,DEN,11.0,282.0,146.0,136.0,3.0
9271970BUF,September 27,BUF,12.0,177.0,125.0,52.0,4.0,RAM,21.0,364.0,195.0,169.0,3.0
1041970BUF,October 4,BUF,20.0,401.0,252.0,149.0,5.0,NYJ,11.0,337.0,228.0,109.0,0.0
10111970PIT,October 11,BUF,16.0,285.0,200.0,85.0,5.0,PIT,12.0,209.0,38.0,171.0,0.0
10181970BUF,October 18,BUF,14.0,390.0,337.0,53.0,6.0,MIA,20.0,301.0,154.0,147.0,1.0
10251970NYJ,October 25,BUF,15.0,193.0,104.0,89.0,2.0,NYJ,10.0,119.0,33.0,86.0,2.0
1111970NWE,November 1,BUF,18.0,364.0,149.0,215.0,2.0,NWE,19.0,251.0,151.0,100.0,5.0
1181970BUF,November 8,BUF,17.0,377.0,274.0,103.0,6.0,CIN,17.0,320.0,164.0,156.0,0.0
11151970CLT,November 15,BUF,16.0,271.0,90.0,181.0,2.0,CLT,21.0,345.0,209.0,136.0,1.0
11221970CHI,November 22,BUF,14.0,253.0,119.0,134.0,5.0,CHI,12.0,241.0,150.0,91.0,2.0
11291970BUF,November 29,BUF,12.0,325.0,230.0,95.0,2.0,NWE,10.0,167.0,109.0,58.0,4.0
1261970NYG,December 6,BUF,13.0,180.0,107.0,73.0,2.0,NYG,15.0,270.0,119.0,151.0,3.0
12131970BUF,December 13,BUF,18.0,333.0,236.0,97.0,3.0,CLT,15.0,275.0,226.0,49.0,1.0
12201970MIA,December 20,BUF,10.0,197.0,151.0,46.0,4.0,MIA,19.0,325.0,166.0,159.0,1.0
9191971BUF,September 19,BUF,18.0,401.0,335.0,66.0,4.0,DAL,19.0,371.0,211.0,160.0,1.0
9261971BUF,September 26,BUF,14.0,267.0,136.0,131.0,3.0,MIA,20.0,376.0,150.0,226.0,0.0
1031971MIN,October 3,BUF,7.0,64.0,8.0,56.0,3.0,MIN,23.0,326.0,133.0,193.0,3.0
10101971BUF,October 10,BUF,4.0,49.0,45.0,4.0,6.0,CLT,19.0,401.0,187.0,214.0,3.0
10171971NYJ,October 17,BUF,14.0,271.0,188.0,83.0,2.0,NYJ,20.0,331.0,140.0,191.0,0.0
10231971SDG,October 23,BUF,11.0,189.0,37.0,152.0,2.0,SDG,22.0,446.0,248.0,198.0,5.0
10311971BUF,October 31,BUF,19.0,309.0,247.0,62.0,3.0,CRD,24.0,305.0,163.0,142.0,0.0
1171971MIA,November 7,BUF,19.0,364.0,158.0,206.0,5.0,MIA,23.0,391.0,89.0,302.0,0.0
11141971NWE,November 14,BUF,15.0,217.0,128.0,89.0,1.0,NWE,9.0,299.0,180.0,119.0,3.0
11211971BUF,November 21,BUF,12.0,197.0,119.0,78.0,6.0,NYJ,10.0,231.0,78.0,153.0,1.0
11281971BUF,November 28,BUF,15.0,264.0,117.0,147.0,1.0,NWE,15.0,294.0,105.0,189.0,3.0
1251971CLT,December 5,BUF,8.0,182.0,106.0,76.0,6.0,CLT,16.0,310.0,130.0,180.0,2.0
12121971BUF,December 12,BUF,14.0,292.0,207.0,85.0,3.0,OTI,16.0,268.0,176.0,92.0,1.0
12191971KAN,December 19,BUF,15.0,260.0,158.0,102.0,3.0,KAN,14.0,255.0,118.0,137.0,0.0
9171972BUF,September 17,BUF,16.0,287.0,207.0,80.0,4.0,NYJ,19.0,293.0,102.0,191.0,1.0
9241972BUF,September 24,BUF,17.0,233.0,56.0,177.0,1.0,SFO,10.0,202.0,169.0,33.0,4.0
1011972BUF,October 1,BUF,11.0,229.0,111.0,118.0,5.0,CLT,17.0,339.0,180.0,159.0,4.0
1081972BUF,October 8,BUF,19.0,305.0,160.0,145.0,2.0,NWE,23.0,354.0,244.0,110.0,4.0
10151972RAI,October 15,BUF,16.0,295.0,114.0,181.0,1.0,RAI,22.0,396.0,181.0,215.0,2.0
10221972MIA,October 22,BUF,11.0,188.0,24.0,164.0,1.0,MIA,20.0,310.0,80.0,230.0,4.0
10291972BUF,October 29,BUF,24.0,418.0,164.0,254.0,4.0,PIT,18.0,309.0,93.0,216.0,1.0
1151972BUF,November 5,BUF,12.0,172.0,99.0,73.0,2.0,MIA,21.0,327.0,73.0,254.0,1.0
11121972NYJ,November 12,BUF,11.0,210.0,67.0,143.0,4.0,NYJ,17.0,289.0,141.0,148.0,1.0
11191972NWE,November 19,BUF,19.0,295.0,116.0,179.0,4.0,NWE,15.0,298.0,183.0,115.0,4.0
11261972CLE,November 26,BUF,12.0,175.0,28.0,147.0,2.0,CLE,16.0,253.0,121.0,132.0,2.0
1231972CLT,December 3,BUF,13.0,244.0,144.0,100.0,4.0,CLT,22.0,391.0,202.0,189.0,0.0
12101972BUF,December 10,BUF,23.0,418.0,231.0,187.0,3.0,DET,14.0,260.0,144.0,116.0,0.0
12171972WAS,December 17,BUF,17.0,264.0,80.0,184.0,2.0,WAS,15.0,171.0,38.0,133.0,3.0
9161973NWE,September 16,BUF,23.0,459.0,99.0,360.0,2.0,NWE,17.0,297.0,190.0,107.0,4.0
9231973SDG,September 23,BUF,16.0,287.0,139.0,148.0,4.0,SDG,17.0,354.0,249.0,105.0,1.0
9301973BUF,September 30,BUF,15.0,272.0,64.0,208.0,3.0,NYJ,17.0,250.0,148.0,102.0,1.0
1071973BUF,October 7,BUF,16.0,276.0,47.0,229.0,1.0,PHI,28.0,451.0,176.0,275.0,1.0
10141973BUF,October 14,BUF,18.0,311.0,52.0,259.0,3.0,CLT,13.0,203.0,60.0,143.0,4.0
10211973MIA,October 21,BUF,8.0,76.0,1.0,75.0,2.0,MIA,18.0,310.0,127.0,183.0,5.0
10291973BUF,October 29,BUF,21.0,309.0,63.0,246.0,3.0,KAN,8.0,105.0,67.0,38.0,4.0
1141973NOR,November 4,BUF,10.0,190.0,66.0,124.0,1.0,NOR,19.0,281.0,166.0,115.0,0.0
11111973BUF,November 11,BUF,10.0,180.0,30.0,150.0,2.0,CIN,18.0,281.0,120.0,161.0,4.0
11181973BUF,November 18,BUF,15.0,309.0,71.0,238.0,2.0,MIA,17.0,277.0,123.0,154.0,0.0
11251973CLT,November 25,BUF,16.0,384.0,169.0,215.0,2.0,CLT,15.0,221.0,69.0,152.0,2.0
1221973ATL,December 2,BUF,17.0,334.0,95.0,239.0,1.0,ATL,12.0,272.0,147.0,125.0,3.0
1291973BUF,December 9,BUF,13.0,324.0,31.0,293.0,0.0,NWE,20.0,390.0,292.0,98.0,4.0
12161973NYJ,December 16,BUF,21.0,374.0,70.0,304.0,1.0,NYJ,12.0,223.0,184.0,39.0,0.0
9161974BUF,September 16,BUF,22.0,306.0,106.0,200.0,1.0,RAI,18.0,252.0,100.0,152.0,2.0
9221974BUF,September 22,BUF,16.0,264.0,157.0,107.0,3.0,MIA,16.0,248.0,72.0,176.0,3.0
9291974BUF,September 29,BUF,17.0,223.0,0.0,223.0,2.0,NYJ,7.0,139.0,33.0,106.0,3.0
1061974GNB,October 6,BUF,22.0,305.0,157.0,148.0,2.0,GNB,18.0,231.0,131.0,100.0,3.0
10131974CLT,October 13,BUF,15.0,306.0,125.0,181.0,2.0,CLT,11.0,162.0,1.0,161.0,2.0
10201974BUF,October 20,BUF,19.0,315.0,135.0,180.0,0.0,NWE,19.0,320.0,131.0,189.0,2.0
10271974BUF,October 27,BUF,16.0,226.0,100.0,126.0,0.0,CHI,17.0,258.0,159.0,99.0,1.0
1131974NWE,November 3,BUF,22.0,327.0,224.0,103.0,4.0,NWE,20.0,355.0,200.0,155.0,3.0
11101974BUF,November 10,BUF,16.0,224.0,91.0,133.0,6.0,OTI,10.0,174.0,59.0,115.0,4.0
11171974MIA,November 17,BUF,16.0,271.0,139.0,132.0,2.0,MIA,21.0,382.0,222.0,160.0,2.0
11241974CLE,November 24,BUF,10.0,197.0,9.0,188.0,0.0,CLE,19.0,277.0,130.0,147.0,3.0
1211974BUF,December 1,BUF,9.0,184.0,46.0,138.0,1.0,CLT,10.0,144.0,98.0,46.0,1.0
1281974NYJ,December 8,BUF,12.0,220.0,94.0,126.0,3.0,NYJ,12.0,226.0,131.0,95.0,1.0
12151974RAM,December 15,BUF,8.0,218.0,109.0,109.0,3.0,RAM,21.0,321.0,144.0,177.0,1.0
12221974PIT,December 22,BUF,15.0,264.0,164.0,100.0,1.0,PIT,29.0,438.0,203.0,235.0,0.0
9211975BUF,September 21,BUF,26.0,361.0,52.0,309.0,0.0,NYJ,17.0,261.0,150.0,111.0,5.0
9281975PIT,September 28,BUF,21.0,434.0,124.0,310.0,1.0,PIT,19.0,353.0,231.0,122.0,5.0
1051975BUF,October 5,BUF,29.0,436.0,143.0,293.0,1.0,DEN,13.0,305.0,258.0,47.0,4.0
10121975CLT,October 12,BUF,26.0,424.0,246.0,178.0,2.0,CLT,19.0,349.0,153.0,196.0,1.0
10201975BUF,October 20,BUF,18.0,309.0,138.0,171.0,3.0,NYG,16.0,349.0,214.0,135.0,3.0
10261975BUF,October 26,BUF,21.0,345.0,217.0,128.0,4.0,MIA,25.0,377.0,148.0,229.0,2.0
1121975NYJ,November 2,BUF,22.0,435.0,287.0,148.0,3.0,NYJ,25.0,366.0,167.0,199.0,1.0
1191975BUF,November 9,BUF,20.0,418.0,239.0,179.0,3.0,CLT,25.0,498.0,299.0,199.0,3.0
11171975CIN,November 17,BUF,20.0,335.0,93.0,242.0,2.0,CIN,34.0,553.0,441.0,112.0,1.0
11231975BUF,November 23,BUF,23.0,416.0,263.0,153.0,1.0,NWE,28.0,498.0,360.0,138.0,5.0
11271975CRD,November 27,BUF,25.0,392.0,128.0,264.0,3.0,CRD,16.0,210.0,156.0,54.0,7.0
1271975MIA,December 7,BUF,21.0,385.0,255.0,130.0,2.0,MIA,19.0,296.0,99.0,197.0,0.0
12141975NWE,December 14,BUF,26.0,468.0,119.0,349.0,4.0,NWE,16.0,271.0,185.0,86.0,6.0
12201975BUF,December 20,BUF,20.0,309.0,189.0,120.0,5.0,MIN,28.0,387.0,219.0,168.0,2.0
9131976BUF,September 13,BUF,16.0,383.0,275.0,108.0,0.0,MIA,25.0,401.0,197.0,204.0,3.0
9191976BUF,September 19,BUF,13.0,168.0,79.0,89.0,2.0,OTI,11.0,260.0,52.0,208.0,1.0
9261976TAM,September 26,BUF,14.0,295.0,186.0,109.0,2.0,TAM,15.0,338.0,168.0,170.0,2.0
1031976BUF,October 3,BUF,25.0,446.0,180.0,266.0,0.0,KAN,22.0,502.0,341.0,161.0,6.0
10101976NYJ,October 10,BUF,11.0,205.0,80.0,125.0,5.0,NYJ,20.0,270.0,63.0,207.0,4.0
10171976BUF,October 17,BUF,17.0,344.0,199.0,145.0,2.0,CLT,24.0,415.0,202.0,213.0,2.0
10241976BUF,October 24,BUF,21.0,309.0,100.0,209.0,5.0,NWE,18.0,277.0,93.0,184.0,4.0
10311976BUF,October 31,BUF,17.0,311.0,87.0,224.0,5.0,NYJ,16.0,234.0,79.0,155.0,4.0
1171976NWE,November 7,BUF,20.0,373.0,224.0,149.0,8.0,NWE,16.0,298.0,126.0,172.0,5.0
11151976DAL,November 15,BUF,19.0,250.0,103.0,147.0,1.0,DAL,14.0,228.0,165.0,63.0,1.0
11211976BUF,November 21,BUF,14.0,219.0,71.0,148.0,3.0,SDG,20.0,382.0,198.0,184.0,4.0
11251976DET,November 25,BUF,19.0,322.0,15.0,307.0,3.0,DET,17.0,304.0,111.0,193.0,3.0
1251976MIA,December 5,BUF,23.0,424.0,155.0,269.0,2.0,MIA,19.0,425.0,207.0,218.0,1.0
12121976CLT,December 12,BUF,21.0,355.0,84.0,271.0,5.0,CLT,25.0,396.0,263.0,133.0,2.0
9181977BUF,September 18,BUF,16.0,324.0,197.0,127.0,4.0,MIA,10.0,148.0,52.0,96.0,0.0
9251977DEN,September 25,BUF,8.0,129.0,63.0,66.0,3.0,DEN,17.0,296.0,93.0,203.0,2.0
1021977CLT,October 2,BUF,18.0,302.0,225.0,77.0,5.0,CLT,22.0,309.0,154.0,155.0,1.0
1091977BUF,October 9,BUF,21.0,371.0,199.0,172.0,2.0,NYJ,17.0,366.0,194.0,172.0,3.0
10161977BUF,October 16,BUF,15.0,314.0,96.0,218.0,2.0,ATL,15.0,200.0,86.0,114.0,2.0
10231977BUF,October 23,BUF,20.0,347.0,185.0,162.0,4.0,CLE,26.0,346.0,127.0,219.0,2.0
10301977SEA,October 30,BUF,17.0,336.0,221.0,115.0,3.0,SEA,30.0,559.0,333.0,226.0,3.0
1161977NWE,November 6,BUF,21.0,399.0,175.0,224.0,2.0,NWE,14.0,202.0,113.0,89.0,4.0
11131977BUF,November 13,BUF,12.0,206.0,120.0,86.0,5.0,CLT,18.0,316.0,171.0,145.0,4.0
11201977BUF,November 20,BUF,11.0,209.0,83.0,126.0,2.0,NWE,19.0,329.0,73.0,256.0,1.0
11281977RAI,November 28,BUF,18.0,304.0,239.0,65.0,2.0,RAI,26.0,473.0,166.0,307.0,4.0
1241977BUF,December 4,BUF,19.0,326.0,180.0,146.0,3.0,WAS,18.0,264.0,136.0,128.0,2.0
12111977NYJ,December 11,BUF,26.0,390.0,216.0,174.0,3.0,NYJ,10.0,197.0,140.0,57.0,4.0
12171977MIA,December 17,BUF,24.0,434.0,331.0,103.0,4.0,MIA,18.0,448.0,210.0,238.0,1.0
931978BUF,September 3,BUF,16.0,264.0,164.0,100.0,1.0,PIT,21.0,359.0,217.0,142.0,1.0
9101978BUF,September 10,BUF,17.0,314.0,213.0,101.0,1.0,NYJ,18.0,288.0,171.0,117.0,2.0
9171978MIA,September 17,BUF,17.0,349.0,221.0,128.0,1.0,MIA,18.0,373.0,88.0,285.0,1.0
9241978BUF,September 24,BUF,12.0,247.0,118.0,129.0,1.0,CLT,16.0,307.0,125.0,182.0,3.0
1011978BUF,October 1,BUF,17.0,293.0,176.0,117.0,3.0,KAN,15.0,308.0,70.0,238.0,2.0
1081978NYJ,October 8,BUF,16.0,322.0,185.0,137.0,4.0,NYJ,18.0,278.0,47.0,231.0,1.0
10151978OTI,October 15,BUF,15.0,229.0,80.0,149.0,1.0,OTI,17.0,330.0,152.0,178.0,0.0
10221978BUF,October 22,BUF,12.0,226.0,56.0,170.0,0.0,CIN,16.0,244.0,103.0,141.0,5.0
10291978CLE,October 29,BUF,28.0,283.0,201.0,82.0,3.0,CLE,28.0,532.0,223.0,309.0,1.0
1151978BUF,November 5,BUF,15.0,247.0,107.0,140.0,3.0,NWE,20.0,332.0,53.0,279.0,3.0
11121978BUF,November 12,BUF,16.0,284.0,114.0,170.0,2.0,MIA,20.0,289.0,96.0,193.0,2.0
11191978TAM,November 19,BUF,18.0,211.0,132.0,79.0,5.0,TAM,20.0,312.0,107.0,205.0,2.0
11261978BUF,November 26,BUF,27.0,465.0,99.0,366.0,1.0,NYG,15.0,321.0,222.0,99.0,1.0
1231978KAN,December 3,BUF,16.0,343.0,207.0,136.0,5.0,KAN,21.0,340.0,99.0,241.0,1.0
12101978NWE,December 10,BUF,16.0,307.0,123.0,184.0,2.0,NWE,24.0,403.0,154.0,249.0,3.0
12171978CLT,December 17,BUF,16.0,246.0,53.0,193.0,1.0,CLT,18.0,172.0,33.0,139.0,2.0
921979BUF,September 2,BUF,5.0,121.0,76.0,45.0,1.0,MIA,20.0,293.0,118.0,175.0,1.0
991979BUF,September 9,BUF,23.0,455.0,246.0,209.0,2.0,CIN,16.0,335.0,201.0,134.0,3.0
9161979SDG,September 16,BUF,14.0,298.0,238.0,60.0,0.0,SDG,18.0,339.0,94.0,245.0,1.0
9231979BUF,September 23,BUF,25.0,497.0,348.0,149.0,1.0,NYJ,22.0,416.0,151.0,265.0,4.0
9301979CLT,September 30,BUF,16.0,374.0,308.0,66.0,2.0,CLT,18.0,349.0,265.0,84.0,2.0
1071979BUF,October 7,BUF,7.0,106.0,42.0,64.0,2.0,CHI,15.0,258.0,18.0,240.0,2.0
10141979MIA,October 14,BUF,11.0,178.0,108.0,70.0,1.0,MIA,14.0,279.0,101.0,178.0,1.0
10211979BUF,October 21,BUF,20.0,324.0,242.0,82.0,2.0,CLT,12.0,261.0,151.0,110.0,2.0
10281979DET,October 28,BUF,18.0,424.0,319.0,105.0,3.0,DET,20.0,377.0,169.0,208.0,1.0
1141979BUF,November 4,BUF,15.0,264.0,181.0,83.0,5.0,NWE,20.0,438.0,327.0,111.0,3.0
11111979NYJ,November 11,BUF,15.0,270.0,132.0,138.0,0.0,NYJ,16.0,237.0,170.0,67.0,3.0
11181979BUF,November 18,BUF,20.0,400.0,213.0,187.0,1.0,GNB,14.0,290.0,195.0,95.0,5.0
11251979NWE,November 25,BUF,18.0,281.0,201.0,80.0,2.0,NWE,21.0,309.0,136.0,173.0,4.0
1221979BUF,December 2,BUF,19.0,398.0,298.0,100.0,7.0,DEN,11.0,226.0,129.0,97.0,4.0
1291979MIN,December 9,BUF,18.0,291.0,186.0,105.0,2.0,MIN,12.0,189.0,104.0,85.0,1.0
12161979PIT,December 16,BUF,8.0,156.0,78.0,78.0,3.0,PIT,24.0,415.0,201.0,214.0,4.0
971980BUF,September 7,BUF,22.0,357.0,213.0,144.0,7.0,MIA,13.0,200.0,110.0,90.0,6.0
9141980BUF,September 14,BUF,22.0,362.0,207.0,155.0,1.0,NYJ,17.0,303.0,166.0,137.0,1.0
9211980NOR,September 21,BUF,26.0,410.0,281.0,129.0,2.0,NOR,15.0,316.0,278.0,38.0,0.0
9281980BUF,September 28,BUF,25.0,325.0,160.0,165.0,1.0,RAI,12.0,179.0,109.0,70.0,5.0
1051980SDG,October 5,BUF,14.0,202.0,83.0,119.0,1.0,SDG,19.0,300.0,214.0,86.0,4.0
10121980BUF,October 12,BUF,24.0,363.0,201.0,162.0,1.0,CLT,22.0,355.0,206.0,149.0,2.0
10191980MIA,October 19,BUF,18.0,289.0,221.0,68.0,3.0,MIA,15.0,232.0,83.0,149.0,3.0
10261980BUF,October 26,BUF,21.0,357.0,176.0,181.0,3.0,NWE,8.0,148.0,109.0,39.0,4.0
1121980BUF,November 2,BUF,20.0,364.0,270.0,94.0,5.0,ATL,19.0,311.0,161.0,150.0,3.0
1191980NYJ,November 9,BUF,17.0,274.0,127.0,147.0,0.0,NYJ,18.0,267.0,164.0,103.0,4.0
11161980CIN,November 16,BUF,22.0,306.0,169.0,137.0,4.0,CIN,9.0,213.0,124.0,89.0,2.0
11231980BUF,November 23,BUF,23.0,379.0,201.0,178.0,2.0,PIT,16.0,239.0,155.0,84.0,1.0
11301980CLT,November 30,BUF,24.0,284.0,164.0,120.0,4.0,CLT,14.0,201.0,88.0,113.0,3.0
1271980BUF,December 7,BUF,15.0,272.0,122.0,150.0,2.0,RAM,14.0,215.0,34.0,181.0,3.0
12141980NWE,December 14,BUF,8.0,161.0,53.0,108.0,3.0,NWE,21.0,324.0,129.0,195.0,2.0
12211980SFO,December 21,BUF,16.0,267.0,102.0,165.0,2.0,SFO,19.0,298.0,152.0,146.0,1.0
131981SDG,January 3,BUF,17.0,244.0,147.0,97.0,3.0,SDG,21.0,397.0,301.0,96.0,3.0
961981BUF,September 6,BUF,25.0,418.0,236.0,182.0,1.0,NYJ,8.0,231.0,129.0,102.0,2.0
9131981CLT,September 13,BUF,26.0,430.0,261.0,169.0,3.0,CLT,11.0,147.0,74.0,73.0,3.0
9171981BUF,September 17,BUF,17.0,277.0,187.0,90.0,3.0,PHI,24.0,396.0,236.0,160.0,3.0
9271981CIN,September 27,BUF,25.0,389.0,287.0,102.0,1.0,CIN,30.0,429.0,316.0,113.0,2.0
1041981BUF,October 4,BUF,22.0,366.0,137.0,229.0,1.0,CLT,23.0,378.0,245.0,133.0,2.0
10121981BUF,October 12,BUF,22.0,454.0,338.0,116.0,1.0,MIA,22.0,324.0,225.0,99.0,4.0
10181981NYJ,October 18,BUF,14.0,288.0,242.0,46.0,3.0,NYJ,21.0,374.0,174.0,200.0,1.0
10251981BUF,October 25,BUF,17.0,323.0,204.0,119.0,2.0,DEN,10.0,161.0,97.0,64.0,0.0
1111981BUF,November 1,BUF,21.0,469.0,297.0,172.0,5.0,CLE,14.0,211.0,140.0,71.0,3.0
1191981DAL,November 9,BUF,18.0,365.0,310.0,55.0,5.0,DAL,21.0,398.0,202.0,196.0,3.0
11151981CRD,November 15,BUF,17.0,311.0,226.0,85.0,6.0,CRD,22.0,338.0,80.0,258.0,1.0
11221981BUF,November 22,BUF,19.0,434.0,249.0,185.0,2.0,NWE,11.0,297.0,181.0,116.0,2.0
11291981BUF,November 29,BUF,18.0,229.0,41.0,188.0,2.0,WAS,19.0,293.0,202.0,91.0,5.0
1261981SDG,December 6,BUF,19.0,318.0,234.0,84.0,0.0,SDG,28.0,482.0,337.0,145.0,2.0
12131981NWE,December 13,BUF,20.0,329.0,137.0,192.0,0.0,NWE,16.0,204.0,107.0,97.0,2.0
12191981MIA,December 19,BUF,15.0,240.0,129.0,111.0,3.0,MIA,18.0,282.0,125.0,157.0,1.0
12271981NYJ,December 27,BUF,15.0,321.0,230.0,91.0,4.0,NYJ,23.0,419.0,348.0,71.0,5.0
131982CIN,January 3,BUF,21.0,336.0,202.0,134.0,2.0,CIN,22.0,305.0,169.0,136.0,0.0
9121982BUF,September 12,BUF,17.0,259.0,158.0,101.0,0.0,KAN,17.0,229.0,125.0,104.0,2.0
9161982BUF,September 16,BUF,26.0,451.0,317.0,134.0,2.0,MIN,22.0,371.0,258.0,113.0,1.0
11211982BUF,November 21,BUF,18.0,258.0,126.0,132.0,7.0,MIA,13.0,249.0,127.0,122.0,2.0
11281982BUF,November 28,BUF,21.0,312.0,67.0,245.0,0.0,CLT,6.0,88.0,52.0,36.0,1.0
1251982GNB,December 5,BUF,23.0,336.0,194.0,142.0,5.0,GNB,19.0,301.0,195.0,106.0,3.0
12121982BUF,December 12,BUF,20.0,339.0,155.0,184.0,2.0,PIT,6.0,94.0,-2.0,96.0,4.0
12191982TAM,December 19,BUF,21.0,318.0,152.0,166.0,5.0,TAM,22.0,342.0,204.0,138.0,4.0
12271982MIA,December 27,BUF,17.0,301.0,163.0,138.0,4.0,MIA,17.0,242.0,81.0,161.0,3.0
121983NWE,January 2,BUF,17.0,353.0,224.0,129.0,1.0,NWE,29.0,418.0,260.0,158.0,1.0
941983BUF,September 4,BUF,14.0,258.0,172.0,86.0,2.0,MIA,13.0,177.0,26.0,151.0,1.0
9111983CIN,September 11,BUF,21.0,267.0,157.0,110.0,0.0,CIN,15.0,281.0,201.0,80.0,0.0
9181983BUF,September 18,BUF,27.0,322.0,177.0,145.0,0.0,CLT,17.0,372.0,225.0,147.0,1.0
9251983BUF,September 25,BUF,21.0,333.0,105.0,228.0,2.0,OTI,23.0,382.0,201.0,181.0,2.0
1031983BUF,October 3,BUF,16.0,216.0,151.0,65.0,5.0,NYJ,24.0,416.0,206.0,210.0,2.0
1091983MIA,October 9,BUF,28.0,483.0,407.0,76.0,2.0,MIA,31.0,488.0,335.0,153.0,2.0
10161983CLT,October 16,BUF,23.0,401.0,230.0,171.0,0.0,CLT,13.0,284.0,73.0,211.0,4.0
10231983BUF,October 23,BUF,14.0,292.0,199.0,93.0,3.0,NWE,21.0,444.0,244.0,200.0,0.0
10301983BUF,October 30,BUF,22.0,301.0,169.0,132.0,0.0,NOR,20.0,389.0,256.0,133.0,3.0
1161983NWE,November 6,BUF,20.0,263.0,186.0,77.0,4.0,NWE,19.0,450.0,251.0,199.0,4.0
11131983NYJ,November 13,BUF,20.0,314.0,245.0,69.0,2.0,NYJ,18.0,325.0,236.0,89.0,3.0
11201983BUF,November 20,BUF,15.0,184.0,116.0,68.0,3.0,RAI,27.0,401.0,232.0,169.0,3.0
11271983RAM,November 27,BUF,22.0,345.0,271.0,74.0,5.0,RAM,24.0,355.0,202.0,153.0,1.0
1241983KAN,December 4,BUF,16.0,264.0,76.0,188.0,3.0,KAN,23.0,341.0,284.0,57.0,2.0
12111983BUF,December 11,BUF,16.0,303.0,183.0,120.0,5.0,SFO,19.0,310.0,183.0,127.0,1.0
12181983ATL,December 18,BUF,14.0,277.0,243.0,34.0,4.0,ATL,25.0,394.0,151.0,243.0,2.0
921984BUF,September 2,BUF,24.0,326.0,232.0,94.0,1.0,NWE,16.0,315.0,213.0,102.0,2.0
991984CRD,September 9,BUF,9.0,171.0,117.0,54.0,3.0,CRD,28.0,486.0,265.0,221.0,0.0
9171984BUF,September 17,BUF,16.0,296.0,228.0,68.0,2.0,MIA,23.0,368.0,296.0,72.0,3.0
9231984BUF,September 23,BUF,24.0,391.0,304.0,87.0,1.0,NYJ,23.0,391.0,248.0,143.0,3.0
9301984CLT,September 30,BUF,23.0,348.0,173.0,175.0,3.0,CLT,21.0,330.0,142.0,188.0,1.0
1071984BUF,October 7,BUF,20.0,278.0,150.0,128.0,2.0,PHI,23.0,339.0,228.0,111.0,0.0
10141984SEA,October 14,BUF,19.0,356.0,214.0,142.0,4.0,SEA,15.0,238.0,197.0,41.0,3.0
10211984BUF,October 21,BUF,10.0,226.0,155.0,71.0,5.0,DEN,24.0,339.0,232.0,107.0,0.0
10281984MIA,October 28,BUF,15.0,273.0,170.0,103.0,4.0,MIA,28.0,493.0,302.0,191.0,3.0
1141984BUF,November 4,BUF,13.0,183.0,77.0,106.0,2.0,CLE,16.0,284.0,73.0,211.0,3.0
11111984NWE,November 11,BUF,12.0,189.0,112.0,77.0,4.0,NWE,21.0,278.0,210.0,68.0,3.0
11181984BUF,November 18,BUF,14.0,307.0,104.0,203.0,2.0,DAL,19.0,297.0,219.0,78.0,3.0
11251984WAS,November 25,BUF,13.0,171.0,86.0,85.0,3.0,WAS,27.0,421.0,305.0,116.0,3.0
1221984BUF,December 2,BUF,15.0,259.0,155.0,104.0,2.0,CLT,13.0,241.0,125.0,116.0,4.0
1281984NYJ,December 8,BUF,11.0,222.0,140.0,82.0,3.0,NYJ,21.0,343.0,203.0,140.0,4.0
12161984CIN,December 16,BUF,25.0,345.0,281.0,64.0,3.0,CIN,27.0,419.0,218.0,201.0,2.0
981985BUF,September 8,BUF,19.0,455.0,371.0,84.0,3.0,SDG,17.0,308.0,208.0,100.0,2.0
9151985NYJ,September 15,BUF,16.0,270.0,188.0,82.0,5.0,NYJ,27.0,532.0,244.0,288.0,0.0
9221985BUF,September 22,BUF,16.0,306.0,251.0,55.0,1.0,NWE,14.0,227.0,105.0,122.0,2.0
9291985BUF,September 29,BUF,20.0,277.0,162.0,115.0,2.0,MIN,19.0,338.0,167.0,171.0,1.0
1061985CLT,October 6,BUF,15.0,252.0,184.0,68.0,3.0,CLT,28.0,464.0,183.0,281.0,1.0
10131985NWE,October 13,BUF,13.0,162.0,90.0,72.0,4.0,NWE,18.0,400.0,318.0,82.0,4.0
10201985BUF,October 20,BUF,13.0,182.0,61.0,121.0,3.0,CLT,14.0,191.0,65.0,126.0,3.0
10271985PHI,October 27,BUF,17.0,339.0,211.0,128.0,2.0,PHI,16.0,275.0,237.0,38.0,1.0
1131985BUF,November 3,BUF,16.0,268.0,173.0,95.0,3.0,CIN,21.0,389.0,182.0,207.0,2.0
11101985BUF,November 10,BUF,18.0,207.0,60.0,147.0,2.0,OTI,7.0,142.0,31.0,111.0,6.0
11171985CLE,November 17,BUF,13.0,217.0,162.0,55.0,3.0,CLE,17.0,294.0,93.0,201.0,1.0
11241985BUF,November 24,BUF,12.0,255.0,161.0,94.0,1.0,MIA,28.0,388.0,216.0,172.0,2.0
1211985SDG,December 1,BUF,21.0,347.0,238.0,109.0,5.0,SDG,21.0,365.0,269.0,96.0,3.0
1281985BUF,December 8,BUF,22.0,436.0,350.0,86.0,4.0,NYJ,24.0,485.0,367.0,118.0,2.0
12151985PIT,December 15,BUF,14.0,323.0,134.0,189.0,5.0,PIT,25.0,434.0,264.0,170.0,3.0
12221985MIA,December 22,BUF,11.0,299.0,188.0,111.0,6.0,MIA,24.0,308.0,129.0,179.0,2.0
971986BUF,September 7,BUF,19.0,368.0,289.0,79.0,2.0,NYJ,19.0,390.0,287.0,103.0,0.0
9141986CIN,September 14,BUF,20.0,378.0,207.0,171.0,2.0,CIN,22.0,405.0,240.0,165.0,3.0
9211986BUF,September 21,BUF,10.0,176.0,82.0,94.0,1.0,CRD,25.0,381.0,259.0,122.0,1.0
9281986BUF,September 28,BUF,24.0,366.0,269.0,97.0,4.0,KAN,20.0,327.0,201.0,126.0,1.0
1051986NYJ,October 5,BUF,16.0,320.0,194.0,126.0,1.0,NYJ,20.0,382.0,272.0,110.0,1.0
10121986MIA,October 12,BUF,18.0,305.0,197.0,108.0,4.0,MIA,27.0,447.0,328.0,119.0,3.0
10191986BUF,October 19,BUF,21.0,364.0,243.0,121.0,3.0,CLT,20.0,297.0,167.0,130.0,2.0
10261986BUF,October 26,BUF,16.0,224.0,147.0,77.0,4.0,NWE,20.0,298.0,173.0,125.0,1.0
1121986TAM,November 2,BUF,23.0,403.0,324.0,79.0,3.0,TAM,20.0,306.0,171.0,135.0,0.0
1191986BUF,November 9,BUF,18.0,248.0,76.0,172.0,1.0,PIT,11.0,185.0,132.0,53.0,1.0
11161986BUF,November 16,BUF,14.0,261.0,181.0,80.0,1.0,MIA,29.0,474.0,389.0,85.0,0.0
11231986NWE,November 23,BUF,13.0,241.0,192.0,49.0,3.0,NWE,17.0,261.0,193.0,68.0,1.0
11301986KAN,November 30,BUF,25.0,336.0,172.0,164.0,2.0,KAN,26.0,346.0,273.0,73.0,3.0
1271986BUF,December 7,BUF,17.0,391.0,308.0,83.0,3.0,CLE,21.0,371.0,230.0,141.0,1.0
12141986CLT,December 14,BUF,18.0,358.0,264.0,94.0,3.0,CLT,21.0,375.0,296.0,79.0,0.0
12211986OTI,December 21,BUF,19.0,278.0,218.0,60.0,2.0,OTI,16.0,278.0,191.0,87.0,0.0
9131987BUF,September 13,BUF,23.0,359.0,292.0,67.0,1.0,NYJ,26.0,394.0,261.0,133.0,1.0
9201987BUF,September 20,BUF,30.0,383.0,248.0,135.0,2.0,OTI,19.0,327.0,130.0,197.0,1.0
10251987MIA,October 25,BUF,29.0,474.0,330.0,144.0,0.0,MIA,21.0,366.0,296.0,70.0,2.0
1111987BUF,November 1,BUF,14.0,280.0,259.0,21.0,4.0,WAS,24.0,406.0,107.0,299.0,1.0
1181987BUF,November 8,BUF,25.0,428.0,170.0,258.0,3.0,DEN,12.0,215.0,139.0,76.0,2.0
11151987CLE,November 15,BUF,17.0,267.0,206.0,61.0,2.0,CLE,24.0,421.0,337.0,84.0,3.0
11221987NYJ,November 22,BUF,15.0,331.0,204.0,127.0,1.0,NYJ,21.0,318.0,192.0,126.0,1.0
11291987BUF,November 29,BUF,21.0,446.0,217.0,229.0,0.0,MIA,13.0,229.0,206.0,23.0,3.0
1261987RAI,December 6,BUF,19.0,387.0,303.0,84.0,1.0,RAI,29.0,494.0,350.0,144.0,0.0
12131987CLT,December 13,BUF,25.0,385.0,167.0,218.0,4.0,CLT,9.0,130.0,97.0,33.0,6.0
12201987BUF,December 20,BUF,12.0,148.0,64.0,84.0,2.0,NWE,15.0,235.0,85.0,150.0,3.0
12271987PHI,December 27,BUF,14.0,191.0,134.0,57.0,4.0,PHI,22.0,344.0,134.0,210.0,3.0
941988BUF,September 4,BUF,18.0,310.0,196.0,114.0,1.0,MIN,21.0,300.0,170.0,130.0,2.0
9111988BUF,September 11,BUF,15.0,319.0,215.0,104.0,4.0,MIA,16.0,334.0,219.0,115.0,2.0
9181988NWE,September 18,BUF,18.0,254.0,149.0,105.0,2.0,NWE,14.0,264.0,159.0,105.0,3.0
9251988BUF,September 25,BUF,22.0,398.0,282.0,116.0,3.0,PIT,25.0,408.0,314.0,94.0,5.0
1021988CHI,October 2,BUF,13.0,217.0,217.0,0.0,1.0,CHI,22.0,423.0,260.0,163.0,2.0
1091988BUF,October 9,BUF,25.0,456.0,315.0,141.0,3.0,CLT,25.0,308.0,241.0,67.0,3.0
10171988NYJ,October 17,BUF,24.0,427.0,292.0,135.0,1.0,NYJ,10.0,199.0,154.0,45.0,2.0
10231988BUF,October 23,BUF,18.0,339.0,149.0,190.0,4.0,NWE,20.0,223.0,47.0,176.0,0.0
10301988BUF,October 30,BUF,18.0,261.0,66.0,195.0,3.0,GNB,10.0,131.0,54.0,77.0,4.0
1161988SEA,November 6,BUF,18.0,336.0,194.0,142.0,2.0,SEA,10.0,145.0,73.0,72.0,2.0
11141988MIA,November 14,BUF,29.0,416.0,211.0,205.0,0.0,MIA,15.0,257.0,224.0,33.0,3.0
11201988BUF,November 20,BUF,20.0,341.0,112.0,229.0,2.0,NYJ,16.0,259.0,119.0,140.0,1.0
11271988CIN,November 27,BUF,21.0,353.0,243.0,110.0,4.0,CIN,34.0,455.0,223.0,232.0,0.0
1241988TAM,December 4,BUF,16.0,273.0,234.0,39.0,2.0,TAM,19.0,253.0,143.0,110.0,0.0
12111988BUF,December 11,BUF,24.0,367.0,112.0,255.0,0.0,RAI,17.0,318.0,207.0,111.0,3.0
12181988CLT,December 18,BUF,14.0,248.0,195.0,53.0,1.0,CLT,25.0,301.0,117.0,184.0,0.0
111989BUF,January 1,BUF,18.0,372.0,237.0,135.0,1.0,OTI,20.0,351.0,226.0,125.0,3.0
181989CIN,January 8,BUF,10.0,181.0,136.0,45.0,3.0,CIN,23.0,249.0,74.0,175.0,2.0
9101989MIA,September 10,BUF,27.0,367.0,226.0,141.0,2.0,MIA,20.0,323.0,255.0,68.0,4.0
9181989BUF,September 18,BUF,28.0,413.0,319.0,94.0,4.0,DEN,26.0,382.0,181.0,201.0,2.0
9241989OTI,September 24,BUF,22.0,449.0,337.0,112.0,1.0,OTI,33.0,439.0,311.0,128.0,2.0
1011989BUF,October 1,BUF,16.0,371.0,256.0,115.0,1.0,NWE,17.0,279.0,155.0,124.0,1.0
1081989CLT,October 8,BUF,25.0,424.0,353.0,71.0,6.0,CLT,20.0,330.0,177.0,153.0,1.0
10161989BUF,October 16,BUF,17.0,348.0,214.0,134.0,4.0,RAM,15.0,266.0,207.0,59.0,2.0
10221989BUF,October 22,BUF,22.0,343.0,139.0,204.0,0.0,NYJ,9.0,154.0,115.0,39.0,3.0
10291989BUF,October 29,BUF,18.0,394.0,114.0,280.0,1.0,MIA,19.0,413.0,348.0,65.0,3.0
1151989ATL,November 5,BUF,19.0,329.0,211.0,118.0,2.0,ATL,20.0,340.0,213.0,127.0,0.0
11121989BUF,November 12,BUF,26.0,393.0,161.0,232.0,0.0,CLT,13.0,189.0,103.0,86.0,3.0
11191989NWE,November 19,BUF,24.0,424.0,340.0,84.0,6.0,NWE,19.0,359.0,167.0,192.0,4.0
11261989BUF,November 26,BUF,18.0,345.0,117.0,228.0,2.0,CIN,16.0,298.0,133.0,165.0,3.0
1241989SEA,December 4,BUF,11.0,232.0,135.0,97.0,2.0,SEA,22.0,355.0,277.0,78.0,2.0
12101989BUF,December 10,BUF,16.0,279.0,204.0,75.0,4.0,NOR,21.0,436.0,286.0,150.0,2.0
12171989SFO,December 17,BUF,17.0,301.0,255.0,46.0,5.0,SFO,18.0,283.0,132.0,151.0,2.0
12231989NYJ,December 23,BUF,28.0,441.0,208.0,233.0,1.0,NYJ,11.0,200.0,146.0,54.0,2.0
161990CLE,January 6,BUF,24.0,453.0,404.0,49.0,3.0,CLE,18.0,325.0,235.0,90.0,1.0
991990BUF,September 9,BUF,24.0,383.0,283.0,100.0,1.0,CLT,15.0,229.0,173.0,56.0,2.0
9161990MIA,September 16,BUF,12.0,205.0,161.0,44.0,3.0,MIA,19.0,305.0,177.0,128.0,1.0
9241990NYJ,September 24,BUF,23.0,451.0,159.0,292.0,1.0,NYJ,17.0,249.0,125.0,124.0,2.0
9301990BUF,September 30,BUF,15.0,197.0,133.0,64.0,3.0,DEN,28.0,410.0,202.0,208.0,5.0
1071990BUF,October 7,BUF,14.0,280.0,182.0,98.0,2.0,RAI,22.0,347.0,225.0,122.0,4.0
10211990BUF,October 21,BUF,24.0,405.0,276.0,129.0,1.0,NYJ,23.0,342.0,192.0,150.0,1.0
10281990NWE,October 28,BUF,19.0,353.0,192.0,161.0,0.0,NWE,17.0,262.0,154.0,108.0,3.0
1141990CLE,November 4,BUF,24.0,310.0,208.0,102.0,0.0,CLE,10.0,234.0,191.0,43.0,2.0
11111990BUF,November 11,BUF,20.0,360.0,154.0,206.0,2.0,CRD,11.0,127.0,46.0,81.0,4.0
11181990BUF,November 18,BUF,14.0,276.0,67.0,209.0,0.0,NWE,18.0,286.0,196.0,90.0,2.0
11261990OTI,November 26,BUF,24.0,289.0,210.0,79.0,1.0,OTI,21.0,411.0,283.0,128.0,1.0
1221990BUF,December 2,BUF,13.0,393.0,334.0,59.0,1.0,PHI,19.0,357.0,181.0,176.0,2.0
1291990CLT,December 9,BUF,23.0,408.0,247.0,161.0,1.0,CLT,12.0,127.0,52.0,75.0,3.0
12151990NYG,December 15,BUF,13.0,264.0,199.0,65.0,0.0,NYG,20.0,313.0,156.0,157.0,0.0
12231990BUF,December 23,BUF,25.0,429.0,223.0,206.0,1.0,MIA,20.0,309.0,274.0,35.0,2.0
12301990WAS,December 30,BUF,15.0,273.0,168.0,105.0,4.0,WAS,16.0,299.0,172.0,127.0,1.0
1121991BUF,January 12,BUF,24.0,493.0,339.0,154.0,2.0,MIA,24.0,430.0,323.0,107.0,3.0
1201991BUF,January 20,BUF,30.0,502.0,300.0,202.0,1.0,RAI,21.0,320.0,169.0,151.0,7.0
1271991BUF,January 27,BUF,18.0,371.0,205.0,166.0,0.0,NYG,24.0,386.0,214.0,172.0,0.0
911991BUF,September 1,BUF,33.0,582.0,397.0,185.0,2.0,MIA,23.0,396.0,250.0,146.0,1.0
981991BUF,September 8,BUF,31.0,537.0,343.0,194.0,3.0,PIT,14.0,265.0,113.0,152.0,1.0
9151991NYJ,September 15,BUF,22.0,304.0,240.0,64.0,2.0,NYJ,25.0,388.0,220.0,168.0,2.0
9221991TAM,September 22,BUF,19.0,421.0,301.0,120.0,2.0,TAM,22.0,303.0,165.0,138.0,1.0
9291991BUF,September 29,BUF,22.0,422.0,280.0,142.0,1.0,CHI,20.0,353.0,269.0,84.0,1.0
1071991KAN,October 7,BUF,11.0,211.0,146.0,65.0,5.0,KAN,26.0,389.0,150.0,239.0,2.0
10131991BUF,October 13,BUF,23.0,396.0,120.0,276.0,2.0,CLT,20.0,240.0,174.0,66.0,3.0
10211991BUF,October 21,BUF,19.0,487.0,392.0,95.0,3.0,CIN,24.0,411.0,224.0,187.0,2.0
1131991BUF,November 3,BUF,20.0,388.0,235.0,153.0,4.0,NWE,17.0,265.0,143.0,122.0,3.0
11101991GNB,November 10,BUF,27.0,370.0,223.0,147.0,0.0,GNB,23.0,381.0,297.0,84.0,2.0
11181991MIA,November 18,BUF,27.0,433.0,171.0,262.0,0.0,MIA,25.0,392.0,317.0,75.0,5.0
11241991NWE,November 24,BUF,20.0,308.0,168.0,140.0,5.0,NWE,18.0,312.0,230.0,82.0,2.0
1211991BUF,December 1,BUF,24.0,394.0,242.0,152.0,4.0,NYJ,20.0,293.0,172.0,121.0,3.0
1281991RAI,December 8,BUF,25.0,409.0,330.0,79.0,1.0,RAI,18.0,386.0,250.0,136.0,3.0
12151991CLT,December 15,BUF,22.0,315.0,159.0,156.0,0.0,CLT,18.0,328.0,195.0,133.0,3.0
12221991BUF,December 22,BUF,14.0,275.0,124.0,151.0,1.0,DET,22.0,356.0,245.0,111.0,3.0
151992BUF,January 5,BUF,29.0,448.0,268.0,180.0,3.0,KAN,14.0,213.0,136.0,77.0,4.0
1121992BUF,January 12,BUF,12.0,213.0,109.0,104.0,2.0,DEN,20.0,304.0,223.0,81.0,2.0
1261992WAS,January 26,BUF,25.0,283.0,240.0,43.0,5.0,WAS,24.0,417.0,292.0,125.0,1.0
961992BUF,September 6,BUF,23.0,363.0,156.0,207.0,1.0,RAM,15.0,215.0,149.0,66.0,4.0
9131992SFO,September 13,BUF,25.0,488.0,381.0,107.0,3.0,SFO,26.0,598.0,439.0,159.0,3.0
9201992BUF,September 20,BUF,24.0,380.0,211.0,169.0,2.0,CLT,9.0,140.0,103.0,37.0,3.0
9271992NWE,September 27,BUF,23.0,490.0,308.0,182.0,1.0,NWE,16.0,265.0,196.0,69.0,3.0
1041992BUF,October 4,BUF,26.0,400.0,337.0,63.0,5.0,MIA,20.0,362.0,282.0,80.0,1.0
10111992RAI,October 11,BUF,22.0,350.0,258.0,92.0,2.0,RAI,16.0,248.0,156.0,92.0,2.0
10261992NYJ,October 26,BUF,21.0,373.0,208.0,165.0,2.0,NYJ,22.0,326.0,184.0,142.0,2.0
1111992BUF,November 1,BUF,20.0,288.0,199.0,89.0,3.0,NWE,14.0,196.0,127.0,69.0,3.0
1181992BUF,November 8,BUF,31.0,458.0,284.0,174.0,2.0,PIT,17.0,233.0,146.0,87.0,0.0
11161992MIA,November 16,BUF,26.0,323.0,212.0,111.0,0.0,MIA,20.0,350.0,286.0,64.0,2.0
11221992BUF,November 22,BUF,19.0,412.0,97.0,315.0,1.0,ATL,11.0,174.0,128.0,46.0,1.0
11291992CLT,November 29,BUF,16.0,312.0,176.0,136.0,2.0,CLT,22.0,412.0,305.0,107.0,1.0
1261992BUF,December 6,BUF,21.0,351.0,204.0,147.0,4.0,NYJ,17.0,275.0,151.0,124.0,1.0
12121992BUF,December 12,BUF,17.0,361.0,210.0,151.0,4.0,DEN,24.0,320.0,222.0,98.0,5.0
12201992NOR,December 20,BUF,19.0,307.0,126.0,181.0,2.0,NOR,12.0,205.0,157.0,48.0,3.0
12271992OTI,December 27,BUF,17.0,237.0,90.0,147.0,4.0,OTI,17.0,285.0,178.0,107.0,1.0
131993BUF,January 3,BUF,19.0,366.0,268.0,98.0,1.0,OTI,27.0,429.0,347.0,82.0,2.0
191993PIT,January 9,BUF,19.0,325.0,156.0,169.0,0.0,PIT,18.0,240.0,111.0,129.0,3.0
1171993MIA,January 17,BUF,20.0,358.0,176.0,182.0,2.0,MIA,15.0,276.0,243.0,33.0,5.0
1311993DAL,January 31,BUF,22.0,362.0,254.0,108.0,9.0,DAL,20.0,408.0,271.0,137.0,1.0
951993BUF,September 5,BUF,20.0,334.0,157.0,177.0,1.0,NWE,15.0,268.0,135.0,133.0,3.0
9121993DAL,September 12,BUF,16.0,229.0,129.0,100.0,2.0,DAL,23.0,393.0,290.0,103.0,4.0
9261993BUF,September 26,BUF,16.0,282.0,176.0,106.0,2.0,MIA,23.0,412.0,275.0,137.0,2.0
1031993BUF,October 3,BUF,17.0,251.0,112.0,139.0,2.0,NYG,19.0,299.0,153.0,146.0,4.0
10111993BUF,October 11,BUF,23.0,382.0,241.0,141.0,1.0,OTI,18.0,329.0,245.0,84.0,7.0
10241993NYJ,October 24,BUF,27.0,413.0,216.0,197.0,3.0,NYJ,15.0,237.0,159.0,78.0,4.0
1111993BUF,November 1,BUF,22.0,402.0,238.0,164.0,2.0,WAS,21.0,309.0,169.0,140.0,4.0
1171993NWE,November 7,BUF,25.0,432.0,298.0,134.0,3.0,NWE,17.0,284.0,97.0,187.0,1.0
11151993PIT,November 15,BUF,9.0,157.0,110.0,47.0,1.0,PIT,26.0,400.0,173.0,227.0,0.0
11211993BUF,November 21,BUF,21.0,403.0,268.0,135.0,2.0,CLT,21.0,365.0,252.0,113.0,2.0
11281993KAN,November 28,BUF,17.0,256.0,213.0,43.0,4.0,KAN,19.0,314.0,208.0,106.0,2.0
1251993BUF,December 5,BUF,19.0,367.0,276.0,91.0,2.0,RAI,25.0,399.0,261.0,138.0,0.0
12121993PHI,December 12,BUF,19.0,335.0,234.0,101.0,4.0,PHI,21.0,368.0,298.0,70.0,4.0
12191993MIA,December 19,BUF,28.0,374.0,245.0,129.0,2.0,MIA,24.0,423.0,400.0,23.0,5.0
12261993BUF,December 26,BUF,19.0,346.0,256.0,90.0,3.0,NYJ,19.0,352.0,232.0,120.0,1.0
121994CLT,January 2,BUF,19.0,297.0,148.0,149.0,1.0,CLT,25.0,402.0,286.0,116.0,4.0
1151994BUF,January 15,BUF,25.0,355.0,280.0,75.0,1.0,RAI,15.0,325.0,215.0,110.0,1.0
1231994BUF,January 23,BUF,30.0,389.0,160.0,229.0,1.0,KAN,22.0,338.0,286.0,52.0,2.0
1301994DAL,January 30,BUF,22.0,314.0,227.0,87.0,3.0,DAL,20.0,341.0,204.0,137.0,1.0
941994BUF,September 4,BUF,13.0,209.0,166.0,43.0,3.0,NYJ,17.0,330.0,214.0,116.0,1.0
9111994NWE,September 11,BUF,25.0,466.0,322.0,144.0,4.0,NWE,26.0,467.0,371.0,96.0,5.0
9181994OTI,September 18,BUF,17.0,298.0,183.0,115.0,1.0,OTI,13.0,256.0,159.0,97.0,3.0
9261994BUF,September 26,BUF,19.0,315.0,166.0,149.0,1.0,DEN,21.0,337.0,260.0,77.0,2.0
1021994CHI,October 2,BUF,13.0,204.0,99.0,105.0,3.0,CHI,17.0,261.0,150.0,111.0,1.0
1091994BUF,October 9,BUF,25.0,344.0,130.0,214.0,2.0,MIA,19.0,326.0,212.0,114.0,1.0
10161994BUF,October 16,BUF,22.0,329.0,250.0,79.0,2.0,CLT,20.0,325.0,231.0,94.0,0.0
10301994BUF,October 30,BUF,17.0,357.0,180.0,177.0,0.0,KAN,16.0,266.0,179.0,87.0,5.0
1161994NYJ,November 6,BUF,18.0,282.0,187.0,95.0,2.0,NYJ,17.0,268.0,174.0,94.0,1.0
11141994PIT,November 14,BUF,24.0,326.0,198.0,128.0,3.0,PIT,10.0,226.0,140.0,86.0,1.0
11201994BUF,November 20,BUF,27.0,455.0,347.0,108.0,1.0,GNB,18.0,266.0,205.0,61.0,1.0
11241994DET,November 24,BUF,25.0,367.0,246.0,121.0,2.0,DET,20.0,388.0,341.0,47.0,0.0
1241994MIA,December 4,BUF,19.0,398.0,322.0,76.0,2.0,MIA,25.0,460.0,387.0,73.0,4.0
12111994BUF,December 11,BUF,19.0,268.0,183.0,85.0,1.0,MIN,20.0,377.0,261.0,116.0,1.0
12181994BUF,December 18,BUF,16.0,326.0,191.0,135.0,5.0,NWE,22.0,377.0,276.0,101.0,0.0
12241994CLT,December 24,BUF,20.0,300.0,243.0,57.0,2.0,CLT,13.0,245.0,100.0,145.0,2.0
931995DEN,September 3,BUF,14.0,234.0,174.0,60.0,0.0,DEN,24.0,439.0,299.0,140.0,1.0
9101995BUF,September 10,BUF,16.0,348.0,176.0,172.0,3.0,CAR,6.0,113.0,12.0,101.0,1.0
9171995BUF,September 17,BUF,17.0,261.0,201.0,60.0,1.0,CLT,17.0,296.0,205.0,91.0,1.0
1021995CLE,October 2,BUF,23.0,406.0,246.0,160.0,2.0,CLE,16.0,294.0,204.0,90.0,1.0
1081995BUF,October 8,BUF,22.0,318.0,98.0,220.0,2.0,NYJ,14.0,173.0,122.0,51.0,4.0
10151995BUF,October 15,BUF,23.0,374.0,259.0,115.0,0.0,SEA,16.0,268.0,190.0,78.0,4.0
10231995NWE,October 23,BUF,14.0,301.0,186.0,115.0,3.0,NWE,24.0,423.0,262.0,161.0,1.0
10291995MIA,October 29,BUF,11.0,186.0,139.0,47.0,0.0,MIA,21.0,362.0,214.0,148.0,0.0
1151995CLT,November 5,BUF,12.0,324.0,244.0,80.0,0.0,CLT,16.0,319.0,219.0,100.0,3.0
11121995BUF,November 12,BUF,27.0,415.0,261.0,154.0,2.0,ATL,18.0,319.0,252.0,67.0,2.0
11191995NYJ,November 19,BUF,20.0,373.0,285.0,88.0,1.0,NYJ,17.0,351.0,277.0,74.0,3.0
11261995BUF,November 26,BUF,19.0,334.0,202.0,132.0,3.0,NWE,26.0,430.0,257.0,173.0,3.0
1231995SFO,December 3,BUF,15.0,275.0,191.0,84.0,5.0,SFO,18.0,323.0,221.0,102.0,1.0
12101995RAM,December 10,BUF,28.0,454.0,232.0,222.0,1.0,RAM,27.0,450.0,377.0,73.0,1.0
12171995BUF,December 17,BUF,24.0,342.0,134.0,208.0,2.0,MIA,12.0,269.0,227.0,42.0,1.0
12241995BUF,December 24,BUF,15.0,172.0,96.0,76.0,1.0,OTI,15.0,299.0,164.0,135.0,1.0
12301995BUF,December 30,BUF,27.0,536.0,195.0,341.0,2.0,MIA,26.0,502.0,432.0,70.0,4.0
161996PIT,January 6,BUF,18.0,250.0,156.0,94.0,4.0,PIT,23.0,409.0,262.0,147.0,2.0
911996NYG,September 1,BUF,25.0,410.0,257.0,153.0,2.0,NYG,12.0,231.0,138.0,93.0,1.0
981996BUF,September 8,BUF,15.0,231.0,154.0,77.0,3.0,NWE,23.0,293.0,179.0,114.0,2.0
9161996PIT,September 16,BUF,11.0,185.0,99.0,86.0,4.0,PIT,22.0,382.0,160.0,222.0,1.0
9221996BUF,September 22,BUF,14.0,224.0,89.0,135.0,2.0,DAL,12.0,192.0,160.0,32.0,4.0
1061996BUF,October 6,BUF,20.0,412.0,299.0,113.0,1.0,CLT,16.0,249.0,163.0,86.0,0.0
10131996BUF,October 13,BUF,17.0,296.0,191.0,105.0,4.0,MIA,15.0,239.0,176.0,63.0,0.0
10201996NYJ,October 20,BUF,23.0,333.0,195.0,138.0,1.0,NYJ,19.0,317.0,253.0,64.0,4.0
10271996NWE,October 27,BUF,18.0,337.0,196.0,141.0,1.0,NWE,23.0,417.0,358.0,59.0,1.0
1131996BUF,November 3,BUF,31.0,476.0,210.0,266.0,0.0,WAS,16.0,234.0,159.0,75.0,2.0
11101996PHI,November 10,BUF,18.0,252.0,112.0,140.0,2.0,PHI,25.0,385.0,274.0,111.0,1.0
11171996BUF,November 17,BUF,23.0,308.0,174.0,134.0,2.0,CIN,13.0,224.0,105.0,119.0,4.0
11241996BUF,November 24,BUF,17.0,348.0,267.0,81.0,2.0,NYJ,22.0,341.0,229.0,112.0,5.0
1211996CLT,December 1,BUF,11.0,307.0,183.0,124.0,3.0,CLT,18.0,288.0,203.0,85.0,0.0
1281996SEA,December 8,BUF,21.0,391.0,312.0,79.0,5.0,SEA,10.0,302.0,132.0,170.0,0.0
12161996MIA,December 16,BUF,15.0,274.0,223.0,51.0,2.0,MIA,22.0,394.0,249.0,145.0,0.0
12221996BUF,December 22,BUF,15.0,335.0,257.0,78.0,3.0,KAN,15.0,249.0,130.0,119.0,3.0
12281996BUF,December 28,BUF,19.0,308.0,216.0,92.0,3.0,JAX,18.0,409.0,225.0,184.0,2.0
8311997BUF,August 31,BUF,22.0,426.0,279.0,147.0,4.0,MIN,17.0,385.0,200.0,185.0,1.0
971997NYJ,September 7,BUF,15.0,269.0,193.0,76.0,3.0,NYJ,12.0,202.0,163.0,39.0,2.0
9141997KAN,September 14,BUF,16.0,325.0,275.0,50.0,2.0,KAN,17.0,267.0,160.0,107.0,0.0
9211997BUF,September 21,BUF,25.0,393.0,230.0,163.0,5.0,CLT,17.0,322.0,198.0,124.0,1.0
1051997BUF,October 5,BUF,10.0,266.0,102.0,164.0,0.0,DET,17.0,309.0,189.0,120.0,1.0
10121997NWE,October 12,BUF,13.0,242.0,148.0,94.0,4.0,NWE,19.0,310.0,171.0,139.0,1.0
10201997CLT,October 20,BUF,16.0,246.0,156.0,90.0,0.0,CLT,15.0,238.0,144.0,94.0,0.0
10261997BUF,October 26,BUF,19.0,315.0,160.0,155.0,6.0,DEN,17.0,341.0,116.0,225.0,3.0
1121997BUF,November 2,BUF,17.0,265.0,86.0,179.0,1.0,MIA,13.0,230.0,176.0,54.0,2.0
1191997BUF,November 9,BUF,14.0,241.0,119.0,122.0,4.0,NWE,11.0,267.0,164.0,103.0,0.0
11171997MIA,November 17,BUF,15.0,223.0,131.0,92.0,2.0,MIA,16.0,314.0,218.0,96.0,2.0
11231997OTI,November 23,BUF,12.0,290.0,286.0,4.0,2.0,OTI,21.0,322.0,159.0,163.0,1.0
11301997BUF,November 30,BUF,19.0,336.0,139.0,197.0,1.0,NYJ,16.0,294.0,264.0,30.0,2.0
1271997CHI,December 7,BUF,10.0,160.0,105.0,55.0,1.0,CHI,23.0,392.0,272.0,120.0,2.0
12141997BUF,December 14,BUF,24.0,335.0,192.0,143.0,3.0,JAX,20.0,388.0,297.0,91.0,1.0
12201997GNB,December 20,BUF,21.0,325.0,274.0,51.0,4.0,GNB,14.0,272.0,170.0,102.0,3.0
961998SDG,September 6,BUF,20.0,297.0,207.0,90.0,2.0,SDG,14.0,254.0,187.0,67.0,2.0
9131998MIA,September 13,BUF,12.0,187.0,77.0,110.0,1.0,MIA,12.0,259.0,143.0,116.0,0.0
9201998BUF,September 20,BUF,23.0,407.0,192.0,215.0,2.0,RAM,21.0,406.0,225.0,181.0,4.0
1041998BUF,October 4,BUF,21.0,352.0,237.0,115.0,0.0,SFO,23.0,377.0,312.0,65.0,4.0
10111998CLT,October 11,BUF,24.0,381.0,205.0,176.0,0.0,CLT,21.0,341.0,235.0,106.0,2.0
10181998BUF,October 18,BUF,22.0,337.0,227.0,110.0,1.0,JAX,16.0,238.0,104.0,134.0,0.0
10251998CAR,October 25,BUF,18.0,426.0,282.0,144.0,1.0,CAR,21.0,360.0,279.0,81.0,3.0
1111998BUF,November 1,BUF,16.0,313.0,197.0,116.0,2.0,MIA,15.0,296.0,168.0,128.0,1.0
1181998NYJ,November 8,BUF,11.0,182.0,134.0,48.0,2.0,NYJ,23.0,398.0,277.0,121.0,3.0
11151998BUF,November 15,BUF,23.0,391.0,178.0,213.0,3.0,NWE,11.0,206.0,158.0,48.0,0.0
11221998BUF,November 22,BUF,25.0,402.0,215.0,187.0,1.0,CLT,14.0,250.0,164.0,86.0,3.0
11291998NWE,November 29,BUF,23.0,428.0,329.0,99.0,0.0,NWE,24.0,259.0,215.0,44.0,1.0
1261998CIN,December 6,BUF,21.0,448.0,309.0,139.0,3.0,CIN,15.0,234.0,176.0,58.0,1.0
12131998BUF,December 13,BUF,18.0,316.0,182.0,134.0,0.0,RAI,13.0,178.0,87.0,91.0,4.0
12191998BUF,December 19,BUF,21.0,366.0,217.0,149.0,2.0,NYJ,14.0,269.0,177.0,92.0,0.0
12271998NOR,December 27,BUF,21.0,308.0,192.0,116.0,0.0,NOR,26.0,366.0,291.0,75.0,3.0
121999MIA,January 2,BUF,23.0,416.0,339.0,77.0,5.0,MIA,25.0,345.0,228.0,117.0,1.0
9121999CLT,September 12,BUF,19.0,321.0,274.0,47.0,3.0,CLT,20.0,393.0,284.0,109.0,3.0
9191999BUF,September 19,BUF,23.0,384.0,160.0,224.0,1.0,NYJ,11.0,190.0,116.0,74.0,0.0
9261999BUF,September 26,BUF,25.0,377.0,186.0,191.0,1.0,PHI,11.0,169.0,147.0,22.0,2.0
1041999MIA,October 4,BUF,11.0,250.0,177.0,73.0,1.0,MIA,18.0,292.0,233.0,59.0,3.0
10101999BUF,October 10,BUF,24.0,365.0,254.0,111.0,1.0,PIT,17.0,255.0,207.0,48.0,1.0
10171999BUF,October 17,BUF,14.0,310.0,201.0,109.0,3.0,RAI,23.0,343.0,148.0,195.0,0.0
10241999SEA,October 24,BUF,25.0,352.0,254.0,98.0,3.0,SEA,18.0,385.0,275.0,110.0,0.0
10311999RAV,October 31,BUF,19.0,249.0,138.0,111.0,3.0,RAV,12.0,200.0,118.0,82.0,2.0
1171999WAS,November 7,BUF,24.0,413.0,209.0,204.0,0.0,WAS,16.0,279.0,222.0,57.0,2.0
11141999BUF,November 14,BUF,18.0,334.0,157.0,177.0,0.0,MIA,6.0,101.0,41.0,60.0,1.0
11211999NYJ,November 21,BUF,14.0,273.0,205.0,68.0,3.0,NYJ,14.0,208.0,113.0,95.0,0.0
11281999BUF,November 28,BUF,13.0,299.0,207.0,92.0,1.0,NWE,17.0,267.0,174.0,93.0,2.0
12121999BUF,December 12,BUF,13.0,237.0,161.0,76.0,2.0,NYG,20.0,334.0,240.0,94.0,2.0
12191999CRD,December 19,BUF,25.0,376.0,217.0,159.0,2.0,CRD,14.0,178.0,108.0,70.0,1.0
12261999NWE,December 26,BUF,23.0,374.0,206.0,168.0,3.0,NWE,14.0,225.0,67.0,158.0,1.0
122000BUF,January 2,BUF,23.0,419.0,287.0,132.0,0.0,CLT,13.0,226.0,182.0,44.0,1.0
182000OTI,January 8,BUF,13.0,219.0,96.0,123.0,2.0,OTI,16.0,194.0,55.0,139.0,2.0
932000BUF,September 3,BUF,17.0,266.0,137.0,129.0,0.0,OTI,9.0,172.0,119.0,53.0,1.0
9102000BUF,September 10,BUF,20.0,309.0,220.0,89.0,1.0,GNB,14.0,274.0,234.0,40.0,3.0
9172000NYJ,September 17,BUF,16.0,354.0,274.0,80.0,4.0,NYJ,15.0,279.0,188.0,91.0,1.0
1012000BUF,October 1,BUF,21.0,385.0,215.0,170.0,0.0,CLT,14.0,265.0,184.0,81.0,1.0
1082000MIA,October 8,BUF,15.0,254.0,178.0,76.0,2.0,MIA,15.0,254.0,134.0,120.0,1.0
10152000BUF,October 15,BUF,25.0,424.0,329.0,95.0,2.0,SDG,15.0,303.0,251.0,52.0,4.0
10222000MIN,October 22,BUF,21.0,406.0,286.0,120.0,1.0,MIN,17.0,348.0,251.0,97.0,1.0
10292000BUF,October 29,BUF,18.0,338.0,252.0,86.0,0.0,NYJ,19.0,337.0,286.0,51.0,4.0
1152000NWE,November 5,BUF,20.0,315.0,174.0,141.0,1.0,NWE,14.0,189.0,100.0,89.0,2.0
11122000BUF,November 12,BUF,14.0,299.0,194.0,105.0,1.0,CHI,12.0,234.0,135.0,99.0,4.0
11192000KAN,November 19,BUF,21.0,299.0,224.0,75.0,0.0,KAN,24.0,378.0,275.0,103.0,2.0
11262000TAM,November 26,BUF,25.0,433.0,294.0,139.0,2.0,TAM,13.0,180.0,66.0,114.0,0.0
1232000BUF,December 3,BUF,14.0,196.0,36.0,160.0,3.0,MIA,15.0,333.0,200.0,133.0,1.0
12112000CLT,December 11,BUF,16.0,294.0,228.0,66.0,3.0,CLT,20.0,237.0,116.0,121.0,0.0
12172000BUF,December 17,BUF,19.0,347.0,169.0,178.0,1.0,NWE,19.0,331.0,142.0,189.0,0.0
12232000SEA,December 23,BUF,27.0,579.0,366.0,213.0,2.0,SEA,17.0,312.0,186.0,126.0,4.0
992001BUF,September 9,BUF,12.0,251.0,126.0,125.0,3.0,NOR,17.0,301.0,192.0,109.0,0.0
9232001CLT,September 23,BUF,21.0,374.0,229.0,145.0,1.0,CLT,28.0,555.0,418.0,137.0,3.0
9302001BUF,September 30,BUF,14.0,172.0,120.0,52.0,2.0,PIT,16.0,270.0,100.0,170.0,0.0
1072001BUF,October 7,BUF,26.0,473.0,311.0,162.0,5.0,NYJ,21.0,335.0,173.0,162.0,0.0
10182001JAX,October 18,BUF,19.0,317.0,219.0,98.0,0.0,JAX,14.0,247.0,132.0,115.0,2.0
10282001SDG,October 28,BUF,22.0,396.0,291.0,105.0,2.0,SDG,17.0,338.0,243.0,95.0,0.0
1142001BUF,November 4,BUF,14.0,232.0,148.0,84.0,2.0,CLT,17.0,305.0,161.0,144.0,1.0
11112001NWE,November 11,BUF,15.0,242.0,173.0,69.0,2.0,NWE,15.0,205.0,71.0,134.0,3.0
11182001BUF,November 18,BUF,25.0,372.0,303.0,69.0,2.0,SEA,16.0,246.0,134.0,112.0,0.0
11252001BUF,November 25,BUF,21.0,422.0,295.0,127.0,3.0,MIA,19.0,362.0,261.0,101.0,1.0
1222001SFO,December 2,BUF,11.0,191.0,162.0,29.0,5.0,SFO,26.0,409.0,179.0,230.0,0.0
1292001BUF,December 9,BUF,18.0,369.0,267.0,102.0,1.0,CAR,17.0,231.0,153.0,78.0,2.0
12162001BUF,December 16,BUF,19.0,310.0,212.0,98.0,1.0,NWE,17.0,335.0,206.0,129.0,2.0
12232001ATL,December 23,BUF,15.0,398.0,208.0,190.0,0.0,ATL,22.0,489.0,422.0,67.0,2.0
12302001NYJ,December 30,BUF,19.0,368.0,176.0,192.0,1.0,NYJ,19.0,375.0,227.0,148.0,3.0
162002MIA,January 6,BUF,16.0,250.0,211.0,39.0,3.0,MIA,21.0,289.0,87.0,202.0,0.0
982002BUF,September 8,BUF,26.0,384.0,242.0,142.0,3.0,NYJ,18.0,266.0,193.0,73.0,1.0
9152002MIN,September 15,BUF,26.0,468.0,437.0,31.0,0.0,MIN,31.0,449.0,236.0,213.0,3.0
9222002DEN,September 22,BUF,17.0,291.0,252.0,39.0,1.0,DEN,22.0,342.0,179.0,163.0,0.0
9292002BUF,September 29,BUF,26.0,410.0,307.0,103.0,1.0,CHI,15.0,240.0,188.0,52.0,0.0
1062002BUF,October 6,BUF,29.0,479.0,399.0,80.0,3.0,RAI,24.0,495.0,353.0,142.0,0.0
10132002HTX,October 13,BUF,25.0,403.0,230.0,173.0,1.0,HTX,18.0,338.0,197.0,141.0,0.0
10202002MIA,October 20,BUF,15.0,294.0,162.0,132.0,0.0,MIA,17.0,287.0,155.0,132.0,6.0
10272002BUF,October 27,BUF,23.0,343.0,269.0,74.0,2.0,DET,16.0,282.0,199.0,83.0,1.0
1132002BUF,November 3,BUF,28.0,331.0,266.0,65.0,1.0,NWE,23.0,422.0,263.0,159.0,0.0
11172002KAN,November 17,BUF,21.0,344.0,211.0,133.0,1.0,KAN,22.0,320.0,192.0,128.0,0.0
11242002NYJ,November 24,BUF,17.0,258.0,170.0,88.0,3.0,NYJ,22.0,325.0,170.0,155.0,0.0
1212002BUF,December 1,BUF,21.0,431.0,270.0,161.0,0.0,MIA,14.0,300.0,30.0,270.0,3.0
1282002NWE,December 8,BUF,24.0,390.0,312.0,78.0,5.0,NWE,14.0,275.0,183.0,92.0,0.0
12152002BUF,December 15,BUF,17.0,256.0,101.0,155.0,1.0,SDG,14.0,308.0,192.0,116.0,0.0
12222002GNB,December 22,BUF,17.0,185.0,142.0,43.0,6.0,GNB,14.0,223.0,104.0,119.0,2.0
12292002BUF,December 29,BUF,23.0,324.0,225.0,99.0,3.0,CIN,19.0,317.0,233.0,84.0,3.0
972003BUF,September 7,BUF,23.0,322.0,215.0,107.0,2.0,NWE,16.0,239.0,134.0,105.0,4.0
9142003JAX,September 14,BUF,20.0,371.0,328.0,43.0,0.0,JAX,20.0,287.0,192.0,95.0,0.0
9212003MIA,September 21,BUF,8.0,118.0,77.0,41.0,3.0,MIA,23.0,313.0,147.0,166.0,3.0
9282003BUF,September 28,BUF,15.0,308.0,287.0,21.0,1.0,PHI,19.0,335.0,159.0,176.0,0.0
1052003BUF,October 5,BUF,17.0,257.0,177.0,80.0,0.0,CIN,18.0,279.0,212.0,67.0,2.0
10122003NYJ,October 12,BUF,15.0,193.0,140.0,53.0,4.0,NYJ,13.0,233.0,115.0,118.0,0.0
10192003BUF,October 19,BUF,25.0,432.0,236.0,196.0,2.0,WAS,8.0,169.0,110.0,59.0,1.0
10262003KAN,October 26,BUF,15.0,266.0,133.0,133.0,7.0,KAN,22.0,375.0,275.0,100.0,0.0
1192003DAL,November 9,BUF,15.0,185.0,85.0,100.0,2.0,DAL,14.0,236.0,114.0,122.0,0.0
11162003BUF,November 16,BUF,17.0,335.0,153.0,182.0,1.0,HTX,12.0,245.0,211.0,34.0,1.0
11232003BUF,November 23,BUF,16.0,228.0,118.0,110.0,1.0,CLT,21.0,326.0,223.0,103.0,1.0
11302003NYG,November 30,BUF,23.0,403.0,252.0,151.0,0.0,NYG,10.0,222.0,198.0,24.0,1.0
1272003BUF,December 7,BUF,19.0,256.0,53.0,203.0,2.0,NYJ,14.0,215.0,127.0,88.0,1.0
12142003OTI,December 14,BUF,13.0,241.0,152.0,89.0,1.0,OTI,23.0,349.0,263.0,86.0,1.0
12212003BUF,December 21,BUF,11.0,177.0,104.0,73.0,4.0,MIA,11.0,169.0,37.0,132.0,2.0
12272003NWE,December 27,BUF,16.0,256.0,174.0,82.0,4.0,NWE,26.0,321.0,190.0,131.0,1.0
9122004BUF,September 12,BUF,16.0,242.0,147.0,95.0,2.0,JAX,14.0,225.0,142.0,83.0,2.0
9192004RAI,September 19,BUF,14.0,243.0,176.0,67.0,1.0,RAI,12.0,273.0,200.0,73.0,0.0
1032004BUF,October 3,BUF,18.0,337.0,214.0,123.0,2.0,NWE,21.0,397.0,298.0,99.0,1.0
10102004NYJ,October 10,BUF,17.0,252.0,172.0,80.0,1.0,NYJ,24.0,383.0,298.0,85.0,2.0
10172004BUF,October 17,BUF,18.0,341.0,204.0,137.0,0.0,MIA,14.0,212.0,101.0,111.0,1.0
10242004RAV,October 24,BUF,15.0,270.0,185.0,85.0,5.0,RAV,12.0,160.0,60.0,100.0,1.0
10312004BUF,October 31,BUF,11.0,209.0,81.0,128.0,0.0,CRD,14.0,213.0,85.0,128.0,0.0
1172004BUF,November 7,BUF,19.0,341.0,184.0,157.0,0.0,NYJ,12.0,282.0,194.0,88.0,2.0
11142004NWE,November 14,BUF,8.0,125.0,75.0,50.0,5.0,NWE,25.0,428.0,220.0,208.0,1.0
11212004BUF,November 21,BUF,16.0,294.0,175.0,119.0,1.0,RAM,19.0,270.0,235.0,35.0,4.0
11282004SEA,November 28,BUF,25.0,434.0,286.0,148.0,3.0,SEA,17.0,230.0,175.0,55.0,2.0
1252004MIA,December 5,BUF,16.0,362.0,257.0,105.0,1.0,MIA,25.0,403.0,297.0,106.0,7.0
12122004BUF,December 12,BUF,22.0,321.0,106.0,215.0,3.0,CLE,6.0,26.0,-3.0,29.0,5.0
12192004CIN,December 19,BUF,13.0,212.0,169.0,43.0,1.0,CIN,16.0,275.0,126.0,149.0,4.0
12262004SFO,December 26,BUF,27.0,441.0,215.0,226.0,1.0,SFO,12.0,189.0,91.0,98.0,4.0
122005BUF,January 2,BUF,16.0,267.0,171.0,96.0,3.0,PIT,15.0,262.0,105.0,157.0,3.0
9112005BUF,September 11,BUF,20.0,316.0,164.0,152.0,0.0,HTX,12.0,120.0,25.0,95.0,5.0
9182005TAM,September 18,BUF,8.0,147.0,100.0,47.0,0.0,TAM,18.0,318.0,127.0,191.0,0.0
9252005BUF,September 25,BUF,18.0,208.0,36.0,172.0,2.0,ATL,24.0,403.0,167.0,236.0,2.0
1022005NOR,October 2,BUF,13.0,208.0,67.0,141.0,2.0,NOR,23.0,333.0,166.0,167.0,0.0
1092005BUF,October 9,BUF,21.0,236.0,137.0,99.0,1.0,MIA,16.0,323.0,210.0,113.0,5.0
10162005BUF,October 16,BUF,24.0,341.0,164.0,177.0,2.0,NYJ,17.0,275.0,126.0,149.0,3.0
10232005RAI,October 23,BUF,15.0,210.0,126.0,84.0,1.0,RAI,26.0,416.0,254.0,162.0,1.0
10302005NWE,October 30,BUF,24.0,394.0,247.0,147.0,2.0,NWE,18.0,273.0,180.0,93.0,2.0
11132005BUF,November 13,BUF,9.0,209.0,148.0,61.0,2.0,KAN,22.0,316.0,166.0,150.0,4.0
11202005SDG,November 20,BUF,12.0,202.0,137.0,65.0,2.0,SDG,28.0,478.0,337.0,141.0,0.0
11272005BUF,November 27,BUF,14.0,216.0,161.0,55.0,1.0,CAR,19.0,295.0,182.0,113.0,1.0
1242005MIA,December 4,BUF,16.0,294.0,202.0,92.0,3.0,MIA,26.0,434.0,361.0,73.0,2.0
12112005BUF,December 11,BUF,8.0,183.0,169.0,14.0,3.0,NWE,32.0,494.0,335.0,159.0,2.0
12172005BUF,December 17,BUF,17.0,272.0,197.0,75.0,0.0,DEN,27.0,437.0,259.0,178.0,1.0
12242005CIN,December 24,BUF,19.0,355.0,288.0,67.0,1.0,CIN,23.0,374.0,270.0,104.0,2.0
112006NYJ,January 1,BUF,21.0,331.0,172.0,159.0,4.0,NYJ,12.0,207.0,126.0,81.0,0.0
9102006NWE,September 10,BUF,12.0,240.0,141.0,99.0,0.0,NWE,19.0,319.0,136.0,183.0,2.0
9172006MIA,September 17,BUF,12.0,171.0,66.0,105.0,0.0,MIA,15.0,282.0,190.0,92.0,1.0
9242006BUF,September 24,BUF,26.0,475.0,306.0,169.0,3.0,NYJ,15.0,256.0,182.0,74.0,0.0
1012006BUF,October 1,BUF,20.0,298.0,203.0,95.0,0.0,MIN,14.0,330.0,267.0,63.0,2.0
1082006CHI,October 8,BUF,10.0,145.0,87.0,58.0,5.0,CHI,23.0,351.0,195.0,156.0,1.0
10152006DET,October 15,BUF,16.0,242.0,157.0,85.0,3.0,DET,21.0,397.0,262.0,135.0,1.0
10222006BUF,October 22,BUF,12.0,255.0,180.0,75.0,4.0,NWE,18.0,265.0,171.0,94.0,0.0
1152006BUF,November 5,BUF,11.0,184.0,64.0,120.0,0.0,GNB,26.0,427.0,280.0,147.0,4.0
11122006CLT,November 12,BUF,10.0,162.0,51.0,111.0,0.0,CLT,26.0,384.0,236.0,148.0,2.0
11192006HTX,November 19,BUF,17.0,403.0,333.0,70.0,1.0,HTX,20.0,394.0,206.0,188.0,2.0
11262006BUF,November 26,BUF,13.0,241.0,169.0,72.0,1.0,JAX,19.0,323.0,116.0,207.0,1.0
1232006BUF,December 3,BUF,16.0,230.0,167.0,63.0,4.0,SDG,18.0,335.0,138.0,197.0,2.0
12102006NYJ,December 10,BUF,14.0,318.0,144.0,174.0,1.0,NYJ,16.0,275.0,143.0,132.0,3.0
12172006BUF,December 17,BUF,13.0,286.0,186.0,100.0,2.0,MIA,12.0,212.0,100.0,112.0,2.0
12242006BUF,December 24,BUF,22.0,368.0,251.0,117.0,2.0,OTI,18.0,396.0,181.0,215.0,0.0
12312006RAV,December 31,BUF,10.0,253.0,214.0,39.0,3.0,RAV,18.0,327.0,216.0,111.0,1.0
992007BUF,September 9,BUF,13.0,184.0,72.0,112.0,1.0,DEN,23.0,470.0,299.0,171.0,1.0
9162007PIT,September 16,BUF,10.0,223.0,121.0,102.0,0.0,PIT,24.0,420.0,236.0,184.0,1.0
9232007NWE,September 23,BUF,12.0,193.0,83.0,110.0,2.0,NWE,27.0,485.0,308.0,177.0,1.0
9302007BUF,September 30,BUF,19.0,304.0,218.0,86.0,2.0,NYJ,20.0,347.0,287.0,60.0,2.0
1082007BUF,October 8,BUF,14.0,229.0,148.0,81.0,1.0,DAL,24.0,385.0,309.0,76.0,6.0
10212007BUF,October 21,BUF,14.0,242.0,139.0,103.0,1.0,RAV,15.0,308.0,181.0,127.0,1.0
10282007NYJ,October 28,BUF,19.0,347.0,239.0,108.0,1.0,NYJ,14.0,254.0,154.0,100.0,3.0
1142007BUF,November 4,BUF,23.0,479.0,303.0,176.0,1.0,CIN,16.0,299.0,271.0,28.0,1.0
11112007MIA,November 11,BUF,15.0,214.0,151.0,63.0,1.0,MIA,15.0,269.0,126.0,143.0,0.0
11182007BUF,November 18,BUF,14.0,229.0,151.0,78.0,2.0,NWE,30.0,510.0,383.0,127.0,0.0
11252007JAX,November 25,BUF,20.0,297.0,203.0,94.0,3.0,JAX,21.0,416.0,292.0,124.0,1.0
1222007WAS,December 2,BUF,15.0,357.0,257.0,100.0,1.0,WAS,22.0,281.0,202.0,79.0,2.0
1292007BUF,December 9,BUF,20.0,389.0,165.0,224.0,1.0,MIA,18.0,285.0,220.0,65.0,5.0
12162007CLE,December 16,BUF,11.0,232.0,124.0,108.0,0.0,CLE,16.0,304.0,130.0,174.0,0.0
12232007BUF,December 23,BUF,16.0,244.0,127.0,117.0,4.0,NYG,17.0,383.0,94.0,289.0,4.0
12302007PHI,December 30,BUF,13.0,271.0,133.0,138.0,0.0,PHI,20.0,391.0,322.0,69.0,2.0
972008BUF,September 7,BUF,13.0,338.0,232.0,106.0,0.0,SEA,16.0,252.0,167.0,85.0,2.0
9142008JAX,September 14,BUF,18.0,285.0,210.0,75.0,1.0,JAX,18.0,243.0,145.0,98.0,2.0
9212008BUF,September 21,BUF,25.0,378.0,262.0,116.0,3.0,RAI,10.0,247.0,149.0,98.0,1.0
9282008RAM,September 28,BUF,14.0,277.0,166.0,111.0,1.0,RAM,16.0,380.0,213.0,167.0,2.0
1052008CRD,October 5,BUF,13.0,287.0,203.0,84.0,4.0,CRD,28.0,373.0,250.0,123.0,0.0
10192008BUF,October 19,BUF,22.0,370.0,261.0,109.0,0.0,SDG,15.0,263.0,191.0,72.0,3.0
10262008MIA,October 26,BUF,19.0,339.0,220.0,119.0,4.0,MIA,19.0,358.0,306.0,52.0,1.0
1122008BUF,November 2,BUF,18.0,292.0,262.0,30.0,3.0,NYJ,16.0,297.0,201.0,96.0,1.0
1192008NWE,November 9,BUF,10.0,168.0,108.0,60.0,2.0,NWE,24.0,370.0,226.0,144.0,1.0
11172008BUF,November 17,BUF,19.0,334.0,148.0,186.0,4.0,CLE,18.0,337.0,176.0,161.0,0.0
11232008KAN,November 23,BUF,27.0,444.0,273.0,171.0,0.0,KAN,21.0,462.0,303.0,159.0,5.0
11302008BUF,November 30,BUF,18.0,350.0,194.0,156.0,1.0,SFO,12.0,195.0,133.0,62.0,1.0
1272008BUF,December 7,BUF,13.0,163.0,79.0,84.0,2.0,MIA,18.0,295.0,180.0,115.0,0.0
12142008NYJ,December 14,BUF,23.0,306.0,119.0,187.0,4.0,NYJ,18.0,372.0,207.0,165.0,2.0
12212008DEN,December 21,BUF,20.0,275.0,188.0,87.0,0.0,DEN,27.0,532.0,351.0,181.0,2.0
12282008BUF,December 28,BUF,15.0,276.0,115.0,161.0,1.0,NWE,16.0,241.0,73.0,168.0,0.0
9142009NWE,September 14,BUF,17.0,276.0,186.0,90.0,1.0,NWE,28.0,441.0,368.0,73.0,1.0
9202009BUF,September 20,BUF,25.0,438.0,220.0,218.0,2.0,TAM,19.0,353.0,296.0,57.0,2.0
9272009BUF,September 27,BUF,13.0,243.0,154.0,89.0,2.0,NOR,21.0,378.0,156.0,222.0,1.0
1042009MIA,October 4,BUF,10.0,206.0,160.0,46.0,3.0,MIA,25.0,336.0,86.0,250.0,0.0
10112009BUF,October 11,BUF,13.0,288.0,143.0,145.0,3.0,CLE,9.0,193.0,22.0,171.0,1.0
10182009NYJ,October 18,BUF,20.0,296.0,154.0,142.0,2.0,NYJ,15.0,414.0,96.0,318.0,6.0
10252009CAR,October 25,BUF,9.0,167.0,114.0,53.0,0.0,CAR,20.0,425.0,309.0,116.0,4.0
1112009BUF,November 1,BUF,9.0,204.0,107.0,97.0,2.0,HTX,24.0,439.0,257.0,182.0,3.0
11152009OTI,November 15,BUF,14.0,296.0,207.0,89.0,2.0,OTI,20.0,378.0,210.0,168.0,1.0
11222009JAX,November 22,BUF,14.0,343.0,290.0,53.0,3.0,JAX,19.0,310.0,208.0,102.0,2.0
11292009BUF,November 29,BUF,20.0,336.0,207.0,129.0,1.0,MIA,23.0,325.0,168.0,157.0,4.0
1232009BUF,December 3,BUF,10.0,194.0,71.0,123.0,2.0,NYJ,17.0,331.0,82.0,249.0,0.0
12132009KAN,December 13,BUF,13.0,273.0,73.0,200.0,3.0,KAN,16.0,354.0,202.0,152.0,4.0
12202009BUF,December 20,BUF,16.0,241.0,136.0,105.0,1.0,NWE,19.0,224.0,115.0,109.0,1.0
12272009ATL,December 27,BUF,11.0,178.0,138.0,40.0,3.0,ATL,24.0,391.0,234.0,157.0,0.0
132010BUF,January 3,BUF,19.0,403.0,155.0,248.0,0.0,CLT,11.0,157.0,132.0,25.0,3.0
9122010BUF,September 12,BUF,9.0,166.0,116.0,50.0,0.0,MIA,19.0,296.0,164.0,132.0,0.0
9192010GNB,September 19,BUF,14.0,186.0,62.0,124.0,2.0,GNB,18.0,346.0,255.0,91.0,0.0
9262010NWE,September 26,BUF,19.0,374.0,240.0,134.0,2.0,NWE,25.0,445.0,245.0,200.0,1.0
1032010BUF,October 3,BUF,12.0,223.0,109.0,114.0,2.0,NYJ,25.0,444.0,171.0,273.0,0.0
10102010BUF,October 10,BUF,17.0,306.0,196.0,110.0,0.0,JAX,21.0,381.0,165.0,216.0,3.0
10242010RAV,October 24,BUF,27.0,514.0,382.0,132.0,4.0,RAV,21.0,364.0,229.0,135.0,2.0
10312010KAN,October 31,BUF,23.0,328.0,191.0,137.0,1.0,KAN,24.0,414.0,140.0,274.0,0.0
1172010BUF,November 7,BUF,22.0,340.0,294.0,46.0,3.0,CHI,19.0,283.0,178.0,105.0,1.0
11142010BUF,November 14,BUF,12.0,288.0,139.0,149.0,1.0,DET,19.0,390.0,314.0,76.0,1.0
11212010CIN,November 21,BUF,23.0,449.0,308.0,141.0,2.0,CIN,26.0,361.0,228.0,133.0,3.0
11282010BUF,November 28,BUF,19.0,329.0,255.0,74.0,2.0,PIT,28.0,426.0,220.0,206.0,1.0
1252010MIN,December 5,BUF,10.0,239.0,155.0,84.0,5.0,MIN,22.0,387.0,177.0,210.0,4.0
12122010BUF,December 12,BUF,19.0,323.0,131.0,192.0,1.0,CLE,9.0,187.0,82.0,105.0,3.0
12192010MIA,December 19,BUF,15.0,282.0,211.0,71.0,1.0,MIA,22.0,326.0,261.0,65.0,2.0
12262010BUF,December 26,BUF,16.0,369.0,244.0,125.0,7.0,NWE,20.0,348.0,131.0,217.0,0.0
122011NYJ,January 2,BUF,6.0,162.0,125.0,37.0,6.0,NYJ,17.0,388.0,112.0,276.0,1.0
9112011KAN,September 11,BUF,23.0,364.0,201.0,163.0,1.0,KAN,13.0,213.0,105.0,108.0,3.0
9182011BUF,September 18,BUF,34.0,481.0,258.0,223.0,1.0,RAI,26.0,454.0,323.0,131.0,2.0
9252011BUF,September 25,BUF,24.0,448.0,369.0,79.0,2.0,NWE,30.0,495.0,387.0,108.0,4.0
1022011CIN,October 2,BUF,12.0,273.0,190.0,83.0,0.0,CIN,25.0,458.0,287.0,171.0,2.0
1092011BUF,October 9,BUF,21.0,331.0,188.0,143.0,1.0,PHI,24.0,489.0,315.0,174.0,5.0
10162011NYG,October 16,BUF,17.0,374.0,219.0,155.0,2.0,NYG,24.0,414.0,292.0,122.0,0.0
10302011BUF,October 30,BUF,17.0,390.0,252.0,138.0,2.0,WAS,10.0,178.0,152.0,26.0,2.0
1162011BUF,November 6,BUF,14.0,287.0,191.0,96.0,3.0,NYJ,24.0,348.0,222.0,126.0,2.0
11132011DAL,November 13,BUF,20.0,271.0,136.0,135.0,4.0,DAL,24.0,433.0,270.0,163.0,0.0
11202011MIA,November 20,BUF,14.0,245.0,204.0,41.0,2.0,MIA,16.0,242.0,147.0,95.0,0.0
11272011NYJ,November 27,BUF,21.0,336.0,250.0,86.0,0.0,NYJ,20.0,318.0,180.0,138.0,2.0
1242011BUF,December 4,BUF,18.0,386.0,282.0,104.0,2.0,OTI,18.0,317.0,130.0,187.0,0.0
12112011SDG,December 11,BUF,17.0,281.0,185.0,96.0,3.0,SDG,23.0,366.0,216.0,150.0,1.0
12182011BUF,December 18,BUF,21.0,404.0,291.0,113.0,3.0,MIA,17.0,448.0,194.0,254.0,3.0
12242011BUF,December 24,BUF,14.0,351.0,191.0,160.0,0.0,DEN,18.0,285.0,152.0,133.0,3.0
112012NWE,January 1,BUF,26.0,402.0,296.0,106.0,4.0,NWE,28.0,480.0,342.0,138.0,1.0
992012NYJ,September 9,BUF,20.0,390.0,195.0,195.0,4.0,NYJ,21.0,384.0,266.0,118.0,1.0
9162012BUF,September 16,BUF,15.0,379.0,178.0,201.0,0.0,KAN,25.0,422.0,272.0,150.0,3.0
9232012CLE,September 23,BUF,19.0,344.0,206.0,138.0,1.0,CLE,17.0,240.0,207.0,33.0,2.0
9302012BUF,September 30,BUF,19.0,438.0,340.0,98.0,6.0,NWE,33.0,580.0,333.0,247.0,2.0
1072012SFO,October 7,BUF,10.0,204.0,115.0,89.0,2.0,SFO,29.0,621.0,310.0,311.0,1.0
10142012CRD,October 14,BUF,19.0,306.0,141.0,165.0,2.0,CRD,20.0,332.0,150.0,182.0,2.0
10212012BUF,October 21,BUF,22.0,382.0,216.0,166.0,2.0,OTI,21.0,390.0,193.0,197.0,0.0
1142012HTX,November 4,BUF,17.0,304.0,230.0,74.0,1.0,HTX,21.0,374.0,256.0,118.0,0.0
11112012NWE,November 11,BUF,35.0,481.0,319.0,162.0,3.0,NWE,27.0,347.0,230.0,117.0,0.0
11152012BUF,November 15,BUF,18.0,281.0,161.0,120.0,0.0,MIA,16.0,184.0,124.0,60.0,3.0
11252012CLT,November 25,BUF,16.0,304.0,169.0,135.0,1.0,CLT,22.0,312.0,225.0,87.0,2.0
1222012BUF,December 2,BUF,20.0,344.0,112.0,232.0,2.0,JAX,21.0,236.0,186.0,50.0,2.0
1292012BUF,December 9,BUF,17.0,281.0,220.0,61.0,2.0,RAM,17.0,285.0,207.0,78.0,1.0
12162012BUF,December 16,BUF,21.0,333.0,215.0,118.0,3.0,SEA,22.0,466.0,196.0,270.0,0.0
12232012MIA,December 23,BUF,17.0,381.0,227.0,154.0,4.0,MIA,18.0,301.0,119.0,182.0,0.0
12302012BUF,December 30,BUF,16.0,334.0,225.0,109.0,1.0,NYJ,19.0,332.0,199.0,133.0,2.0
982013BUF,September 8,BUF,15.0,286.0,150.0,136.0,2.0,NWE,26.0,431.0,273.0,158.0,3.0
9152013BUF,September 15,BUF,24.0,436.0,287.0,149.0,2.0,CAR,25.0,308.0,183.0,125.0,1.0
9222013NYJ,September 22,BUF,18.0,328.0,208.0,120.0,0.0,NYJ,20.0,513.0,331.0,182.0,2.0
9292013BUF,September 29,BUF,19.0,350.0,147.0,203.0,3.0,RAV,15.0,345.0,321.0,24.0,5.0
1032013CLE,October 3,BUF,20.0,343.0,188.0,155.0,1.0,CLE,19.0,290.0,199.0,91.0,0.0
10132013BUF,October 13,BUF,20.0,322.0,192.0,130.0,1.0,CIN,26.0,483.0,318.0,165.0,1.0
10202013MIA,October 20,BUF,15.0,268.0,178.0,90.0,1.0,MIA,19.0,293.0,173.0,120.0,3.0
10272013NOR,October 27,BUF,20.0,299.0,211.0,88.0,3.0,NOR,21.0,386.0,309.0,77.0,0.0
1132013BUF,November 3,BUF,25.0,470.0,229.0,241.0,3.0,KAN,15.0,210.0,115.0,95.0,0.0
11102013PIT,November 10,BUF,16.0,227.0,132.0,95.0,1.0,PIT,19.0,300.0,164.0,136.0,1.0
11172013BUF,November 17,BUF,14.0,313.0,245.0,68.0,0.0,NYJ,12.0,267.0,133.0,134.0,4.0
1212013BUF,December 1,BUF,19.0,405.0,210.0,195.0,2.0,ATL,26.0,423.0,272.0,151.0,1.0
1282013TAM,December 8,BUF,14.0,214.0,147.0,67.0,5.0,TAM,13.0,246.0,81.0,165.0,2.0
12152013JAX,December 15,BUF,25.0,366.0,168.0,198.0,2.0,JAX,22.0,354.0,195.0,159.0,4.0
12222013BUF,December 22,BUF,18.0,390.0,187.0,203.0,1.0,MIA,6.0,103.0,89.0,14.0,2.0
12292013NWE,December 29,BUF,19.0,393.0,224.0,169.0,0.0,NWE,24.0,382.0,115.0,267.0,1.0
972014CHI,September 7,BUF,15.0,360.0,167.0,193.0,1.0,CHI,29.0,427.0,341.0,86.0,3.0
9142014BUF,September 14,BUF,13.0,315.0,202.0,113.0,0.0,MIA,23.0,290.0,210.0,80.0,2.0
9212014BUF,September 21,BUF,18.0,292.0,205.0,87.0,0.0,SDG,20.0,333.0,250.0,83.0,0.0
9282014HTX,September 28,BUF,17.0,316.0,220.0,96.0,2.0,HTX,19.0,301.0,264.0,37.0,3.0
1052014DET,October 5,BUF,19.0,343.0,294.0,49.0,1.0,DET,13.0,273.0,204.0,69.0,2.0
10122014BUF,October 12,BUF,19.0,336.0,268.0,68.0,3.0,NWE,22.0,396.0,346.0,50.0,0.0
10192014BUF,October 19,BUF,22.0,373.0,255.0,118.0,4.0,MIN,16.0,276.0,118.0,158.0,2.0
10262014NYJ,October 26,BUF,12.0,280.0,213.0,67.0,0.0,NYJ,22.0,312.0,137.0,175.0,6.0
1192014BUF,November 9,BUF,21.0,364.0,253.0,111.0,3.0,KAN,16.0,278.0,151.0,127.0,1.0
11132014MIA,November 13,BUF,13.0,237.0,183.0,54.0,0.0,MIA,24.0,330.0,205.0,125.0,2.0
11242014BUF,November 24,BUF,21.0,336.0,220.0,116.0,0.0,NYJ,11.0,218.0,126.0,92.0,1.0
11302014BUF,November 30,BUF,15.0,287.0,181.0,106.0,2.0,CLE,19.0,315.0,241.0,74.0,3.0
1272014DEN,December 7,BUF,24.0,415.0,341.0,74.0,3.0,DEN,15.0,306.0,173.0,133.0,3.0
12142014BUF,December 14,BUF,13.0,253.0,140.0,113.0,1.0,GNB,21.0,333.0,175.0,158.0,2.0
12212014RAI,December 21,BUF,15.0,321.0,308.0,13.0,2.0,RAI,18.0,347.0,207.0,140.0,0.0
12282014NWE,December 28,BUF,16.0,268.0,164.0,104.0,1.0,NWE,14.0,260.0,144.0,116.0,0.0
9132015BUF,September 13,BUF,15.0,342.0,195.0,147.0,0.0,CLT,23.0,304.0,240.0,64.0,3.0
9202015BUF,September 20,BUF,23.0,349.0,189.0,160.0,3.0,NWE,28.0,507.0,451.0,56.0,2.0
9272015MIA,September 27,BUF,21.0,428.0,277.0,151.0,0.0,MIA,21.0,391.0,289.0,102.0,3.0
1042015BUF,October 4,BUF,14.0,313.0,258.0,55.0,2.0,NYG,19.0,303.0,211.0,92.0,1.0
10112015OTI,October 11,BUF,13.0,209.0,82.0,127.0,1.0,OTI,17.0,276.0,179.0,97.0,1.0
10182015BUF,October 18,BUF,22.0,368.0,256.0,112.0,1.0,CIN,21.0,355.0,243.0,112.0,0.0
10252015JAX,October 25,BUF,26.0,375.0,260.0,115.0,4.0,JAX,17.0,295.0,175.0,120.0,1.0
1182015BUF,November 8,BUF,18.0,420.0,154.0,266.0,0.0,MIA,29.0,397.0,289.0,108.0,1.0
11122015NYJ,November 12,BUF,13.0,280.0,132.0,148.0,0.0,NYJ,15.0,318.0,190.0,128.0,4.0
11232015NWE,November 23,BUF,16.0,319.0,225.0,94.0,1.0,NWE,18.0,356.0,271.0,85.0,1.0
11292015KAN,November 29,BUF,25.0,415.0,286.0,129.0,2.0,KAN,21.0,413.0,255.0,158.0,0.0
1262015BUF,December 6,BUF,15.0,390.0,203.0,187.0,0.0,HTX,21.0,401.0,275.0,126.0,1.0
12132015PHI,December 13,BUF,18.0,412.0,260.0,152.0,2.0,PHI,20.0,348.0,232.0,116.0,1.0
12202015WAS,December 20,BUF,21.0,452.0,212.0,240.0,0.0,WAS,23.0,431.0,308.0,123.0,1.0
12272015BUF,December 27,BUF,19.0,408.0,172.0,236.0,2.0,DAL,14.0,307.0,186.0,121.0,2.0
132016BUF,January 3,BUF,18.0,295.0,182.0,113.0,1.0,NYJ,15.0,300.0,178.0,122.0,3.0
9112016RAV,September 11,BUF,11.0,160.0,95.0,65.0,0.0,RAV,18.0,308.0,225.0,83.0,1.0
9152016BUF,September 15,BUF,16.0,393.0,307.0,86.0,1.0,NYJ,28.0,493.0,370.0,123.0,1.0
9252016BUF,September 25,BUF,16.0,297.0,89.0,208.0,1.0,CRD,25.0,348.0,260.0,88.0,5.0
1022016NWE,October 2,BUF,24.0,378.0,244.0,134.0,0.0,NWE,13.0,277.0,187.0,90.0,1.0
1092016RAM,October 9,BUF,15.0,305.0,112.0,193.0,0.0,RAM,23.0,345.0,243.0,102.0,3.0
10162016BUF,October 16,BUF,29.0,492.0,179.0,313.0,2.0,SFO,16.0,300.0,167.0,133.0,1.0
10232016MIA,October 23,BUF,16.0,267.0,200.0,67.0,0.0,MIA,26.0,454.0,198.0,256.0,0.0
10302016BUF,October 30,BUF,25.0,376.0,209.0,167.0,0.0,NWE,23.0,357.0,285.0,72.0,0.0
1172016SEA,November 7,BUF,30.0,425.0,263.0,162.0,1.0,SEA,19.0,278.0,245.0,33.0,0.0
11202016CIN,November 20,BUF,20.0,342.0,159.0,183.0,1.0,CIN,23.0,300.0,207.0,93.0,2.0
11272016BUF,November 27,BUF,15.0,304.0,151.0,153.0,0.0,JAX,20.0,301.0,118.0,183.0,0.0
1242016RAI,December 4,BUF,24.0,382.0,170.0,212.0,2.0,RAI,24.0,399.0,260.0,139.0,0.0
12112016BUF,December 11,BUF,14.0,275.0,208.0,67.0,1.0,PIT,24.0,460.0,220.0,240.0,3.0
12182016BUF,December 18,BUF,29.0,451.0,171.0,280.0,0.0,CLE,16.0,269.0,162.0,107.0,0.0
12242016BUF,December 24,BUF,30.0,589.0,317.0,272.0,0.0,MIA,22.0,494.0,233.0,261.0,1.0
112017NYJ,January 1,BUF,14.0,230.0,162.0,68.0,3.0,NYJ,18.0,329.0,202.0,127.0,0.0
9102017BUF,September 10,BUF,23.0,408.0,218.0,190.0,1.0,NYJ,11.0,214.0,176.0,38.0,2.0
9172017CAR,September 17,BUF,10.0,176.0,107.0,69.0,0.0,CAR,19.0,255.0,178.0,77.0,0.0
9242017BUF,September 24,BUF,16.0,272.0,197.0,75.0,0.0,DEN,21.0,366.0,255.0,111.0,2.0
1012017ATL,October 1,BUF,15.0,281.0,164.0,117.0,0.0,ATL,25.0,389.0,242.0,147.0,3.0
1082017CIN,October 8,BUF,17.0,221.0,139.0,82.0,1.0,CIN,18.0,388.0,323.0,65.0,3.0
10222017BUF,October 22,BUF,23.0,434.0,261.0,173.0,1.0,TAM,27.0,447.0,378.0,69.0,3.0
10292017BUF,October 29,BUF,17.0,331.0,165.0,166.0,0.0,RAI,23.0,367.0,313.0,54.0,4.0
1122017NYJ,November 2,BUF,21.0,307.0,244.0,63.0,3.0,NYJ,21.0,331.0,137.0,194.0,0.0
11122017BUF,November 12,BUF,10.0,198.0,129.0,69.0,1.0,NOR,32.0,482.0,184.0,298.0,1.0
11192017SDG,November 19,BUF,18.0,393.0,220.0,173.0,6.0,SDG,28.0,429.0,283.0,146.0,0.0
11262017KAN,November 26,BUF,17.0,268.0,164.0,104.0,0.0,KAN,14.0,236.0,181.0,55.0,1.0
1232017BUF,December 3,BUF,16.0,268.0,85.0,183.0,1.0,NWE,23.0,435.0,244.0,191.0,1.0
12102017BUF,December 10,BUF,14.0,319.0,92.0,227.0,2.0,CLT,16.0,227.0,64.0,163.0,0.0
12172017BUF,December 17,BUF,21.0,328.0,212.0,116.0,0.0,MIA,21.0,349.0,249.0,100.0,3.0
12242017NWE,December 24,BUF,17.0,326.0,242.0,84.0,0.0,NWE,28.0,411.0,218.0,193.0,1.0
12312017MIA,December 31,BUF,23.0,312.0,186.0,126.0,0.0,MIA,21.0,356.0,263.0,93.0,1.0
172018JAX,January 7,BUF,20.0,263.0,133.0,130.0,2.0,JAX,15.0,230.0,75.0,155.0,0.0
992018RAV,September 9,BUF,10.0,153.0,70.0,83.0,2.0,RAV,26.0,369.0,252.0,117.0,1.0
9162018BUF,September 16,BUF,17.0,293.0,209.0,84.0,2.0,SDG,21.0,349.0,240.0,109.0,0.0
9232018MIN,September 23,BUF,16.0,292.0,164.0,128.0,0.0,MIN,21.0,292.0,278.0,14.0,3.0
9302018GNB,September 30,BUF,11.0,145.0,87.0,58.0,3.0,GNB,22.0,423.0,282.0,141.0,2.0
1072018BUF,October 7,BUF,18.0,223.0,79.0,144.0,1.0,OTI,15.0,221.0,121.0,100.0,3.0
10142018HTX,October 14,BUF,12.0,229.0,129.0,100.0,3.0,HTX,15.0,216.0,142.0,74.0,3.0
10212018CLT,October 21,BUF,15.0,303.0,168.0,135.0,5.0,CLT,22.0,376.0,156.0,220.0,0.0
10292018BUF,October 29,BUF,16.0,333.0,287.0,46.0,2.0,NWE,22.0,387.0,311.0,76.0,0.0
1142018BUF,November 4,BUF,22.0,264.0,166.0,98.0,4.0,CHI,11.0,190.0,126.0,64.0,1.0
11112018NYJ,November 11,BUF,23.0,451.0,239.0,212.0,0.0,NYJ,12.0,199.0,116.0,83.0,2.0
11252018BUF,November 25,BUF,18.0,327.0,160.0,167.0,0.0,JAX,25.0,333.0,107.0,226.0,2.0
1222018MIA,December 2,BUF,24.0,415.0,217.0,198.0,3.0,MIA,15.0,175.0,115.0,60.0,1.0
1292018BUF,December 9,BUF,24.0,368.0,192.0,176.0,3.0,NYJ,15.0,248.0,170.0,78.0,2.0
12162018BUF,December 16,BUF,20.0,312.0,195.0,117.0,0.0,DET,14.0,313.0,208.0,105.0,0.0
12232018NWE,December 23,BUF,14.0,289.0,217.0,72.0,3.0,NWE,20.0,390.0,117.0,273.0,3.0
12302018BUF,December 30,BUF,23.0,381.0,215.0,166.0,1.0,MIA,17.0,225.0,126.0,99.0,4.0
982019NYJ,September 8,BUF,23.0,370.0,242.0,128.0,4.0,NYJ,17.0,223.0,155.0,68.0,1.0
9152019NYG,September 15,BUF,24.0,388.0,237.0,151.0,0.0,NYG,21.0,370.0,241.0,129.0,2.0
9222019BUF,September 22,BUF,25.0,416.0,241.0,175.0,2.0,CIN,17.0,306.0,240.0,66.0,4.0
9292019BUF,September 29,BUF,23.0,375.0,240.0,135.0,4.0,NWE,11.0,224.0,150.0,74.0,1.0
1062019OTI,October 6,BUF,18.0,313.0,204.0,109.0,1.0,OTI,14.0,252.0,150.0,102.0,0.0
10202019BUF,October 20,BUF,17.0,305.0,188.0,117.0,0.0,MIA,24.0,381.0,272.0,109.0,2.0
10272019BUF,October 27,BUF,16.0,253.0,155.0,98.0,1.0,PHI,21.0,371.0,153.0,218.0,1.0
1132019BUF,November 3,BUF,18.0,268.0,146.0,122.0,0.0,WAS,12.0,243.0,116.0,127.0,0.0
11102019CLE,November 10,BUF,20.0,344.0,260.0,84.0,0.0,CLE,24.0,368.0,221.0,147.0,0.0
11172019MIA,November 17,BUF,22.0,424.0,256.0,168.0,0.0,MIA,19.0,303.0,280.0,23.0,1.0
11242019BUF,November 24,BUF,22.0,424.0,180.0,244.0,1.0,DEN,9.0,134.0,49.0,85.0,1.0
11282019DAL,November 28,BUF,22.0,356.0,232.0,124.0,0.0,DAL,32.0,426.0,323.0,103.0,2.0
1282019BUF,December 8,BUF,16.0,209.0,105.0,104.0,1.0,RAV,18.0,257.0,139.0,118.0,1.0
12152019PIT,December 15,BUF,17.0,261.0,131.0,130.0,2.0,PIT,15.0,229.0,178.0,51.0,5.0
12212019NWE,December 21,BUF,14.0,268.0,176.0,92.0,0.0,NWE,23.0,414.0,271.0,143.0,1.0
12292019BUF,December 29,BUF,17.0,309.0,236.0,73.0,3.0,NYJ,18.0,271.0,185.0,86.0,1.0
142020HTX,January 4,BUF,24.0,425.0,253.0,172.0,1.0,HTX,19.0,360.0,219.0,141.0,1.0
9132020BUF,September 13,BUF,31.0,404.0,306.0,98.0,2.0,NYJ,15.0,254.0,202.0,52.0,2.0
9202020MIA,September 20,BUF,23.0,523.0,411.0,112.0,1.0,MIA,28.0,410.0,311.0,99.0,0.0
9272020BUF,September 27,BUF,23.0,375.0,274.0,101.0,2.0,RAM,28.0,478.0,311.0,167.0,2.0
1042020RAI,October 4,BUF,21.0,337.0,274.0,63.0,0.0,RAI,24.0,383.0,297.0,86.0,2.0
10132020OTI,October 13,BUF,23.0,370.0,275.0,95.0,3.0,OTI,25.0,334.0,195.0,139.0,0.0
10192020BUF,October 19,BUF,20.0,206.0,122.0,84.0,1.0,KAN,27.0,466.0,221.0,245.0,1.0
10252020NYJ,October 25,BUF,26.0,422.0,296.0,126.0,1.0,NYJ,17.0,191.0,91.0,100.0,2.0
1112020BUF,November 1,BUF,22.0,339.0,149.0,190.0,1.0,NWE,20.0,349.0,161.0,188.0,1.0
1182020BUF,November 8,BUF,27.0,420.0,386.0,34.0,0.0,SEA,22.0,419.0,362.0,57.0,4.0
11152020CRD,November 15,BUF,22.0,369.0,296.0,73.0,2.0,CRD,26.0,453.0,236.0,217.0,2.0
11292020BUF,November 29,BUF,23.0,332.0,160.0,172.0,3.0,SDG,24.0,367.0,291.0,76.0,1.0
1272020SFO,December 7,BUF,31.0,449.0,368.0,81.0,1.0,SFO,24.0,402.0,316.0,86.0,2.0
12132020BUF,December 13,BUF,21.0,334.0,230.0,104.0,2.0,PIT,14.0,224.0,177.0,47.0,2.0
12192020DEN,December 19,BUF,29.0,534.0,352.0,182.0,1.0,DEN,19.0,255.0,115.0,140.0,1.0
12282020NWE,December 28,BUF,31.0,474.0,344.0,130.0,0.0,NWE,11.0,201.0,56.0,145.0,0.0
132021BUF,January 3,BUF,24.0,455.0,377.0,78.0,2.0,MIA,27.0,454.0,384.0,70.0,4.0
192021BUF,January 9,BUF,22.0,397.0,301.0,96.0,0.0,CLT,27.0,472.0,309.0,163.0,0.0
1162021BUF,January 16,BUF,17.0,220.0,188.0,32.0,0.0,RAV,19.0,340.0,190.0,150.0,1.0
1242021KAN,January 24,BUF,24.0,363.0,234.0,129.0,1.0,KAN,29.0,439.0,325.0,114.0,1.0
